Initialized native services in: /home/adamoutler/.gradle/native
Initialized jansi services in: /home/adamoutler/.gradle/native
Received JVM installation metadata from '/usr/lib/jvm/java-21-openjdk-amd64': {JAVA_HOME=/usr/lib/jvm/java-21-openjdk-amd64, JAVA_VERSION=21.0.10, JAVA_VENDOR=Ubuntu, RUNTIME_NAME=OpenJDK Runtime Environment, RUNTIME_VERSION=21.0.10+7-Ubuntu-124.04, VM_NAME=OpenJDK 64-Bit Server VM, VM_VERSION=21.0.10+7-Ubuntu-124.04, VM_VENDOR=Ubuntu, OS_ARCH=amd64}
The client will now receive all logging from the daemon (pid: 3008087). The daemon log file: /home/adamoutler/.gradle/daemon/8.9/daemon-3008087.out.log
Starting 62nd build in daemon [uptime: 5 hrs 5 mins 51.043 secs, performance: 100%, GC rate: 0.00/s, heap usage: 15% of 2 GiB]
Using 20 worker leases.
Now considering [/home/adamoutler/git/ssh] as hierarchies to watch
Watching the file system is configured to be enabled if available
File system watching is active
Starting Build
Settings evaluated using settings file '/home/adamoutler/git/ssh/settings.gradle.kts'.
Projects loaded. Root project using build file '/home/adamoutler/git/ssh/build.gradle.kts'.
Included projects: [root project 'CoSSH', project ':app']

> Configure project :
Evaluating root project 'CoSSH' using build file '/home/adamoutler/git/ssh/build.gradle.kts'.
Transforming gradle-8.7.2.jar (com.android.tools.build:gradle:8.7.2) with InstrumentationAnalysisTransform
Transforming lint-model-31.7.2.jar (com.android.tools.lint:lint-model:31.7.2) with InstrumentationAnalysisTransform
Transforming builder-8.7.2.jar (com.android.tools.build:builder:8.7.2) with InstrumentationAnalysisTransform
Transforming manifest-merger-31.7.2.jar (com.android.tools.build:manifest-merger:31.7.2) with InstrumentationAnalysisTransform
Transforming sdk-common-31.7.2.jar (com.android.tools:sdk-common:31.7.2) with InstrumentationAnalysisTransform
Transforming gradle-api-8.7.2.jar (com.android.tools.build:gradle-api:8.7.2) with InstrumentationAnalysisTransform
Transforming builder-test-api-8.7.2.jar (com.android.tools.build:builder-test-api:8.7.2) with InstrumentationAnalysisTransform
Transforming ddmlib-31.7.2.jar (com.android.tools.ddms:ddmlib:31.7.2) with InstrumentationAnalysisTransform
Transforming aaptcompiler-8.7.2.jar (com.android.tools.build:aaptcompiler:8.7.2) with InstrumentationAnalysisTransform
Transforming bundletool-1.17.1.jar (com.android.tools.build:bundletool:1.17.1) with InstrumentationAnalysisTransform
Transforming aapt2-proto-8.7.2-12006047.jar (com.android.tools.build:aapt2-proto:8.7.2-12006047) with InstrumentationAnalysisTransform
Transforming android-device-provider-ddmlib-proto-31.7.2.jar (com.android.tools.utp:android-device-provider-ddmlib-proto:31.7.2) with InstrumentationAnalysisTransform
Transforming android-device-provider-gradle-proto-31.7.2.jar (com.android.tools.utp:android-device-provider-gradle-proto:31.7.2) with InstrumentationAnalysisTransform
Transforming android-device-provider-profile-proto-31.7.2.jar (com.android.tools.utp:android-device-provider-profile-proto:31.7.2) with InstrumentationAnalysisTransform
Transforming android-test-plugin-host-additional-test-output-proto-31.7.2.jar (com.android.tools.utp:android-test-plugin-host-additional-test-output-proto:31.7.2) with InstrumentationAnalysisTransform
Transforming android-test-plugin-host-coverage-proto-31.7.2.jar (com.android.tools.utp:android-test-plugin-host-coverage-proto:31.7.2) with InstrumentationAnalysisTransform
Transforming android-test-plugin-host-emulator-control-proto-31.7.2.jar (com.android.tools.utp:android-test-plugin-host-emulator-control-proto:31.7.2) with InstrumentationAnalysisTransform
Transforming android-test-plugin-host-logcat-proto-31.7.2.jar (com.android.tools.utp:android-test-plugin-host-logcat-proto:31.7.2) with InstrumentationAnalysisTransform
Transforming android-test-plugin-host-apk-installer-proto-31.7.2.jar (com.android.tools.utp:android-test-plugin-host-apk-installer-proto:31.7.2) with InstrumentationAnalysisTransform
Transforming android-test-plugin-host-retention-proto-31.7.2.jar (com.android.tools.utp:android-test-plugin-host-retention-proto:31.7.2) with InstrumentationAnalysisTransform
Transforming android-test-plugin-result-listener-gradle-proto-31.7.2.jar (com.android.tools.utp:android-test-plugin-result-listener-gradle-proto:31.7.2) with InstrumentationAnalysisTransform
Transforming protobuf-java-util-3.22.3.jar (com.google.protobuf:protobuf-java-util:3.22.3) with InstrumentationAnalysisTransform
Transforming grpc-protobuf-1.57.0.jar (io.grpc:grpc-protobuf:1.57.0) with InstrumentationAnalysisTransform
Transforming tink-1.7.0.jar (com.google.crypto.tink:tink:1.7.0) with InstrumentationAnalysisTransform
Transforming sdklib-31.7.2.jar (com.android.tools:sdklib:31.7.2) with InstrumentationAnalysisTransform
Transforming repository-31.7.2.jar (com.android.tools:repository:31.7.2) with InstrumentationAnalysisTransform
Transforming tracker-31.7.2.jar (com.android.tools.analytics-library:tracker:31.7.2) with InstrumentationAnalysisTransform
Transforming shared-31.7.2.jar (com.android.tools.analytics-library:shared:31.7.2) with InstrumentationAnalysisTransform
Transforming protos-31.7.2.jar (com.android.tools.analytics-library:protos:31.7.2) with InstrumentationAnalysisTransform
Transforming proto-google-common-protos-2.17.0.jar (com.google.api.grpc:proto-google-common-protos:2.17.0) with InstrumentationAnalysisTransform
Transforming protobuf-java-3.25.5.jar (com.google.protobuf:protobuf-java:3.25.5) with InstrumentationAnalysisTransform
Transforming crash-31.7.2.jar (com.android.tools.analytics-library:crash:31.7.2) with InstrumentationAnalysisTransform
Transforming lint-typedef-remover-31.7.2.jar (com.android.tools.lint:lint-typedef-remover:31.7.2) with InstrumentationAnalysisTransform
Transforming databinding-compiler-common-8.7.2.jar (androidx.databinding:databinding-compiler-common:8.7.2) with InstrumentationAnalysisTransform
Transforming grpc-netty-1.57.0.jar (io.grpc:grpc-netty:1.57.0) with InstrumentationAnalysisTransform
Transforming grpc-core-1.57.0.jar (io.grpc:grpc-core:1.57.0) with InstrumentationAnalysisTransform
Transforming grpc-stub-1.57.0.jar (io.grpc:grpc-stub:1.57.0) with InstrumentationAnalysisTransform
Transforming layoutlib-api-31.7.2.jar (com.android.tools.layoutlib:layoutlib-api:31.7.2) with InstrumentationAnalysisTransform
Transforming dvlib-31.7.2.jar (com.android.tools:dvlib:31.7.2) with InstrumentationAnalysisTransform
Transforming common-31.7.2.jar (com.android.tools:common:31.7.2) with InstrumentationAnalysisTransform
Transforming jimfs-1.1.jar (com.google.jimfs:jimfs:1.1) with InstrumentationAnalysisTransform
Transforming grpc-context-1.57.0.jar (io.grpc:grpc-context:1.57.0) with InstrumentationAnalysisTransform
Transforming grpc-protobuf-lite-1.57.0.jar (io.grpc:grpc-protobuf-lite:1.57.0) with InstrumentationAnalysisTransform
Transforming grpc-api-1.57.0.jar (io.grpc:grpc-api:1.57.0) with InstrumentationAnalysisTransform
Transforming apkzlib-8.7.2.jar (com.android.tools.build:apkzlib:8.7.2) with InstrumentationAnalysisTransform
Transforming guava-33.3.1-jre.jar (com.google.guava:guava:33.3.1-jre) with InstrumentationAnalysisTransform
Transforming commons-compress-1.26.1.jar (org.apache.commons:commons-compress:1.26.1) with InstrumentationAnalysisTransform
Transforming commons-io-2.15.1.jar (commons-io:commons-io:2.15.1) with InstrumentationAnalysisTransform
Transforming jetifier-processor-1.0.0-beta10.jar (com.android.tools.build.jetifier:jetifier-processor:1.0.0-beta10) with InstrumentationAnalysisTransform
Transforming jdom2-2.0.6.1.jar (org.jdom:jdom2:2.0.6.1) with InstrumentationAnalysisTransform
Transforming jose4j-0.9.6.jar (org.bitbucket.b_c:jose4j:0.9.6) with InstrumentationAnalysisTransform
Transforming bcpkix-jdk18on-1.84.jar (org.bouncycastle:bcpkix-jdk18on:1.84) with InstrumentationAnalysisTransform
Transforming bcutil-jdk18on-1.84.jar (org.bouncycastle:bcutil-jdk18on:1.84) with InstrumentationAnalysisTransform
Transforming bcprov-jdk18on-1.84.jar (org.bouncycastle:bcprov-jdk18on:1.84) with InstrumentationAnalysisTransform
Transforming httpmime-4.5.6.jar (org.apache.httpcomponents:httpmime:4.5.6) with InstrumentationAnalysisTransform
Transforming httpclient-4.5.14.jar (org.apache.httpcomponents:httpclient:4.5.14) with InstrumentationAnalysisTransform
Transforming gradle-settings-api-8.7.2.jar (com.android.tools.build:gradle-settings-api:8.7.2) with InstrumentationAnalysisTransform
Transforming builder-model-8.7.2.jar (com.android.tools.build:builder-model:8.7.2) with InstrumentationAnalysisTransform
Transforming spotless-plugin-gradle-8.4.0.jar (com.diffplug.spotless:spotless-plugin-gradle:8.4.0) with InstrumentationAnalysisTransform
Transforming spotless-lib-extra-4.5.0.jar (com.diffplug.spotless:spotless-lib-extra:4.5.0) with InstrumentationAnalysisTransform
Transforming solstice-1.8.1.jar (dev.equo.ide:solstice:1.8.1) with InstrumentationAnalysisTransform
Transforming okhttp-4.12.0.jar (com.squareup.okhttp3:okhttp:4.12.0) with InstrumentationAnalysisTransform
Transforming okio-jvm-3.6.0.jar (com.squareup.okio:okio-jvm:3.6.0) with InstrumentationAnalysisTransform
Transforming kotlin-stdlib-jdk8-1.9.20.jar (org.jetbrains.kotlin:kotlin-stdlib-jdk8:1.9.20) with InstrumentationAnalysisTransform
Transforming jetifier-core-1.0.0-beta10.jar (com.android.tools.build.jetifier:jetifier-core:1.0.0-beta10) with InstrumentationAnalysisTransform
Transforming kotlin-reflect-1.9.23.jar (org.jetbrains.kotlin:kotlin-reflect:1.9.23) with InstrumentationAnalysisTransform
Transforming kotlin-stdlib-jdk7-1.9.20.jar (org.jetbrains.kotlin:kotlin-stdlib-jdk7:1.9.20) with InstrumentationAnalysisTransform
Transforming kotlin-stdlib-1.9.23.jar (org.jetbrains.kotlin:kotlin-stdlib:1.9.23) with InstrumentationAnalysisTransform
Transforming annotations-13.0.jar (org.jetbrains:annotations:13.0) with InstrumentationAnalysisTransform
Transforming failureaccess-1.0.2.jar (com.google.guava:failureaccess:1.0.2) with InstrumentationAnalysisTransform
Transforming listenablefuture-9999.0-empty-to-avoid-conflict-with-guava.jar (com.google.guava:listenablefuture:9999.0-empty-to-avoid-conflict-with-guava) with InstrumentationAnalysisTransform
Transforming jsr305-3.0.2.jar (com.google.code.findbugs:jsr305:3.0.2) with InstrumentationAnalysisTransform
Transforming tensorflow-lite-metadata-0.1.0-rc2.jar (org.tensorflow:tensorflow-lite-metadata:0.1.0-rc2) with InstrumentationAnalysisTransform
Transforming checker-qual-3.43.0.jar (org.checkerframework:checker-qual:3.43.0) with InstrumentationAnalysisTransform
Transforming error_prone_annotations-2.28.0.jar (com.google.errorprone:error_prone_annotations:2.28.0) with InstrumentationAnalysisTransform
Transforming j2objc-annotations-3.0.0.jar (com.google.j2objc:j2objc-annotations:3.0.0) with InstrumentationAnalysisTransform
Transforming org.eclipse.jgit-7.5.0.202512021534-r.jar (org.eclipse.jgit:org.eclipse.jgit:7.5.0.202512021534-r) with InstrumentationAnalysisTransform
Transforming slf4j-api-2.0.17.jar (org.slf4j:slf4j-api:2.0.17) with InstrumentationAnalysisTransform
Transforming commons-codec-1.20.0.jar (commons-codec:commons-codec:1.20.0) with InstrumentationAnalysisTransform
Transforming commons-lang3-3.14.0.jar (org.apache.commons:commons-lang3:3.14.0) with InstrumentationAnalysisTransform
Transforming httpcore-4.4.16.jar (org.apache.httpcomponents:httpcore:4.4.16) with InstrumentationAnalysisTransform
Transforming commons-logging-1.2.jar (commons-logging:commons-logging:1.2) with InstrumentationAnalysisTransform
Transforming kotlin-gradle-plugin-model-1.9.23.jar (org.jetbrains.kotlin:kotlin-gradle-plugin-model:1.9.23) with InstrumentationAnalysisTransform
Transforming kotlin-gradle-plugin-api-1.9.23.jar (org.jetbrains.kotlin:kotlin-gradle-plugin-api:1.9.23) with InstrumentationAnalysisTransform
Transforming kotlin-gradle-plugin-1.9.23-gradle82.jar (org.jetbrains.kotlin:kotlin-gradle-plugin:1.9.23) with InstrumentationAnalysisTransform
Transforming databinding-common-8.7.2.jar (androidx.databinding:databinding-common:8.7.2) with InstrumentationAnalysisTransform
Transforming baseLibrary-8.7.2.jar (com.android.databinding:baseLibrary:8.7.2) with InstrumentationAnalysisTransform
Transforming transform-api-2.0.0-deprecated-use-gradle-api.jar (com.android.tools.build:transform-api:2.0.0-deprecated-use-gradle-api) with InstrumentationAnalysisTransform
Transforming asm-commons-9.6.jar (org.ow2.asm:asm-commons:9.6) with InstrumentationAnalysisTransform
Transforming asm-util-9.6.jar (org.ow2.asm:asm-util:9.6) with InstrumentationAnalysisTransform
Transforming asm-analysis-9.6.jar (org.ow2.asm:asm-analysis:9.6) with InstrumentationAnalysisTransform
Transforming asm-tree-9.6.jar (org.ow2.asm:asm-tree:9.6) with InstrumentationAnalysisTransform
Transforming asm-9.6.jar (org.ow2.asm:asm:9.6) with InstrumentationAnalysisTransform
Transforming jaxb-runtime-2.3.2.jar (org.glassfish.jaxb:jaxb-runtime:2.3.2) with InstrumentationAnalysisTransform
Transforming jopt-simple-4.9.jar (net.sf.jopt-simple:jopt-simple:4.9) with InstrumentationAnalysisTransform
Transforming javapoet-1.10.0.jar (com.squareup:javapoet:1.10.0) with InstrumentationAnalysisTransform
Transforming gson-2.10.1.jar (com.google.code.gson:gson:2.10.1) with InstrumentationAnalysisTransform
Transforming core-proto-0.0.9-alpha02.jar (com.google.testing.platform:core-proto:0.0.9-alpha02) with InstrumentationAnalysisTransform
Transforming flatbuffers-java-1.12.0.jar (com.google.flatbuffers:flatbuffers-java:1.12.0) with InstrumentationAnalysisTransform
Transforming kotlin-gradle-plugin-idea-proto-1.9.23.jar (org.jetbrains.kotlin:kotlin-gradle-plugin-idea-proto:1.9.23) with InstrumentationAnalysisTransform
Transforming kotlin-gradle-plugin-idea-1.9.23.jar (org.jetbrains.kotlin:kotlin-gradle-plugin-idea:1.9.23) with InstrumentationAnalysisTransform
Transforming kotlin-klib-commonizer-api-1.9.23.jar (org.jetbrains.kotlin:kotlin-klib-commonizer-api:1.9.23) with InstrumentationAnalysisTransform
Transforming kotlin-native-utils-1.9.23.jar (org.jetbrains.kotlin:kotlin-native-utils:1.9.23) with InstrumentationAnalysisTransform
Transforming kotlin-util-klib-1.9.23.jar (org.jetbrains.kotlin:kotlin-util-klib:1.9.23) with InstrumentationAnalysisTransform
Transforming kotlin-build-tools-api-1.9.23.jar (org.jetbrains.kotlin:kotlin-build-tools-api:1.9.23) with InstrumentationAnalysisTransform
Transforming kotlin-android-extensions-1.9.23.jar (org.jetbrains.kotlin:kotlin-android-extensions:1.9.23) with InstrumentationAnalysisTransform
Transforming kotlin-compiler-runner-1.9.23.jar (org.jetbrains.kotlin:kotlin-compiler-runner:1.9.23) with InstrumentationAnalysisTransform
Transforming kotlin-compiler-embeddable-1.9.23.jar (org.jetbrains.kotlin:kotlin-compiler-embeddable:1.9.23) with InstrumentationAnalysisTransform
Transforming kotlin-scripting-compiler-embeddable-1.9.23.jar (org.jetbrains.kotlin:kotlin-scripting-compiler-embeddable:1.9.23) with InstrumentationAnalysisTransform
Transforming kotlin-scripting-compiler-impl-embeddable-1.9.23.jar (org.jetbrains.kotlin:kotlin-scripting-compiler-impl-embeddable:1.9.23) with InstrumentationAnalysisTransform
Transforming durian-io-1.2.0.jar (com.diffplug.durian:durian-io:1.2.0) with InstrumentationAnalysisTransform
Transforming durian-collect-1.2.0.jar (com.diffplug.durian:durian-collect:1.2.0) with InstrumentationAnalysisTransform
Transforming durian-core-1.2.0.jar (com.diffplug.durian:durian-core:1.2.0) with InstrumentationAnalysisTransform
Transforming spotless-lib-4.5.0.jar (com.diffplug.spotless:spotless-lib:4.5.0) with InstrumentationAnalysisTransform
Transforming dagger-2.28.3.jar (com.google.dagger:dagger:2.28.3) with InstrumentationAnalysisTransform
Transforming javax.inject-1.jar (javax.inject:javax.inject:1) with InstrumentationAnalysisTransform
Transforming kxml2-2.3.0.jar (net.sf.kxml:kxml2:2.3.0) with InstrumentationAnalysisTransform
Transforming trove4j-1.0.20200330.jar (org.jetbrains.intellij.deps:trove4j:1.0.20200330) with InstrumentationAnalysisTransform
Transforming javax.activation-1.2.0.jar (com.sun.activation:javax.activation:1.2.0) with InstrumentationAnalysisTransform
Transforming signflinger-8.7.2.jar (com.android:signflinger:8.7.2) with InstrumentationAnalysisTransform
Transforming zipflinger-8.7.2.jar (com.android:zipflinger:8.7.2) with InstrumentationAnalysisTransform
Transforming annotations-31.7.2.jar (com.android.tools:annotations:31.7.2) with InstrumentationAnalysisTransform
Transforming jna-platform-5.6.0.jar (net.java.dev.jna:jna-platform:5.6.0) with InstrumentationAnalysisTransform
Transforming juniversalchardet-1.0.3.jar (com.googlecode.juniversalchardet:juniversalchardet:1.0.3) with InstrumentationAnalysisTransform
Transforming javax.annotation-api-1.3.2.jar (javax.annotation:javax.annotation-api:1.3.2) with InstrumentationAnalysisTransform
Transforming stax-ex-1.8.1.jar (org.jvnet.staxex:stax-ex:1.8.1) with InstrumentationAnalysisTransform
Transforming jakarta.xml.bind-api-2.3.2.jar (jakarta.xml.bind:jakarta.xml.bind-api:2.3.2) with InstrumentationAnalysisTransform
Transforming txw2-2.3.2.jar (org.glassfish.jaxb:txw2:2.3.2) with InstrumentationAnalysisTransform
Transforming istack-commons-runtime-3.0.8.jar (com.sun.istack:istack-commons-runtime:3.0.8) with InstrumentationAnalysisTransform
Transforming FastInfoset-1.2.16.jar (com.sun.xml.fastinfoset:FastInfoset:1.2.16) with InstrumentationAnalysisTransform
Transforming jakarta.activation-api-1.2.1.jar (jakarta.activation:jakarta.activation-api:1.2.1) with InstrumentationAnalysisTransform
Transforming auto-value-annotations-1.6.2.jar (com.google.auto.value:auto-value-annotations:1.6.2) with InstrumentationAnalysisTransform
Transforming annotations-4.1.1.4.jar (com.google.android:annotations:4.1.1.4) with InstrumentationAnalysisTransform
Transforming animal-sniffer-annotations-1.23.jar (org.codehaus.mojo:animal-sniffer-annotations:1.23) with InstrumentationAnalysisTransform
Transforming perfmark-api-0.26.0.jar (io.perfmark:perfmark-api:0.26.0) with InstrumentationAnalysisTransform
Transforming netty-codec-http2-4.1.93.Final.jar (io.netty:netty-codec-http2:4.1.93.Final) with InstrumentationAnalysisTransform
Transforming netty-handler-proxy-4.1.93.Final.jar (io.netty:netty-handler-proxy:4.1.93.Final) with InstrumentationAnalysisTransform
Transforming netty-codec-http-4.1.93.Final.jar (io.netty:netty-codec-http:4.1.93.Final) with InstrumentationAnalysisTransform
Transforming netty-handler-4.1.93.Final.jar (io.netty:netty-handler:4.1.93.Final) with InstrumentationAnalysisTransform
Transforming netty-transport-native-unix-common-4.1.93.Final.jar (io.netty:netty-transport-native-unix-common:4.1.93.Final) with InstrumentationAnalysisTransform
Transforming apksig-8.7.2.jar (com.android.tools.build:apksig:8.7.2) with InstrumentationAnalysisTransform
Transforming javawriter-2.5.0.jar (com.squareup:javawriter:2.5.0) with InstrumentationAnalysisTransform
Transforming kotlin-gradle-plugin-annotations-1.9.23.jar (org.jetbrains.kotlin:kotlin-gradle-plugin-annotations:1.9.23) with InstrumentationAnalysisTransform
Transforming kotlin-project-model-1.9.23.jar (org.jetbrains.kotlin:kotlin-project-model:1.9.23) with InstrumentationAnalysisTransform
Transforming kotlin-tooling-core-1.9.23.jar (org.jetbrains.kotlin:kotlin-tooling-core:1.9.23) with InstrumentationAnalysisTransform
Transforming kotlin-util-io-1.9.23.jar (org.jetbrains.kotlin:kotlin-util-io:1.9.23) with InstrumentationAnalysisTransform
Transforming kotlin-daemon-embeddable-1.9.23.jar (org.jetbrains.kotlin:kotlin-daemon-embeddable:1.9.23) with InstrumentationAnalysisTransform
Transforming kotlin-daemon-client-1.9.23.jar (org.jetbrains.kotlin:kotlin-daemon-client:1.9.23) with InstrumentationAnalysisTransform
Transforming kotlinx-coroutines-core-jvm-1.5.0.jar (org.jetbrains.kotlinx:kotlinx-coroutines-core-jvm:1.5.0) with InstrumentationAnalysisTransform
Transforming kotlin-scripting-jvm-1.9.23.jar (org.jetbrains.kotlin:kotlin-scripting-jvm:1.9.23) with InstrumentationAnalysisTransform
Transforming kotlin-scripting-common-1.9.23.jar (org.jetbrains.kotlin:kotlin-scripting-common:1.9.23) with InstrumentationAnalysisTransform
Transforming JavaEWAH-1.2.3.jar (com.googlecode.javaewah:JavaEWAH:1.2.3) with InstrumentationAnalysisTransform
Transforming concurrent-trees-2.6.1.jar (com.googlecode.concurrent-trees:concurrent-trees:2.6.1) with InstrumentationAnalysisTransform
Transforming org.eclipse.osgi-3.24.100.jar (org.eclipse.platform:org.eclipse.osgi:3.24.100) with InstrumentationAnalysisTransform
Transforming jna-5.6.0.jar (net.java.dev.jna:jna:5.6.0) with InstrumentationAnalysisTransform
Transforming netty-codec-socks-4.1.93.Final.jar (io.netty:netty-codec-socks:4.1.93.Final) with InstrumentationAnalysisTransform
Transforming netty-codec-4.1.93.Final.jar (io.netty:netty-codec:4.1.93.Final) with InstrumentationAnalysisTransform
Transforming netty-transport-4.1.93.Final.jar (io.netty:netty-transport:4.1.93.Final) with InstrumentationAnalysisTransform
Transforming netty-buffer-4.1.93.Final.jar (io.netty:netty-buffer:4.1.93.Final) with InstrumentationAnalysisTransform
Transforming netty-resolver-4.1.93.Final.jar (io.netty:netty-resolver:4.1.93.Final) with InstrumentationAnalysisTransform
Transforming netty-common-4.1.93.Final.jar (io.netty:netty-common:4.1.93.Final) with InstrumentationAnalysisTransform
Transforming xz-1.9.jar (org.tukaani:xz:1.9) with InstrumentationAnalysisTransform
Transforming durian-swt.os-4.3.0.jar (com.diffplug.durian:durian-swt.os:4.3.0) with InstrumentationAnalysisTransform
Transforming gradle-8.7.2.jar (com.android.tools.build:gradle:8.7.2) with InstrumentationAnalysisTransform
Transforming gradle-8.7.2.jar (com.android.tools.build:gradle:8.7.2) with MergeInstrumentationAnalysisTransform
Transforming lint-model-31.7.2.jar (com.android.tools.lint:lint-model:31.7.2) with InstrumentationAnalysisTransform
Transforming lint-model-31.7.2.jar (com.android.tools.lint:lint-model:31.7.2) with MergeInstrumentationAnalysisTransform
Transforming gradle-8.7.2.jar (com.android.tools.build:gradle:8.7.2) with ExternalDependencyInstrumentingArtifactTransform
Transforming builder-8.7.2.jar (com.android.tools.build:builder:8.7.2) with InstrumentationAnalysisTransform
Transforming lint-model-31.7.2.jar (com.android.tools.lint:lint-model:31.7.2) with ExternalDependencyInstrumentingArtifactTransform
Transforming builder-8.7.2.jar (com.android.tools.build:builder:8.7.2) with MergeInstrumentationAnalysisTransform
Transforming manifest-merger-31.7.2.jar (com.android.tools.build:manifest-merger:31.7.2) with InstrumentationAnalysisTransform
Transforming manifest-merger-31.7.2.jar (com.android.tools.build:manifest-merger:31.7.2) with MergeInstrumentationAnalysisTransform
Transforming builder-8.7.2.jar (com.android.tools.build:builder:8.7.2) with ExternalDependencyInstrumentingArtifactTransform
Transforming sdk-common-31.7.2.jar (com.android.tools:sdk-common:31.7.2) with InstrumentationAnalysisTransform
Transforming sdk-common-31.7.2.jar (com.android.tools:sdk-common:31.7.2) with MergeInstrumentationAnalysisTransform
Transforming manifest-merger-31.7.2.jar (com.android.tools.build:manifest-merger:31.7.2) with ExternalDependencyInstrumentingArtifactTransform
Transforming gradle-api-8.7.2.jar (com.android.tools.build:gradle-api:8.7.2) with InstrumentationAnalysisTransform
Transforming gradle-api-8.7.2.jar (com.android.tools.build:gradle-api:8.7.2) with MergeInstrumentationAnalysisTransform
Transforming sdk-common-31.7.2.jar (com.android.tools:sdk-common:31.7.2) with ExternalDependencyInstrumentingArtifactTransform
Transforming builder-test-api-8.7.2.jar (com.android.tools.build:builder-test-api:8.7.2) with InstrumentationAnalysisTransform
Transforming builder-test-api-8.7.2.jar (com.android.tools.build:builder-test-api:8.7.2) with MergeInstrumentationAnalysisTransform
Transforming gradle-api-8.7.2.jar (com.android.tools.build:gradle-api:8.7.2) with ExternalDependencyInstrumentingArtifactTransform
Transforming ddmlib-31.7.2.jar (com.android.tools.ddms:ddmlib:31.7.2) with InstrumentationAnalysisTransform
Transforming ddmlib-31.7.2.jar (com.android.tools.ddms:ddmlib:31.7.2) with MergeInstrumentationAnalysisTransform
Transforming builder-test-api-8.7.2.jar (com.android.tools.build:builder-test-api:8.7.2) with ExternalDependencyInstrumentingArtifactTransform
Transforming aaptcompiler-8.7.2.jar (com.android.tools.build:aaptcompiler:8.7.2) with InstrumentationAnalysisTransform
Transforming aaptcompiler-8.7.2.jar (com.android.tools.build:aaptcompiler:8.7.2) with MergeInstrumentationAnalysisTransform
Transforming ddmlib-31.7.2.jar (com.android.tools.ddms:ddmlib:31.7.2) with ExternalDependencyInstrumentingArtifactTransform
Transforming bundletool-1.17.1.jar (com.android.tools.build:bundletool:1.17.1) with InstrumentationAnalysisTransform
Transforming aaptcompiler-8.7.2.jar (com.android.tools.build:aaptcompiler:8.7.2) with ExternalDependencyInstrumentingArtifactTransform
Transforming bundletool-1.17.1.jar (com.android.tools.build:bundletool:1.17.1) with MergeInstrumentationAnalysisTransform
Transforming aapt2-proto-8.7.2-12006047.jar (com.android.tools.build:aapt2-proto:8.7.2-12006047) with InstrumentationAnalysisTransform
Transforming aapt2-proto-8.7.2-12006047.jar (com.android.tools.build:aapt2-proto:8.7.2-12006047) with MergeInstrumentationAnalysisTransform
Transforming bundletool-1.17.1.jar (com.android.tools.build:bundletool:1.17.1) with ExternalDependencyInstrumentingArtifactTransform
Transforming android-device-provider-ddmlib-proto-31.7.2.jar (com.android.tools.utp:android-device-provider-ddmlib-proto:31.7.2) with InstrumentationAnalysisTransform
Transforming android-device-provider-ddmlib-proto-31.7.2.jar (com.android.tools.utp:android-device-provider-ddmlib-proto:31.7.2) with MergeInstrumentationAnalysisTransform
Transforming aapt2-proto-8.7.2-12006047.jar (com.android.tools.build:aapt2-proto:8.7.2-12006047) with ExternalDependencyInstrumentingArtifactTransform
Transforming android-device-provider-gradle-proto-31.7.2.jar (com.android.tools.utp:android-device-provider-gradle-proto:31.7.2) with InstrumentationAnalysisTransform
Transforming android-device-provider-gradle-proto-31.7.2.jar (com.android.tools.utp:android-device-provider-gradle-proto:31.7.2) with MergeInstrumentationAnalysisTransform
Transforming android-device-provider-ddmlib-proto-31.7.2.jar (com.android.tools.utp:android-device-provider-ddmlib-proto:31.7.2) with ExternalDependencyInstrumentingArtifactTransform
Transforming android-device-provider-profile-proto-31.7.2.jar (com.android.tools.utp:android-device-provider-profile-proto:31.7.2) with InstrumentationAnalysisTransform
Transforming android-device-provider-profile-proto-31.7.2.jar (com.android.tools.utp:android-device-provider-profile-proto:31.7.2) with MergeInstrumentationAnalysisTransform
Transforming android-device-provider-gradle-proto-31.7.2.jar (com.android.tools.utp:android-device-provider-gradle-proto:31.7.2) with ExternalDependencyInstrumentingArtifactTransform
Transforming android-test-plugin-host-additional-test-output-proto-31.7.2.jar (com.android.tools.utp:android-test-plugin-host-additional-test-output-proto:31.7.2) with InstrumentationAnalysisTransform
Transforming android-test-plugin-host-additional-test-output-proto-31.7.2.jar (com.android.tools.utp:android-test-plugin-host-additional-test-output-proto:31.7.2) with MergeInstrumentationAnalysisTransform
Transforming android-device-provider-profile-proto-31.7.2.jar (com.android.tools.utp:android-device-provider-profile-proto:31.7.2) with ExternalDependencyInstrumentingArtifactTransform
Transforming android-test-plugin-host-coverage-proto-31.7.2.jar (com.android.tools.utp:android-test-plugin-host-coverage-proto:31.7.2) with InstrumentationAnalysisTransform
Transforming android-test-plugin-host-coverage-proto-31.7.2.jar (com.android.tools.utp:android-test-plugin-host-coverage-proto:31.7.2) with MergeInstrumentationAnalysisTransform
Transforming android-test-plugin-host-additional-test-output-proto-31.7.2.jar (com.android.tools.utp:android-test-plugin-host-additional-test-output-proto:31.7.2) with ExternalDependencyInstrumentingArtifactTransform
Transforming android-test-plugin-host-emulator-control-proto-31.7.2.jar (com.android.tools.utp:android-test-plugin-host-emulator-control-proto:31.7.2) with InstrumentationAnalysisTransform
Transforming android-test-plugin-host-emulator-control-proto-31.7.2.jar (com.android.tools.utp:android-test-plugin-host-emulator-control-proto:31.7.2) with MergeInstrumentationAnalysisTransform
Transforming android-test-plugin-host-coverage-proto-31.7.2.jar (com.android.tools.utp:android-test-plugin-host-coverage-proto:31.7.2) with ExternalDependencyInstrumentingArtifactTransform
Transforming android-test-plugin-host-logcat-proto-31.7.2.jar (com.android.tools.utp:android-test-plugin-host-logcat-proto:31.7.2) with InstrumentationAnalysisTransform
Transforming android-test-plugin-host-logcat-proto-31.7.2.jar (com.android.tools.utp:android-test-plugin-host-logcat-proto:31.7.2) with MergeInstrumentationAnalysisTransform
Transforming android-test-plugin-host-emulator-control-proto-31.7.2.jar (com.android.tools.utp:android-test-plugin-host-emulator-control-proto:31.7.2) with ExternalDependencyInstrumentingArtifactTransform
Transforming android-test-plugin-host-apk-installer-proto-31.7.2.jar (com.android.tools.utp:android-test-plugin-host-apk-installer-proto:31.7.2) with InstrumentationAnalysisTransform
Transforming android-test-plugin-host-apk-installer-proto-31.7.2.jar (com.android.tools.utp:android-test-plugin-host-apk-installer-proto:31.7.2) with MergeInstrumentationAnalysisTransform
Transforming android-test-plugin-host-logcat-proto-31.7.2.jar (com.android.tools.utp:android-test-plugin-host-logcat-proto:31.7.2) with ExternalDependencyInstrumentingArtifactTransform
Transforming android-test-plugin-host-retention-proto-31.7.2.jar (com.android.tools.utp:android-test-plugin-host-retention-proto:31.7.2) with InstrumentationAnalysisTransform
Transforming android-test-plugin-host-retention-proto-31.7.2.jar (com.android.tools.utp:android-test-plugin-host-retention-proto:31.7.2) with MergeInstrumentationAnalysisTransform
Transforming android-test-plugin-host-apk-installer-proto-31.7.2.jar (com.android.tools.utp:android-test-plugin-host-apk-installer-proto:31.7.2) with ExternalDependencyInstrumentingArtifactTransform
Transforming android-test-plugin-result-listener-gradle-proto-31.7.2.jar (com.android.tools.utp:android-test-plugin-result-listener-gradle-proto:31.7.2) with InstrumentationAnalysisTransform
Transforming android-test-plugin-result-listener-gradle-proto-31.7.2.jar (com.android.tools.utp:android-test-plugin-result-listener-gradle-proto:31.7.2) with MergeInstrumentationAnalysisTransform
Transforming android-test-plugin-host-retention-proto-31.7.2.jar (com.android.tools.utp:android-test-plugin-host-retention-proto:31.7.2) with ExternalDependencyInstrumentingArtifactTransform
Transforming protobuf-java-util-3.22.3.jar (com.google.protobuf:protobuf-java-util:3.22.3) with InstrumentationAnalysisTransform
Transforming protobuf-java-util-3.22.3.jar (com.google.protobuf:protobuf-java-util:3.22.3) with MergeInstrumentationAnalysisTransform
Transforming grpc-protobuf-1.57.0.jar (io.grpc:grpc-protobuf:1.57.0) with InstrumentationAnalysisTransform
Transforming android-test-plugin-result-listener-gradle-proto-31.7.2.jar (com.android.tools.utp:android-test-plugin-result-listener-gradle-proto:31.7.2) with ExternalDependencyInstrumentingArtifactTransform
Transforming grpc-protobuf-1.57.0.jar (io.grpc:grpc-protobuf:1.57.0) with MergeInstrumentationAnalysisTransform
Transforming tink-1.7.0.jar (com.google.crypto.tink:tink:1.7.0) with InstrumentationAnalysisTransform
Transforming tink-1.7.0.jar (com.google.crypto.tink:tink:1.7.0) with MergeInstrumentationAnalysisTransform
Transforming sdklib-31.7.2.jar (com.android.tools:sdklib:31.7.2) with InstrumentationAnalysisTransform
Transforming sdklib-31.7.2.jar (com.android.tools:sdklib:31.7.2) with MergeInstrumentationAnalysisTransform
Transforming repository-31.7.2.jar (com.android.tools:repository:31.7.2) with InstrumentationAnalysisTransform
Transforming protobuf-java-util-3.22.3.jar (com.google.protobuf:protobuf-java-util:3.22.3) with ExternalDependencyInstrumentingArtifactTransform
Transforming repository-31.7.2.jar (com.android.tools:repository:31.7.2) with MergeInstrumentationAnalysisTransform
Transforming grpc-protobuf-1.57.0.jar (io.grpc:grpc-protobuf:1.57.0) with ExternalDependencyInstrumentingArtifactTransform
Transforming sdklib-31.7.2.jar (com.android.tools:sdklib:31.7.2) with ExternalDependencyInstrumentingArtifactTransform
Transforming tink-1.7.0.jar (com.google.crypto.tink:tink:1.7.0) with ExternalDependencyInstrumentingArtifactTransform
Transforming tracker-31.7.2.jar (com.android.tools.analytics-library:tracker:31.7.2) with InstrumentationAnalysisTransform
Transforming repository-31.7.2.jar (com.android.tools:repository:31.7.2) with ExternalDependencyInstrumentingArtifactTransform
Transforming tracker-31.7.2.jar (com.android.tools.analytics-library:tracker:31.7.2) with MergeInstrumentationAnalysisTransform
Transforming shared-31.7.2.jar (com.android.tools.analytics-library:shared:31.7.2) with InstrumentationAnalysisTransform
Transforming shared-31.7.2.jar (com.android.tools.analytics-library:shared:31.7.2) with MergeInstrumentationAnalysisTransform
Transforming protos-31.7.2.jar (com.android.tools.analytics-library:protos:31.7.2) with InstrumentationAnalysisTransform
Transforming tracker-31.7.2.jar (com.android.tools.analytics-library:tracker:31.7.2) with ExternalDependencyInstrumentingArtifactTransform
Transforming protos-31.7.2.jar (com.android.tools.analytics-library:protos:31.7.2) with MergeInstrumentationAnalysisTransform
Transforming shared-31.7.2.jar (com.android.tools.analytics-library:shared:31.7.2) with ExternalDependencyInstrumentingArtifactTransform
Transforming proto-google-common-protos-2.17.0.jar (com.google.api.grpc:proto-google-common-protos:2.17.0) with InstrumentationAnalysisTransform
Transforming proto-google-common-protos-2.17.0.jar (com.google.api.grpc:proto-google-common-protos:2.17.0) with MergeInstrumentationAnalysisTransform
Transforming protobuf-java-3.25.5.jar (com.google.protobuf:protobuf-java:3.25.5) with InstrumentationAnalysisTransform
Transforming protobuf-java-3.25.5.jar (com.google.protobuf:protobuf-java:3.25.5) with MergeInstrumentationAnalysisTransform
Transforming protos-31.7.2.jar (com.android.tools.analytics-library:protos:31.7.2) with ExternalDependencyInstrumentingArtifactTransform
Transforming crash-31.7.2.jar (com.android.tools.analytics-library:crash:31.7.2) with InstrumentationAnalysisTransform
Transforming protobuf-java-3.25.5.jar (com.google.protobuf:protobuf-java:3.25.5) with ExternalDependencyInstrumentingArtifactTransform
Transforming crash-31.7.2.jar (com.android.tools.analytics-library:crash:31.7.2) with MergeInstrumentationAnalysisTransform
Transforming lint-typedef-remover-31.7.2.jar (com.android.tools.lint:lint-typedef-remover:31.7.2) with InstrumentationAnalysisTransform
Transforming proto-google-common-protos-2.17.0.jar (com.google.api.grpc:proto-google-common-protos:2.17.0) with ExternalDependencyInstrumentingArtifactTransform
Transforming lint-typedef-remover-31.7.2.jar (com.android.tools.lint:lint-typedef-remover:31.7.2) with MergeInstrumentationAnalysisTransform
Transforming databinding-compiler-common-8.7.2.jar (androidx.databinding:databinding-compiler-common:8.7.2) with InstrumentationAnalysisTransform
Transforming crash-31.7.2.jar (com.android.tools.analytics-library:crash:31.7.2) with ExternalDependencyInstrumentingArtifactTransform
Transforming databinding-compiler-common-8.7.2.jar (androidx.databinding:databinding-compiler-common:8.7.2) with MergeInstrumentationAnalysisTransform
Transforming grpc-netty-1.57.0.jar (io.grpc:grpc-netty:1.57.0) with InstrumentationAnalysisTransform
Transforming lint-typedef-remover-31.7.2.jar (com.android.tools.lint:lint-typedef-remover:31.7.2) with ExternalDependencyInstrumentingArtifactTransform
Transforming grpc-netty-1.57.0.jar (io.grpc:grpc-netty:1.57.0) with MergeInstrumentationAnalysisTransform
Transforming grpc-core-1.57.0.jar (io.grpc:grpc-core:1.57.0) with InstrumentationAnalysisTransform
Transforming databinding-compiler-common-8.7.2.jar (androidx.databinding:databinding-compiler-common:8.7.2) with ExternalDependencyInstrumentingArtifactTransform
Transforming grpc-core-1.57.0.jar (io.grpc:grpc-core:1.57.0) with MergeInstrumentationAnalysisTransform
Transforming grpc-stub-1.57.0.jar (io.grpc:grpc-stub:1.57.0) with InstrumentationAnalysisTransform
Transforming grpc-netty-1.57.0.jar (io.grpc:grpc-netty:1.57.0) with ExternalDependencyInstrumentingArtifactTransform
Transforming grpc-stub-1.57.0.jar (io.grpc:grpc-stub:1.57.0) with MergeInstrumentationAnalysisTransform
Transforming layoutlib-api-31.7.2.jar (com.android.tools.layoutlib:layoutlib-api:31.7.2) with InstrumentationAnalysisTransform
Transforming layoutlib-api-31.7.2.jar (com.android.tools.layoutlib:layoutlib-api:31.7.2) with MergeInstrumentationAnalysisTransform
Transforming grpc-core-1.57.0.jar (io.grpc:grpc-core:1.57.0) with ExternalDependencyInstrumentingArtifactTransform
Transforming dvlib-31.7.2.jar (com.android.tools:dvlib:31.7.2) with InstrumentationAnalysisTransform
Transforming grpc-stub-1.57.0.jar (io.grpc:grpc-stub:1.57.0) with ExternalDependencyInstrumentingArtifactTransform
Transforming dvlib-31.7.2.jar (com.android.tools:dvlib:31.7.2) with MergeInstrumentationAnalysisTransform
Transforming layoutlib-api-31.7.2.jar (com.android.tools.layoutlib:layoutlib-api:31.7.2) with ExternalDependencyInstrumentingArtifactTransform
Transforming common-31.7.2.jar (com.android.tools:common:31.7.2) with InstrumentationAnalysisTransform
Transforming dvlib-31.7.2.jar (com.android.tools:dvlib:31.7.2) with ExternalDependencyInstrumentingArtifactTransform
Transforming common-31.7.2.jar (com.android.tools:common:31.7.2) with MergeInstrumentationAnalysisTransform
Transforming jimfs-1.1.jar (com.google.jimfs:jimfs:1.1) with InstrumentationAnalysisTransform
Transforming jimfs-1.1.jar (com.google.jimfs:jimfs:1.1) with MergeInstrumentationAnalysisTransform
Transforming grpc-context-1.57.0.jar (io.grpc:grpc-context:1.57.0) with InstrumentationAnalysisTransform
Transforming grpc-context-1.57.0.jar (io.grpc:grpc-context:1.57.0) with MergeInstrumentationAnalysisTransform
Transforming common-31.7.2.jar (com.android.tools:common:31.7.2) with ExternalDependencyInstrumentingArtifactTransform
Transforming grpc-protobuf-lite-1.57.0.jar (io.grpc:grpc-protobuf-lite:1.57.0) with InstrumentationAnalysisTransform
Transforming grpc-context-1.57.0.jar (io.grpc:grpc-context:1.57.0) with ExternalDependencyInstrumentingArtifactTransform
Transforming grpc-protobuf-lite-1.57.0.jar (io.grpc:grpc-protobuf-lite:1.57.0) with MergeInstrumentationAnalysisTransform
Transforming jimfs-1.1.jar (com.google.jimfs:jimfs:1.1) with ExternalDependencyInstrumentingArtifactTransform
Transforming grpc-api-1.57.0.jar (io.grpc:grpc-api:1.57.0) with InstrumentationAnalysisTransform
Transforming grpc-api-1.57.0.jar (io.grpc:grpc-api:1.57.0) with MergeInstrumentationAnalysisTransform
Transforming apkzlib-8.7.2.jar (com.android.tools.build:apkzlib:8.7.2) with InstrumentationAnalysisTransform
Transforming grpc-protobuf-lite-1.57.0.jar (io.grpc:grpc-protobuf-lite:1.57.0) with ExternalDependencyInstrumentingArtifactTransform
Transforming apkzlib-8.7.2.jar (com.android.tools.build:apkzlib:8.7.2) with MergeInstrumentationAnalysisTransform
Transforming grpc-api-1.57.0.jar (io.grpc:grpc-api:1.57.0) with ExternalDependencyInstrumentingArtifactTransform
Transforming guava-33.3.1-jre.jar (com.google.guava:guava:33.3.1-jre) with InstrumentationAnalysisTransform
Transforming apkzlib-8.7.2.jar (com.android.tools.build:apkzlib:8.7.2) with ExternalDependencyInstrumentingArtifactTransform
Transforming guava-33.3.1-jre.jar (com.google.guava:guava:33.3.1-jre) with MergeInstrumentationAnalysisTransform
Transforming commons-compress-1.26.1.jar (org.apache.commons:commons-compress:1.26.1) with InstrumentationAnalysisTransform
Transforming commons-compress-1.26.1.jar (org.apache.commons:commons-compress:1.26.1) with MergeInstrumentationAnalysisTransform
Transforming commons-io-2.15.1.jar (commons-io:commons-io:2.15.1) with InstrumentationAnalysisTransform
Transforming guava-33.3.1-jre.jar (com.google.guava:guava:33.3.1-jre) with ExternalDependencyInstrumentingArtifactTransform
Transforming commons-io-2.15.1.jar (commons-io:commons-io:2.15.1) with MergeInstrumentationAnalysisTransform
Transforming jetifier-processor-1.0.0-beta10.jar (com.android.tools.build.jetifier:jetifier-processor:1.0.0-beta10) with InstrumentationAnalysisTransform
Transforming jetifier-processor-1.0.0-beta10.jar (com.android.tools.build.jetifier:jetifier-processor:1.0.0-beta10) with MergeInstrumentationAnalysisTransform
Transforming commons-compress-1.26.1.jar (org.apache.commons:commons-compress:1.26.1) with ExternalDependencyInstrumentingArtifactTransform
Transforming commons-io-2.15.1.jar (commons-io:commons-io:2.15.1) with ExternalDependencyInstrumentingArtifactTransform
Transforming jdom2-2.0.6.1.jar (org.jdom:jdom2:2.0.6.1) with InstrumentationAnalysisTransform
Transforming jdom2-2.0.6.1.jar (org.jdom:jdom2:2.0.6.1) with MergeInstrumentationAnalysisTransform
Transforming jetifier-processor-1.0.0-beta10.jar (com.android.tools.build.jetifier:jetifier-processor:1.0.0-beta10) with ExternalDependencyInstrumentingArtifactTransform
Transforming jose4j-0.9.6.jar (org.bitbucket.b_c:jose4j:0.9.6) with InstrumentationAnalysisTransform
Transforming jose4j-0.9.6.jar (org.bitbucket.b_c:jose4j:0.9.6) with MergeInstrumentationAnalysisTransform
Transforming bcpkix-jdk18on-1.84.jar (org.bouncycastle:bcpkix-jdk18on:1.84) with InstrumentationAnalysisTransform
Transforming jdom2-2.0.6.1.jar (org.jdom:jdom2:2.0.6.1) with ExternalDependencyInstrumentingArtifactTransform
Transforming bcpkix-jdk18on-1.84.jar (org.bouncycastle:bcpkix-jdk18on:1.84) with MergeInstrumentationAnalysisTransform
Transforming bcutil-jdk18on-1.84.jar (org.bouncycastle:bcutil-jdk18on:1.84) with InstrumentationAnalysisTransform
Transforming bcutil-jdk18on-1.84.jar (org.bouncycastle:bcutil-jdk18on:1.84) with MergeInstrumentationAnalysisTransform
Transforming jose4j-0.9.6.jar (org.bitbucket.b_c:jose4j:0.9.6) with ExternalDependencyInstrumentingArtifactTransform
Transforming bcprov-jdk18on-1.84.jar (org.bouncycastle:bcprov-jdk18on:1.84) with InstrumentationAnalysisTransform
Transforming bcutil-jdk18on-1.84.jar (org.bouncycastle:bcutil-jdk18on:1.84) with ExternalDependencyInstrumentingArtifactTransform
Transforming bcprov-jdk18on-1.84.jar (org.bouncycastle:bcprov-jdk18on:1.84) with MergeInstrumentationAnalysisTransform
Transforming bcpkix-jdk18on-1.84.jar (org.bouncycastle:bcpkix-jdk18on:1.84) with ExternalDependencyInstrumentingArtifactTransform
Transforming httpmime-4.5.6.jar (org.apache.httpcomponents:httpmime:4.5.6) with InstrumentationAnalysisTransform
Transforming httpmime-4.5.6.jar (org.apache.httpcomponents:httpmime:4.5.6) with MergeInstrumentationAnalysisTransform
Transforming httpclient-4.5.14.jar (org.apache.httpcomponents:httpclient:4.5.14) with InstrumentationAnalysisTransform
Transforming bcprov-jdk18on-1.84.jar (org.bouncycastle:bcprov-jdk18on:1.84) with ExternalDependencyInstrumentingArtifactTransform
Transforming httpclient-4.5.14.jar (org.apache.httpcomponents:httpclient:4.5.14) with MergeInstrumentationAnalysisTransform
Transforming httpmime-4.5.6.jar (org.apache.httpcomponents:httpmime:4.5.6) with ExternalDependencyInstrumentingArtifactTransform
Transforming gradle-settings-api-8.7.2.jar (com.android.tools.build:gradle-settings-api:8.7.2) with InstrumentationAnalysisTransform
Transforming gradle-settings-api-8.7.2.jar (com.android.tools.build:gradle-settings-api:8.7.2) with MergeInstrumentationAnalysisTransform
Transforming builder-model-8.7.2.jar (com.android.tools.build:builder-model:8.7.2) with InstrumentationAnalysisTransform
Transforming builder-model-8.7.2.jar (com.android.tools.build:builder-model:8.7.2) with MergeInstrumentationAnalysisTransform
Transforming httpclient-4.5.14.jar (org.apache.httpcomponents:httpclient:4.5.14) with ExternalDependencyInstrumentingArtifactTransform
Transforming spotless-plugin-gradle-8.4.0.jar (com.diffplug.spotless:spotless-plugin-gradle:8.4.0) with InstrumentationAnalysisTransform
Transforming gradle-settings-api-8.7.2.jar (com.android.tools.build:gradle-settings-api:8.7.2) with ExternalDependencyInstrumentingArtifactTransform
Transforming spotless-plugin-gradle-8.4.0.jar (com.diffplug.spotless:spotless-plugin-gradle:8.4.0) with MergeInstrumentationAnalysisTransform
Transforming builder-model-8.7.2.jar (com.android.tools.build:builder-model:8.7.2) with ExternalDependencyInstrumentingArtifactTransform
Transforming spotless-lib-extra-4.5.0.jar (com.diffplug.spotless:spotless-lib-extra:4.5.0) with InstrumentationAnalysisTransform
Transforming spotless-lib-extra-4.5.0.jar (com.diffplug.spotless:spotless-lib-extra:4.5.0) with MergeInstrumentationAnalysisTransform
Transforming spotless-plugin-gradle-8.4.0.jar (com.diffplug.spotless:spotless-plugin-gradle:8.4.0) with ExternalDependencyInstrumentingArtifactTransform
Transforming solstice-1.8.1.jar (dev.equo.ide:solstice:1.8.1) with InstrumentationAnalysisTransform
Transforming solstice-1.8.1.jar (dev.equo.ide:solstice:1.8.1) with MergeInstrumentationAnalysisTransform
Transforming okhttp-4.12.0.jar (com.squareup.okhttp3:okhttp:4.12.0) with InstrumentationAnalysisTransform
Transforming spotless-lib-extra-4.5.0.jar (com.diffplug.spotless:spotless-lib-extra:4.5.0) with ExternalDependencyInstrumentingArtifactTransform
Transforming okhttp-4.12.0.jar (com.squareup.okhttp3:okhttp:4.12.0) with MergeInstrumentationAnalysisTransform
Transforming okio-jvm-3.6.0.jar (com.squareup.okio:okio-jvm:3.6.0) with InstrumentationAnalysisTransform
Transforming okio-jvm-3.6.0.jar (com.squareup.okio:okio-jvm:3.6.0) with MergeInstrumentationAnalysisTransform
Transforming kotlin-stdlib-jdk8-1.9.20.jar (org.jetbrains.kotlin:kotlin-stdlib-jdk8:1.9.20) with InstrumentationAnalysisTransform
Transforming kotlin-stdlib-jdk8-1.9.20.jar (org.jetbrains.kotlin:kotlin-stdlib-jdk8:1.9.20) with MergeInstrumentationAnalysisTransform
Transforming okhttp-4.12.0.jar (com.squareup.okhttp3:okhttp:4.12.0) with ExternalDependencyInstrumentingArtifactTransform
Transforming jetifier-core-1.0.0-beta10.jar (com.android.tools.build.jetifier:jetifier-core:1.0.0-beta10) with InstrumentationAnalysisTransform
Transforming solstice-1.8.1.jar (dev.equo.ide:solstice:1.8.1) with ExternalDependencyInstrumentingArtifactTransform
Transforming jetifier-core-1.0.0-beta10.jar (com.android.tools.build.jetifier:jetifier-core:1.0.0-beta10) with MergeInstrumentationAnalysisTransform
Transforming okio-jvm-3.6.0.jar (com.squareup.okio:okio-jvm:3.6.0) with ExternalDependencyInstrumentingArtifactTransform
Transforming kotlin-stdlib-jdk8-1.9.20.jar (org.jetbrains.kotlin:kotlin-stdlib-jdk8:1.9.20) with ExternalDependencyInstrumentingArtifactTransform
Transforming kotlin-reflect-1.9.23.jar (org.jetbrains.kotlin:kotlin-reflect:1.9.23) with InstrumentationAnalysisTransform
Transforming jetifier-core-1.0.0-beta10.jar (com.android.tools.build.jetifier:jetifier-core:1.0.0-beta10) with ExternalDependencyInstrumentingArtifactTransform
Transforming kotlin-reflect-1.9.23.jar (org.jetbrains.kotlin:kotlin-reflect:1.9.23) with MergeInstrumentationAnalysisTransform
Transforming kotlin-stdlib-jdk7-1.9.20.jar (org.jetbrains.kotlin:kotlin-stdlib-jdk7:1.9.20) with InstrumentationAnalysisTransform
Transforming kotlin-stdlib-jdk7-1.9.20.jar (org.jetbrains.kotlin:kotlin-stdlib-jdk7:1.9.20) with MergeInstrumentationAnalysisTransform
Transforming kotlin-stdlib-1.9.23.jar (org.jetbrains.kotlin:kotlin-stdlib:1.9.23) with InstrumentationAnalysisTransform
Transforming kotlin-stdlib-1.9.23.jar (org.jetbrains.kotlin:kotlin-stdlib:1.9.23) with MergeInstrumentationAnalysisTransform
Transforming annotations-13.0.jar (org.jetbrains:annotations:13.0) with InstrumentationAnalysisTransform
Transforming annotations-13.0.jar (org.jetbrains:annotations:13.0) with MergeInstrumentationAnalysisTransform
Transforming kotlin-stdlib-jdk7-1.9.20.jar (org.jetbrains.kotlin:kotlin-stdlib-jdk7:1.9.20) with ExternalDependencyInstrumentingArtifactTransform
Transforming kotlin-reflect-1.9.23.jar (org.jetbrains.kotlin:kotlin-reflect:1.9.23) with ExternalDependencyInstrumentingArtifactTransform
Transforming kotlin-stdlib-1.9.23.jar (org.jetbrains.kotlin:kotlin-stdlib:1.9.23) with ExternalDependencyInstrumentingArtifactTransform
Transforming annotations-13.0.jar (org.jetbrains:annotations:13.0) with ExternalDependencyInstrumentingArtifactTransform
Transforming failureaccess-1.0.2.jar (com.google.guava:failureaccess:1.0.2) with InstrumentationAnalysisTransform
Transforming failureaccess-1.0.2.jar (com.google.guava:failureaccess:1.0.2) with MergeInstrumentationAnalysisTransform
Transforming listenablefuture-9999.0-empty-to-avoid-conflict-with-guava.jar (com.google.guava:listenablefuture:9999.0-empty-to-avoid-conflict-with-guava) with InstrumentationAnalysisTransform
Transforming listenablefuture-9999.0-empty-to-avoid-conflict-with-guava.jar (com.google.guava:listenablefuture:9999.0-empty-to-avoid-conflict-with-guava) with MergeInstrumentationAnalysisTransform
Transforming failureaccess-1.0.2.jar (com.google.guava:failureaccess:1.0.2) with ExternalDependencyInstrumentingArtifactTransform
Transforming jsr305-3.0.2.jar (com.google.code.findbugs:jsr305:3.0.2) with InstrumentationAnalysisTransform
Transforming jsr305-3.0.2.jar (com.google.code.findbugs:jsr305:3.0.2) with MergeInstrumentationAnalysisTransform
Transforming listenablefuture-9999.0-empty-to-avoid-conflict-with-guava.jar (com.google.guava:listenablefuture:9999.0-empty-to-avoid-conflict-with-guava) with ExternalDependencyInstrumentingArtifactTransform
Transforming tensorflow-lite-metadata-0.1.0-rc2.jar (org.tensorflow:tensorflow-lite-metadata:0.1.0-rc2) with InstrumentationAnalysisTransform
Transforming tensorflow-lite-metadata-0.1.0-rc2.jar (org.tensorflow:tensorflow-lite-metadata:0.1.0-rc2) with MergeInstrumentationAnalysisTransform
Transforming jsr305-3.0.2.jar (com.google.code.findbugs:jsr305:3.0.2) with ExternalDependencyInstrumentingArtifactTransform
Transforming checker-qual-3.43.0.jar (org.checkerframework:checker-qual:3.43.0) with InstrumentationAnalysisTransform
Transforming checker-qual-3.43.0.jar (org.checkerframework:checker-qual:3.43.0) with MergeInstrumentationAnalysisTransform
Transforming error_prone_annotations-2.28.0.jar (com.google.errorprone:error_prone_annotations:2.28.0) with InstrumentationAnalysisTransform
Transforming error_prone_annotations-2.28.0.jar (com.google.errorprone:error_prone_annotations:2.28.0) with MergeInstrumentationAnalysisTransform
Transforming j2objc-annotations-3.0.0.jar (com.google.j2objc:j2objc-annotations:3.0.0) with InstrumentationAnalysisTransform
Transforming checker-qual-3.43.0.jar (org.checkerframework:checker-qual:3.43.0) with ExternalDependencyInstrumentingArtifactTransform
Transforming j2objc-annotations-3.0.0.jar (com.google.j2objc:j2objc-annotations:3.0.0) with MergeInstrumentationAnalysisTransform
Transforming tensorflow-lite-metadata-0.1.0-rc2.jar (org.tensorflow:tensorflow-lite-metadata:0.1.0-rc2) with ExternalDependencyInstrumentingArtifactTransform
Transforming org.eclipse.jgit-7.5.0.202512021534-r.jar (org.eclipse.jgit:org.eclipse.jgit:7.5.0.202512021534-r) with InstrumentationAnalysisTransform
Transforming error_prone_annotations-2.28.0.jar (com.google.errorprone:error_prone_annotations:2.28.0) with ExternalDependencyInstrumentingArtifactTransform
Transforming j2objc-annotations-3.0.0.jar (com.google.j2objc:j2objc-annotations:3.0.0) with ExternalDependencyInstrumentingArtifactTransform
Transforming org.eclipse.jgit-7.5.0.202512021534-r.jar (org.eclipse.jgit:org.eclipse.jgit:7.5.0.202512021534-r) with MergeInstrumentationAnalysisTransform
Transforming slf4j-api-2.0.17.jar (org.slf4j:slf4j-api:2.0.17) with InstrumentationAnalysisTransform
Transforming slf4j-api-2.0.17.jar (org.slf4j:slf4j-api:2.0.17) with MergeInstrumentationAnalysisTransform
Transforming commons-codec-1.20.0.jar (commons-codec:commons-codec:1.20.0) with InstrumentationAnalysisTransform
Transforming org.eclipse.jgit-7.5.0.202512021534-r.jar (org.eclipse.jgit:org.eclipse.jgit:7.5.0.202512021534-r) with ExternalDependencyInstrumentingArtifactTransform
Transforming commons-codec-1.20.0.jar (commons-codec:commons-codec:1.20.0) with MergeInstrumentationAnalysisTransform
Transforming slf4j-api-2.0.17.jar (org.slf4j:slf4j-api:2.0.17) with ExternalDependencyInstrumentingArtifactTransform
Transforming commons-lang3-3.14.0.jar (org.apache.commons:commons-lang3:3.14.0) with InstrumentationAnalysisTransform
Transforming commons-lang3-3.14.0.jar (org.apache.commons:commons-lang3:3.14.0) with MergeInstrumentationAnalysisTransform
Transforming httpcore-4.4.16.jar (org.apache.httpcomponents:httpcore:4.4.16) with InstrumentationAnalysisTransform
Transforming httpcore-4.4.16.jar (org.apache.httpcomponents:httpcore:4.4.16) with MergeInstrumentationAnalysisTransform
Transforming commons-codec-1.20.0.jar (commons-codec:commons-codec:1.20.0) with ExternalDependencyInstrumentingArtifactTransform
Transforming commons-logging-1.2.jar (commons-logging:commons-logging:1.2) with InstrumentationAnalysisTransform
Transforming commons-lang3-3.14.0.jar (org.apache.commons:commons-lang3:3.14.0) with ExternalDependencyInstrumentingArtifactTransform
Transforming commons-logging-1.2.jar (commons-logging:commons-logging:1.2) with MergeInstrumentationAnalysisTransform
Transforming httpcore-4.4.16.jar (org.apache.httpcomponents:httpcore:4.4.16) with ExternalDependencyInstrumentingArtifactTransform
Transforming kotlin-gradle-plugin-model-1.9.23.jar (org.jetbrains.kotlin:kotlin-gradle-plugin-model:1.9.23) with InstrumentationAnalysisTransform
Transforming kotlin-gradle-plugin-model-1.9.23.jar (org.jetbrains.kotlin:kotlin-gradle-plugin-model:1.9.23) with MergeInstrumentationAnalysisTransform
Transforming kotlin-gradle-plugin-api-1.9.23.jar (org.jetbrains.kotlin:kotlin-gradle-plugin-api:1.9.23) with InstrumentationAnalysisTransform
Transforming commons-logging-1.2.jar (commons-logging:commons-logging:1.2) with ExternalDependencyInstrumentingArtifactTransform
Transforming kotlin-gradle-plugin-api-1.9.23.jar (org.jetbrains.kotlin:kotlin-gradle-plugin-api:1.9.23) with MergeInstrumentationAnalysisTransform
Transforming kotlin-gradle-plugin-1.9.23-gradle82.jar (org.jetbrains.kotlin:kotlin-gradle-plugin:1.9.23) with InstrumentationAnalysisTransform
Transforming kotlin-gradle-plugin-model-1.9.23.jar (org.jetbrains.kotlin:kotlin-gradle-plugin-model:1.9.23) with ExternalDependencyInstrumentingArtifactTransform
Transforming kotlin-gradle-plugin-1.9.23-gradle82.jar (org.jetbrains.kotlin:kotlin-gradle-plugin:1.9.23) with MergeInstrumentationAnalysisTransform
Transforming databinding-common-8.7.2.jar (androidx.databinding:databinding-common:8.7.2) with InstrumentationAnalysisTransform
Transforming kotlin-gradle-plugin-api-1.9.23.jar (org.jetbrains.kotlin:kotlin-gradle-plugin-api:1.9.23) with ExternalDependencyInstrumentingArtifactTransform
Transforming databinding-common-8.7.2.jar (androidx.databinding:databinding-common:8.7.2) with MergeInstrumentationAnalysisTransform
Transforming baseLibrary-8.7.2.jar (com.android.databinding:baseLibrary:8.7.2) with InstrumentationAnalysisTransform
Transforming baseLibrary-8.7.2.jar (com.android.databinding:baseLibrary:8.7.2) with MergeInstrumentationAnalysisTransform
Transforming kotlin-gradle-plugin-1.9.23-gradle82.jar (org.jetbrains.kotlin:kotlin-gradle-plugin:1.9.23) with ExternalDependencyInstrumentingArtifactTransform
Transforming transform-api-2.0.0-deprecated-use-gradle-api.jar (com.android.tools.build:transform-api:2.0.0-deprecated-use-gradle-api) with InstrumentationAnalysisTransform
Transforming databinding-common-8.7.2.jar (androidx.databinding:databinding-common:8.7.2) with ExternalDependencyInstrumentingArtifactTransform
Transforming baseLibrary-8.7.2.jar (com.android.databinding:baseLibrary:8.7.2) with ExternalDependencyInstrumentingArtifactTransform
Transforming transform-api-2.0.0-deprecated-use-gradle-api.jar (com.android.tools.build:transform-api:2.0.0-deprecated-use-gradle-api) with MergeInstrumentationAnalysisTransform
Transforming asm-commons-9.6.jar (org.ow2.asm:asm-commons:9.6) with InstrumentationAnalysisTransform
Transforming asm-commons-9.6.jar (org.ow2.asm:asm-commons:9.6) with MergeInstrumentationAnalysisTransform
Transforming asm-util-9.6.jar (org.ow2.asm:asm-util:9.6) with InstrumentationAnalysisTransform
Transforming asm-util-9.6.jar (org.ow2.asm:asm-util:9.6) with MergeInstrumentationAnalysisTransform
Transforming asm-analysis-9.6.jar (org.ow2.asm:asm-analysis:9.6) with InstrumentationAnalysisTransform
Transforming transform-api-2.0.0-deprecated-use-gradle-api.jar (com.android.tools.build:transform-api:2.0.0-deprecated-use-gradle-api) with ExternalDependencyInstrumentingArtifactTransform
Transforming asm-commons-9.6.jar (org.ow2.asm:asm-commons:9.6) with ExternalDependencyInstrumentingArtifactTransform
Transforming asm-analysis-9.6.jar (org.ow2.asm:asm-analysis:9.6) with MergeInstrumentationAnalysisTransform
Transforming asm-util-9.6.jar (org.ow2.asm:asm-util:9.6) with ExternalDependencyInstrumentingArtifactTransform
Transforming asm-tree-9.6.jar (org.ow2.asm:asm-tree:9.6) with InstrumentationAnalysisTransform
Transforming asm-tree-9.6.jar (org.ow2.asm:asm-tree:9.6) with MergeInstrumentationAnalysisTransform
Transforming asm-9.6.jar (org.ow2.asm:asm:9.6) with InstrumentationAnalysisTransform
Transforming asm-analysis-9.6.jar (org.ow2.asm:asm-analysis:9.6) with ExternalDependencyInstrumentingArtifactTransform
Transforming asm-9.6.jar (org.ow2.asm:asm:9.6) with MergeInstrumentationAnalysisTransform
Transforming jaxb-runtime-2.3.2.jar (org.glassfish.jaxb:jaxb-runtime:2.3.2) with InstrumentationAnalysisTransform
Transforming jaxb-runtime-2.3.2.jar (org.glassfish.jaxb:jaxb-runtime:2.3.2) with MergeInstrumentationAnalysisTransform
Transforming asm-tree-9.6.jar (org.ow2.asm:asm-tree:9.6) with ExternalDependencyInstrumentingArtifactTransform
Transforming jopt-simple-4.9.jar (net.sf.jopt-simple:jopt-simple:4.9) with InstrumentationAnalysisTransform
Transforming asm-9.6.jar (org.ow2.asm:asm:9.6) with ExternalDependencyInstrumentingArtifactTransform
Transforming jopt-simple-4.9.jar (net.sf.jopt-simple:jopt-simple:4.9) with MergeInstrumentationAnalysisTransform
Transforming jaxb-runtime-2.3.2.jar (org.glassfish.jaxb:jaxb-runtime:2.3.2) with ExternalDependencyInstrumentingArtifactTransform
Transforming javapoet-1.10.0.jar (com.squareup:javapoet:1.10.0) with InstrumentationAnalysisTransform
Transforming javapoet-1.10.0.jar (com.squareup:javapoet:1.10.0) with MergeInstrumentationAnalysisTransform
Transforming jopt-simple-4.9.jar (net.sf.jopt-simple:jopt-simple:4.9) with ExternalDependencyInstrumentingArtifactTransform
Transforming gson-2.10.1.jar (com.google.code.gson:gson:2.10.1) with InstrumentationAnalysisTransform
Transforming gson-2.10.1.jar (com.google.code.gson:gson:2.10.1) with MergeInstrumentationAnalysisTransform
Transforming core-proto-0.0.9-alpha02.jar (com.google.testing.platform:core-proto:0.0.9-alpha02) with InstrumentationAnalysisTransform
Transforming core-proto-0.0.9-alpha02.jar (com.google.testing.platform:core-proto:0.0.9-alpha02) with MergeInstrumentationAnalysisTransform
Transforming flatbuffers-java-1.12.0.jar (com.google.flatbuffers:flatbuffers-java:1.12.0) with InstrumentationAnalysisTransform
Transforming gson-2.10.1.jar (com.google.code.gson:gson:2.10.1) with ExternalDependencyInstrumentingArtifactTransform
Transforming javapoet-1.10.0.jar (com.squareup:javapoet:1.10.0) with ExternalDependencyInstrumentingArtifactTransform
Transforming core-proto-0.0.9-alpha02.jar (com.google.testing.platform:core-proto:0.0.9-alpha02) with ExternalDependencyInstrumentingArtifactTransform
Transforming flatbuffers-java-1.12.0.jar (com.google.flatbuffers:flatbuffers-java:1.12.0) with MergeInstrumentationAnalysisTransform
Transforming kotlin-gradle-plugin-idea-proto-1.9.23.jar (org.jetbrains.kotlin:kotlin-gradle-plugin-idea-proto:1.9.23) with InstrumentationAnalysisTransform
Transforming kotlin-gradle-plugin-idea-proto-1.9.23.jar (org.jetbrains.kotlin:kotlin-gradle-plugin-idea-proto:1.9.23) with MergeInstrumentationAnalysisTransform
Transforming flatbuffers-java-1.12.0.jar (com.google.flatbuffers:flatbuffers-java:1.12.0) with ExternalDependencyInstrumentingArtifactTransform
Transforming kotlin-gradle-plugin-idea-proto-1.9.23.jar (org.jetbrains.kotlin:kotlin-gradle-plugin-idea-proto:1.9.23) with ExternalDependencyInstrumentingArtifactTransform
Transforming kotlin-gradle-plugin-idea-1.9.23.jar (org.jetbrains.kotlin:kotlin-gradle-plugin-idea:1.9.23) with InstrumentationAnalysisTransform
Transforming kotlin-gradle-plugin-idea-1.9.23.jar (org.jetbrains.kotlin:kotlin-gradle-plugin-idea:1.9.23) with MergeInstrumentationAnalysisTransform
Transforming kotlin-klib-commonizer-api-1.9.23.jar (org.jetbrains.kotlin:kotlin-klib-commonizer-api:1.9.23) with InstrumentationAnalysisTransform
Transforming kotlin-klib-commonizer-api-1.9.23.jar (org.jetbrains.kotlin:kotlin-klib-commonizer-api:1.9.23) with MergeInstrumentationAnalysisTransform
Transforming kotlin-native-utils-1.9.23.jar (org.jetbrains.kotlin:kotlin-native-utils:1.9.23) with InstrumentationAnalysisTransform
Transforming kotlin-gradle-plugin-idea-1.9.23.jar (org.jetbrains.kotlin:kotlin-gradle-plugin-idea:1.9.23) with ExternalDependencyInstrumentingArtifactTransform
Transforming kotlin-native-utils-1.9.23.jar (org.jetbrains.kotlin:kotlin-native-utils:1.9.23) with MergeInstrumentationAnalysisTransform
Transforming kotlin-util-klib-1.9.23.jar (org.jetbrains.kotlin:kotlin-util-klib:1.9.23) with InstrumentationAnalysisTransform
Transforming kotlin-klib-commonizer-api-1.9.23.jar (org.jetbrains.kotlin:kotlin-klib-commonizer-api:1.9.23) with ExternalDependencyInstrumentingArtifactTransform
Transforming kotlin-util-klib-1.9.23.jar (org.jetbrains.kotlin:kotlin-util-klib:1.9.23) with MergeInstrumentationAnalysisTransform
Transforming kotlin-build-tools-api-1.9.23.jar (org.jetbrains.kotlin:kotlin-build-tools-api:1.9.23) with InstrumentationAnalysisTransform
Transforming kotlin-native-utils-1.9.23.jar (org.jetbrains.kotlin:kotlin-native-utils:1.9.23) with ExternalDependencyInstrumentingArtifactTransform
Transforming kotlin-build-tools-api-1.9.23.jar (org.jetbrains.kotlin:kotlin-build-tools-api:1.9.23) with MergeInstrumentationAnalysisTransform
Transforming kotlin-android-extensions-1.9.23.jar (org.jetbrains.kotlin:kotlin-android-extensions:1.9.23) with InstrumentationAnalysisTransform
Transforming kotlin-android-extensions-1.9.23.jar (org.jetbrains.kotlin:kotlin-android-extensions:1.9.23) with MergeInstrumentationAnalysisTransform
Transforming kotlin-compiler-runner-1.9.23.jar (org.jetbrains.kotlin:kotlin-compiler-runner:1.9.23) with InstrumentationAnalysisTransform
Transforming kotlin-util-klib-1.9.23.jar (org.jetbrains.kotlin:kotlin-util-klib:1.9.23) with ExternalDependencyInstrumentingArtifactTransform
Transforming kotlin-compiler-runner-1.9.23.jar (org.jetbrains.kotlin:kotlin-compiler-runner:1.9.23) with MergeInstrumentationAnalysisTransform
Transforming kotlin-compiler-embeddable-1.9.23.jar (org.jetbrains.kotlin:kotlin-compiler-embeddable:1.9.23) with InstrumentationAnalysisTransform
Transforming kotlin-build-tools-api-1.9.23.jar (org.jetbrains.kotlin:kotlin-build-tools-api:1.9.23) with ExternalDependencyInstrumentingArtifactTransform
Transforming kotlin-compiler-embeddable-1.9.23.jar (org.jetbrains.kotlin:kotlin-compiler-embeddable:1.9.23) with MergeInstrumentationAnalysisTransform
Transforming kotlin-scripting-compiler-embeddable-1.9.23.jar (org.jetbrains.kotlin:kotlin-scripting-compiler-embeddable:1.9.23) with InstrumentationAnalysisTransform
Transforming kotlin-android-extensions-1.9.23.jar (org.jetbrains.kotlin:kotlin-android-extensions:1.9.23) with ExternalDependencyInstrumentingArtifactTransform
Transforming kotlin-scripting-compiler-embeddable-1.9.23.jar (org.jetbrains.kotlin:kotlin-scripting-compiler-embeddable:1.9.23) with MergeInstrumentationAnalysisTransform
Transforming kotlin-scripting-compiler-impl-embeddable-1.9.23.jar (org.jetbrains.kotlin:kotlin-scripting-compiler-impl-embeddable:1.9.23) with InstrumentationAnalysisTransform
Transforming kotlin-scripting-compiler-impl-embeddable-1.9.23.jar (org.jetbrains.kotlin:kotlin-scripting-compiler-impl-embeddable:1.9.23) with MergeInstrumentationAnalysisTransform
Transforming kotlin-compiler-runner-1.9.23.jar (org.jetbrains.kotlin:kotlin-compiler-runner:1.9.23) with ExternalDependencyInstrumentingArtifactTransform
Transforming durian-io-1.2.0.jar (com.diffplug.durian:durian-io:1.2.0) with InstrumentationAnalysisTransform
Transforming durian-io-1.2.0.jar (com.diffplug.durian:durian-io:1.2.0) with MergeInstrumentationAnalysisTransform
Transforming kotlin-compiler-embeddable-1.9.23.jar (org.jetbrains.kotlin:kotlin-compiler-embeddable:1.9.23) with ExternalDependencyInstrumentingArtifactTransform
Transforming durian-collect-1.2.0.jar (com.diffplug.durian:durian-collect:1.2.0) with InstrumentationAnalysisTransform
Transforming durian-collect-1.2.0.jar (com.diffplug.durian:durian-collect:1.2.0) with MergeInstrumentationAnalysisTransform
Transforming kotlin-scripting-compiler-embeddable-1.9.23.jar (org.jetbrains.kotlin:kotlin-scripting-compiler-embeddable:1.9.23) with ExternalDependencyInstrumentingArtifactTransform
Transforming durian-core-1.2.0.jar (com.diffplug.durian:durian-core:1.2.0) with InstrumentationAnalysisTransform
Transforming durian-core-1.2.0.jar (com.diffplug.durian:durian-core:1.2.0) with MergeInstrumentationAnalysisTransform
Transforming spotless-lib-4.5.0.jar (com.diffplug.spotless:spotless-lib:4.5.0) with InstrumentationAnalysisTransform
Transforming kotlin-scripting-compiler-impl-embeddable-1.9.23.jar (org.jetbrains.kotlin:kotlin-scripting-compiler-impl-embeddable:1.9.23) with ExternalDependencyInstrumentingArtifactTransform
Transforming spotless-lib-4.5.0.jar (com.diffplug.spotless:spotless-lib:4.5.0) with MergeInstrumentationAnalysisTransform
Transforming dagger-2.28.3.jar (com.google.dagger:dagger:2.28.3) with InstrumentationAnalysisTransform
Transforming durian-io-1.2.0.jar (com.diffplug.durian:durian-io:1.2.0) with ExternalDependencyInstrumentingArtifactTransform
Transforming dagger-2.28.3.jar (com.google.dagger:dagger:2.28.3) with MergeInstrumentationAnalysisTransform
Transforming javax.inject-1.jar (javax.inject:javax.inject:1) with InstrumentationAnalysisTransform
Transforming durian-collect-1.2.0.jar (com.diffplug.durian:durian-collect:1.2.0) with ExternalDependencyInstrumentingArtifactTransform
Transforming javax.inject-1.jar (javax.inject:javax.inject:1) with MergeInstrumentationAnalysisTransform
Transforming kxml2-2.3.0.jar (net.sf.kxml:kxml2:2.3.0) with InstrumentationAnalysisTransform
Transforming durian-core-1.2.0.jar (com.diffplug.durian:durian-core:1.2.0) with ExternalDependencyInstrumentingArtifactTransform
Transforming kxml2-2.3.0.jar (net.sf.kxml:kxml2:2.3.0) with MergeInstrumentationAnalysisTransform
Transforming trove4j-1.0.20200330.jar (org.jetbrains.intellij.deps:trove4j:1.0.20200330) with InstrumentationAnalysisTransform
Transforming trove4j-1.0.20200330.jar (org.jetbrains.intellij.deps:trove4j:1.0.20200330) with MergeInstrumentationAnalysisTransform
Transforming spotless-lib-4.5.0.jar (com.diffplug.spotless:spotless-lib:4.5.0) with ExternalDependencyInstrumentingArtifactTransform
Transforming javax.activation-1.2.0.jar (com.sun.activation:javax.activation:1.2.0) with InstrumentationAnalysisTransform
Transforming javax.activation-1.2.0.jar (com.sun.activation:javax.activation:1.2.0) with MergeInstrumentationAnalysisTransform
Transforming dagger-2.28.3.jar (com.google.dagger:dagger:2.28.3) with ExternalDependencyInstrumentingArtifactTransform
Transforming signflinger-8.7.2.jar (com.android:signflinger:8.7.2) with InstrumentationAnalysisTransform
Transforming signflinger-8.7.2.jar (com.android:signflinger:8.7.2) with MergeInstrumentationAnalysisTransform
Transforming javax.inject-1.jar (javax.inject:javax.inject:1) with ExternalDependencyInstrumentingArtifactTransform
Transforming zipflinger-8.7.2.jar (com.android:zipflinger:8.7.2) with InstrumentationAnalysisTransform
Transforming zipflinger-8.7.2.jar (com.android:zipflinger:8.7.2) with MergeInstrumentationAnalysisTransform
Transforming annotations-31.7.2.jar (com.android.tools:annotations:31.7.2) with InstrumentationAnalysisTransform
Transforming kxml2-2.3.0.jar (net.sf.kxml:kxml2:2.3.0) with ExternalDependencyInstrumentingArtifactTransform
Transforming annotations-31.7.2.jar (com.android.tools:annotations:31.7.2) with MergeInstrumentationAnalysisTransform
Transforming jna-platform-5.6.0.jar (net.java.dev.jna:jna-platform:5.6.0) with InstrumentationAnalysisTransform
Transforming trove4j-1.0.20200330.jar (org.jetbrains.intellij.deps:trove4j:1.0.20200330) with ExternalDependencyInstrumentingArtifactTransform
Transforming jna-platform-5.6.0.jar (net.java.dev.jna:jna-platform:5.6.0) with MergeInstrumentationAnalysisTransform
Transforming juniversalchardet-1.0.3.jar (com.googlecode.juniversalchardet:juniversalchardet:1.0.3) with InstrumentationAnalysisTransform
Transforming javax.activation-1.2.0.jar (com.sun.activation:javax.activation:1.2.0) with ExternalDependencyInstrumentingArtifactTransform
Transforming juniversalchardet-1.0.3.jar (com.googlecode.juniversalchardet:juniversalchardet:1.0.3) with MergeInstrumentationAnalysisTransform
Transforming javax.annotation-api-1.3.2.jar (javax.annotation:javax.annotation-api:1.3.2) with InstrumentationAnalysisTransform
Transforming signflinger-8.7.2.jar (com.android:signflinger:8.7.2) with ExternalDependencyInstrumentingArtifactTransform
Transforming javax.annotation-api-1.3.2.jar (javax.annotation:javax.annotation-api:1.3.2) with MergeInstrumentationAnalysisTransform
Transforming stax-ex-1.8.1.jar (org.jvnet.staxex:stax-ex:1.8.1) with InstrumentationAnalysisTransform
Transforming stax-ex-1.8.1.jar (org.jvnet.staxex:stax-ex:1.8.1) with MergeInstrumentationAnalysisTransform
Transforming jakarta.xml.bind-api-2.3.2.jar (jakarta.xml.bind:jakarta.xml.bind-api:2.3.2) with InstrumentationAnalysisTransform
Transforming zipflinger-8.7.2.jar (com.android:zipflinger:8.7.2) with ExternalDependencyInstrumentingArtifactTransform
Transforming jakarta.xml.bind-api-2.3.2.jar (jakarta.xml.bind:jakarta.xml.bind-api:2.3.2) with MergeInstrumentationAnalysisTransform
Transforming txw2-2.3.2.jar (org.glassfish.jaxb:txw2:2.3.2) with InstrumentationAnalysisTransform
Transforming annotations-31.7.2.jar (com.android.tools:annotations:31.7.2) with ExternalDependencyInstrumentingArtifactTransform
Transforming txw2-2.3.2.jar (org.glassfish.jaxb:txw2:2.3.2) with MergeInstrumentationAnalysisTransform
Transforming istack-commons-runtime-3.0.8.jar (com.sun.istack:istack-commons-runtime:3.0.8) with InstrumentationAnalysisTransform
Transforming istack-commons-runtime-3.0.8.jar (com.sun.istack:istack-commons-runtime:3.0.8) with MergeInstrumentationAnalysisTransform
Transforming FastInfoset-1.2.16.jar (com.sun.xml.fastinfoset:FastInfoset:1.2.16) with InstrumentationAnalysisTransform
Transforming jna-platform-5.6.0.jar (net.java.dev.jna:jna-platform:5.6.0) with ExternalDependencyInstrumentingArtifactTransform
Transforming FastInfoset-1.2.16.jar (com.sun.xml.fastinfoset:FastInfoset:1.2.16) with MergeInstrumentationAnalysisTransform
Transforming juniversalchardet-1.0.3.jar (com.googlecode.juniversalchardet:juniversalchardet:1.0.3) with ExternalDependencyInstrumentingArtifactTransform
Transforming jakarta.activation-api-1.2.1.jar (jakarta.activation:jakarta.activation-api:1.2.1) with InstrumentationAnalysisTransform
Transforming jakarta.activation-api-1.2.1.jar (jakarta.activation:jakarta.activation-api:1.2.1) with MergeInstrumentationAnalysisTransform
Transforming auto-value-annotations-1.6.2.jar (com.google.auto.value:auto-value-annotations:1.6.2) with InstrumentationAnalysisTransform
Transforming javax.annotation-api-1.3.2.jar (javax.annotation:javax.annotation-api:1.3.2) with ExternalDependencyInstrumentingArtifactTransform
Transforming auto-value-annotations-1.6.2.jar (com.google.auto.value:auto-value-annotations:1.6.2) with MergeInstrumentationAnalysisTransform
Transforming annotations-4.1.1.4.jar (com.google.android:annotations:4.1.1.4) with InstrumentationAnalysisTransform
Transforming stax-ex-1.8.1.jar (org.jvnet.staxex:stax-ex:1.8.1) with ExternalDependencyInstrumentingArtifactTransform
Transforming annotations-4.1.1.4.jar (com.google.android:annotations:4.1.1.4) with MergeInstrumentationAnalysisTransform
Transforming animal-sniffer-annotations-1.23.jar (org.codehaus.mojo:animal-sniffer-annotations:1.23) with InstrumentationAnalysisTransform
Transforming animal-sniffer-annotations-1.23.jar (org.codehaus.mojo:animal-sniffer-annotations:1.23) with MergeInstrumentationAnalysisTransform
Transforming jakarta.xml.bind-api-2.3.2.jar (jakarta.xml.bind:jakarta.xml.bind-api:2.3.2) with ExternalDependencyInstrumentingArtifactTransform
Transforming perfmark-api-0.26.0.jar (io.perfmark:perfmark-api:0.26.0) with InstrumentationAnalysisTransform
Transforming perfmark-api-0.26.0.jar (io.perfmark:perfmark-api:0.26.0) with MergeInstrumentationAnalysisTransform
Transforming netty-codec-http2-4.1.93.Final.jar (io.netty:netty-codec-http2:4.1.93.Final) with InstrumentationAnalysisTransform
Transforming txw2-2.3.2.jar (org.glassfish.jaxb:txw2:2.3.2) with ExternalDependencyInstrumentingArtifactTransform
Transforming netty-codec-http2-4.1.93.Final.jar (io.netty:netty-codec-http2:4.1.93.Final) with MergeInstrumentationAnalysisTransform
Transforming netty-handler-proxy-4.1.93.Final.jar (io.netty:netty-handler-proxy:4.1.93.Final) with InstrumentationAnalysisTransform
Transforming istack-commons-runtime-3.0.8.jar (com.sun.istack:istack-commons-runtime:3.0.8) with ExternalDependencyInstrumentingArtifactTransform
Transforming netty-handler-proxy-4.1.93.Final.jar (io.netty:netty-handler-proxy:4.1.93.Final) with MergeInstrumentationAnalysisTransform
Transforming netty-codec-http-4.1.93.Final.jar (io.netty:netty-codec-http:4.1.93.Final) with InstrumentationAnalysisTransform
Transforming netty-codec-http-4.1.93.Final.jar (io.netty:netty-codec-http:4.1.93.Final) with MergeInstrumentationAnalysisTransform
Transforming netty-handler-4.1.93.Final.jar (io.netty:netty-handler:4.1.93.Final) with InstrumentationAnalysisTransform
Transforming netty-handler-4.1.93.Final.jar (io.netty:netty-handler:4.1.93.Final) with MergeInstrumentationAnalysisTransform
Transforming netty-transport-native-unix-common-4.1.93.Final.jar (io.netty:netty-transport-native-unix-common:4.1.93.Final) with InstrumentationAnalysisTransform
Transforming FastInfoset-1.2.16.jar (com.sun.xml.fastinfoset:FastInfoset:1.2.16) with ExternalDependencyInstrumentingArtifactTransform
Transforming jakarta.activation-api-1.2.1.jar (jakarta.activation:jakarta.activation-api:1.2.1) with ExternalDependencyInstrumentingArtifactTransform
Transforming netty-transport-native-unix-common-4.1.93.Final.jar (io.netty:netty-transport-native-unix-common:4.1.93.Final) with MergeInstrumentationAnalysisTransform
Transforming apksig-8.7.2.jar (com.android.tools.build:apksig:8.7.2) with InstrumentationAnalysisTransform
Transforming apksig-8.7.2.jar (com.android.tools.build:apksig:8.7.2) with MergeInstrumentationAnalysisTransform
Transforming javawriter-2.5.0.jar (com.squareup:javawriter:2.5.0) with InstrumentationAnalysisTransform
Transforming javawriter-2.5.0.jar (com.squareup:javawriter:2.5.0) with MergeInstrumentationAnalysisTransform
Transforming auto-value-annotations-1.6.2.jar (com.google.auto.value:auto-value-annotations:1.6.2) with ExternalDependencyInstrumentingArtifactTransform
Transforming annotations-4.1.1.4.jar (com.google.android:annotations:4.1.1.4) with ExternalDependencyInstrumentingArtifactTransform
Transforming kotlin-gradle-plugin-annotations-1.9.23.jar (org.jetbrains.kotlin:kotlin-gradle-plugin-annotations:1.9.23) with InstrumentationAnalysisTransform
Transforming kotlin-gradle-plugin-annotations-1.9.23.jar (org.jetbrains.kotlin:kotlin-gradle-plugin-annotations:1.9.23) with MergeInstrumentationAnalysisTransform
Transforming kotlin-project-model-1.9.23.jar (org.jetbrains.kotlin:kotlin-project-model:1.9.23) with InstrumentationAnalysisTransform
Transforming animal-sniffer-annotations-1.23.jar (org.codehaus.mojo:animal-sniffer-annotations:1.23) with ExternalDependencyInstrumentingArtifactTransform
Transforming kotlin-project-model-1.9.23.jar (org.jetbrains.kotlin:kotlin-project-model:1.9.23) with MergeInstrumentationAnalysisTransform
Transforming perfmark-api-0.26.0.jar (io.perfmark:perfmark-api:0.26.0) with ExternalDependencyInstrumentingArtifactTransform
Transforming kotlin-tooling-core-1.9.23.jar (org.jetbrains.kotlin:kotlin-tooling-core:1.9.23) with InstrumentationAnalysisTransform
Transforming kotlin-tooling-core-1.9.23.jar (org.jetbrains.kotlin:kotlin-tooling-core:1.9.23) with MergeInstrumentationAnalysisTransform
Transforming kotlin-util-io-1.9.23.jar (org.jetbrains.kotlin:kotlin-util-io:1.9.23) with InstrumentationAnalysisTransform
Transforming netty-codec-http2-4.1.93.Final.jar (io.netty:netty-codec-http2:4.1.93.Final) with ExternalDependencyInstrumentingArtifactTransform
Transforming kotlin-util-io-1.9.23.jar (org.jetbrains.kotlin:kotlin-util-io:1.9.23) with MergeInstrumentationAnalysisTransform
Transforming kotlin-daemon-embeddable-1.9.23.jar (org.jetbrains.kotlin:kotlin-daemon-embeddable:1.9.23) with InstrumentationAnalysisTransform
Transforming netty-handler-proxy-4.1.93.Final.jar (io.netty:netty-handler-proxy:4.1.93.Final) with ExternalDependencyInstrumentingArtifactTransform
Transforming kotlin-daemon-embeddable-1.9.23.jar (org.jetbrains.kotlin:kotlin-daemon-embeddable:1.9.23) with MergeInstrumentationAnalysisTransform
Transforming kotlin-daemon-client-1.9.23.jar (org.jetbrains.kotlin:kotlin-daemon-client:1.9.23) with InstrumentationAnalysisTransform
Transforming kotlin-daemon-client-1.9.23.jar (org.jetbrains.kotlin:kotlin-daemon-client:1.9.23) with MergeInstrumentationAnalysisTransform
Transforming kotlinx-coroutines-core-jvm-1.5.0.jar (org.jetbrains.kotlinx:kotlinx-coroutines-core-jvm:1.5.0) with InstrumentationAnalysisTransform
Transforming netty-codec-http-4.1.93.Final.jar (io.netty:netty-codec-http:4.1.93.Final) with ExternalDependencyInstrumentingArtifactTransform
Transforming kotlinx-coroutines-core-jvm-1.5.0.jar (org.jetbrains.kotlinx:kotlinx-coroutines-core-jvm:1.5.0) with MergeInstrumentationAnalysisTransform
Transforming kotlin-scripting-jvm-1.9.23.jar (org.jetbrains.kotlin:kotlin-scripting-jvm:1.9.23) with InstrumentationAnalysisTransform
Transforming netty-handler-4.1.93.Final.jar (io.netty:netty-handler:4.1.93.Final) with ExternalDependencyInstrumentingArtifactTransform
Transforming kotlin-scripting-jvm-1.9.23.jar (org.jetbrains.kotlin:kotlin-scripting-jvm:1.9.23) with MergeInstrumentationAnalysisTransform
Transforming kotlin-scripting-common-1.9.23.jar (org.jetbrains.kotlin:kotlin-scripting-common:1.9.23) with InstrumentationAnalysisTransform
Transforming kotlin-scripting-common-1.9.23.jar (org.jetbrains.kotlin:kotlin-scripting-common:1.9.23) with MergeInstrumentationAnalysisTransform
Transforming netty-transport-native-unix-common-4.1.93.Final.jar (io.netty:netty-transport-native-unix-common:4.1.93.Final) with ExternalDependencyInstrumentingArtifactTransform
Transforming JavaEWAH-1.2.3.jar (com.googlecode.javaewah:JavaEWAH:1.2.3) with InstrumentationAnalysisTransform
Transforming JavaEWAH-1.2.3.jar (com.googlecode.javaewah:JavaEWAH:1.2.3) with MergeInstrumentationAnalysisTransform
Transforming concurrent-trees-2.6.1.jar (com.googlecode.concurrent-trees:concurrent-trees:2.6.1) with InstrumentationAnalysisTransform
Transforming concurrent-trees-2.6.1.jar (com.googlecode.concurrent-trees:concurrent-trees:2.6.1) with MergeInstrumentationAnalysisTransform
Transforming org.eclipse.osgi-3.24.100.jar (org.eclipse.platform:org.eclipse.osgi:3.24.100) with InstrumentationAnalysisTransform
Transforming javawriter-2.5.0.jar (com.squareup:javawriter:2.5.0) with ExternalDependencyInstrumentingArtifactTransform
Transforming org.eclipse.osgi-3.24.100.jar (org.eclipse.platform:org.eclipse.osgi:3.24.100) with MergeInstrumentationAnalysisTransform
Transforming kotlin-gradle-plugin-annotations-1.9.23.jar (org.jetbrains.kotlin:kotlin-gradle-plugin-annotations:1.9.23) with ExternalDependencyInstrumentingArtifactTransform
Transforming kotlin-project-model-1.9.23.jar (org.jetbrains.kotlin:kotlin-project-model:1.9.23) with ExternalDependencyInstrumentingArtifactTransform
Transforming kotlin-util-io-1.9.23.jar (org.jetbrains.kotlin:kotlin-util-io:1.9.23) with ExternalDependencyInstrumentingArtifactTransform
Transforming kotlin-daemon-client-1.9.23.jar (org.jetbrains.kotlin:kotlin-daemon-client:1.9.23) with ExternalDependencyInstrumentingArtifactTransform
Transforming kotlinx-coroutines-core-jvm-1.5.0.jar (org.jetbrains.kotlinx:kotlinx-coroutines-core-jvm:1.5.0) with ExternalDependencyInstrumentingArtifactTransform
Transforming kotlin-scripting-jvm-1.9.23.jar (org.jetbrains.kotlin:kotlin-scripting-jvm:1.9.23) with ExternalDependencyInstrumentingArtifactTransform
Transforming kotlin-scripting-common-1.9.23.jar (org.jetbrains.kotlin:kotlin-scripting-common:1.9.23) with ExternalDependencyInstrumentingArtifactTransform
Transforming org.eclipse.osgi-3.24.100.jar (org.eclipse.platform:org.eclipse.osgi:3.24.100) with ExternalDependencyInstrumentingArtifactTransform
Transforming apksig-8.7.2.jar (com.android.tools.build:apksig:8.7.2) with ExternalDependencyInstrumentingArtifactTransform
Transforming JavaEWAH-1.2.3.jar (com.googlecode.javaewah:JavaEWAH:1.2.3) with ExternalDependencyInstrumentingArtifactTransform
Transforming concurrent-trees-2.6.1.jar (com.googlecode.concurrent-trees:concurrent-trees:2.6.1) with ExternalDependencyInstrumentingArtifactTransform
Transforming kotlin-daemon-embeddable-1.9.23.jar (org.jetbrains.kotlin:kotlin-daemon-embeddable:1.9.23) with ExternalDependencyInstrumentingArtifactTransform
Transforming kotlin-tooling-core-1.9.23.jar (org.jetbrains.kotlin:kotlin-tooling-core:1.9.23) with ExternalDependencyInstrumentingArtifactTransform
Transforming jna-5.6.0.jar (net.java.dev.jna:jna:5.6.0) with InstrumentationAnalysisTransform
Transforming jna-5.6.0.jar (net.java.dev.jna:jna:5.6.0) with MergeInstrumentationAnalysisTransform
Transforming netty-codec-socks-4.1.93.Final.jar (io.netty:netty-codec-socks:4.1.93.Final) with InstrumentationAnalysisTransform
Transforming netty-codec-socks-4.1.93.Final.jar (io.netty:netty-codec-socks:4.1.93.Final) with MergeInstrumentationAnalysisTransform
Transforming netty-codec-4.1.93.Final.jar (io.netty:netty-codec:4.1.93.Final) with InstrumentationAnalysisTransform
Transforming netty-codec-4.1.93.Final.jar (io.netty:netty-codec:4.1.93.Final) with MergeInstrumentationAnalysisTransform
Transforming jna-5.6.0.jar (net.java.dev.jna:jna:5.6.0) with ExternalDependencyInstrumentingArtifactTransform
Transforming netty-codec-socks-4.1.93.Final.jar (io.netty:netty-codec-socks:4.1.93.Final) with ExternalDependencyInstrumentingArtifactTransform
Transforming netty-codec-4.1.93.Final.jar (io.netty:netty-codec:4.1.93.Final) with ExternalDependencyInstrumentingArtifactTransform
Transforming netty-transport-4.1.93.Final.jar (io.netty:netty-transport:4.1.93.Final) with InstrumentationAnalysisTransform
Transforming netty-transport-4.1.93.Final.jar (io.netty:netty-transport:4.1.93.Final) with MergeInstrumentationAnalysisTransform
Transforming netty-buffer-4.1.93.Final.jar (io.netty:netty-buffer:4.1.93.Final) with InstrumentationAnalysisTransform
Transforming netty-buffer-4.1.93.Final.jar (io.netty:netty-buffer:4.1.93.Final) with MergeInstrumentationAnalysisTransform
Transforming netty-resolver-4.1.93.Final.jar (io.netty:netty-resolver:4.1.93.Final) with InstrumentationAnalysisTransform
Transforming netty-transport-4.1.93.Final.jar (io.netty:netty-transport:4.1.93.Final) with ExternalDependencyInstrumentingArtifactTransform
Transforming netty-resolver-4.1.93.Final.jar (io.netty:netty-resolver:4.1.93.Final) with MergeInstrumentationAnalysisTransform
Transforming netty-buffer-4.1.93.Final.jar (io.netty:netty-buffer:4.1.93.Final) with ExternalDependencyInstrumentingArtifactTransform
Transforming netty-common-4.1.93.Final.jar (io.netty:netty-common:4.1.93.Final) with InstrumentationAnalysisTransform
Transforming netty-common-4.1.93.Final.jar (io.netty:netty-common:4.1.93.Final) with MergeInstrumentationAnalysisTransform
Transforming netty-resolver-4.1.93.Final.jar (io.netty:netty-resolver:4.1.93.Final) with ExternalDependencyInstrumentingArtifactTransform
Transforming xz-1.9.jar (org.tukaani:xz:1.9) with InstrumentationAnalysisTransform
Transforming xz-1.9.jar (org.tukaani:xz:1.9) with MergeInstrumentationAnalysisTransform
Transforming durian-swt.os-4.3.0.jar (com.diffplug.durian:durian-swt.os:4.3.0) with InstrumentationAnalysisTransform
Transforming netty-common-4.1.93.Final.jar (io.netty:netty-common:4.1.93.Final) with ExternalDependencyInstrumentingArtifactTransform
Transforming durian-swt.os-4.3.0.jar (com.diffplug.durian:durian-swt.os:4.3.0) with MergeInstrumentationAnalysisTransform
Transforming xz-1.9.jar (org.tukaani:xz:1.9) with ExternalDependencyInstrumentingArtifactTransform
Transforming durian-swt.os-4.3.0.jar (com.diffplug.durian:durian-swt.os:4.3.0) with ExternalDependencyInstrumentingArtifactTransform

> Configure project :app
Evaluating project ':app' using build file '/home/adamoutler/git/ssh/app/build.gradle.kts'.
Transforming paparazzi-gradle-plugin-1.3.5.jar (app.cash.paparazzi:paparazzi-gradle-plugin:1.3.5) with InstrumentationAnalysisTransform
Transforming gradle-8.4.2.jar (com.android.tools.build:gradle:8.4.2) with InstrumentationAnalysisTransform
Transforming databinding-compiler-common-8.4.2.jar (androidx.databinding:databinding-compiler-common:8.4.2) with InstrumentationAnalysisTransform
Transforming jetifier-processor-1.0.0-beta10.jar (com.android.tools.build.jetifier:jetifier-processor:1.0.0-beta10) with InstrumentationAnalysisTransform
Transforming jetifier-core-1.0.0-beta10.jar (com.android.tools.build.jetifier:jetifier-core:1.0.0-beta10) with InstrumentationAnalysisTransform
Transforming lint-model-31.4.2.jar (com.android.tools.lint:lint-model:31.4.2) with InstrumentationAnalysisTransform
Transforming builder-8.4.2.jar (com.android.tools.build:builder:8.4.2) with InstrumentationAnalysisTransform
Transforming manifest-merger-31.4.2.jar (com.android.tools.build:manifest-merger:31.4.2) with InstrumentationAnalysisTransform
Transforming sdk-common-31.4.2.jar (com.android.tools:sdk-common:31.4.2) with InstrumentationAnalysisTransform
Transforming moshi-adapters-1.15.1.jar (com.squareup.moshi:moshi-adapters:1.15.1) with InstrumentationAnalysisTransform
Transforming moshi-kotlin-1.15.1.jar (com.squareup.moshi:moshi-kotlin:1.15.1) with InstrumentationAnalysisTransform
Transforming moshi-1.15.1.jar (com.squareup.moshi:moshi:1.15.1) with InstrumentationAnalysisTransform
Transforming gradle-settings-api-8.4.2.jar (com.android.tools.build:gradle-settings-api:8.4.2) with InstrumentationAnalysisTransform
Transforming sdklib-31.4.2.jar (com.android.tools:sdklib:31.4.2) with InstrumentationAnalysisTransform
Transforming repository-31.4.2.jar (com.android.tools:repository:31.4.2) with InstrumentationAnalysisTransform
Transforming aaptcompiler-8.4.2.jar (com.android.tools.build:aaptcompiler:8.4.2) with InstrumentationAnalysisTransform
Transforming tracker-31.4.2.jar (com.android.tools.analytics-library:tracker:31.4.2) with InstrumentationAnalysisTransform
Transforming shared-31.4.2.jar (com.android.tools.analytics-library:shared:31.4.2) with InstrumentationAnalysisTransform
Transforming android-test-plugin-host-emulator-control-proto-31.4.2.jar (com.android.tools.utp:android-test-plugin-host-emulator-control-proto:31.4.2) with InstrumentationAnalysisTransform
Transforming android-test-plugin-host-retention-proto-31.4.2.jar (com.android.tools.utp:android-test-plugin-host-retention-proto:31.4.2) with InstrumentationAnalysisTransform
Transforming builder-model-8.4.2.jar (com.android.tools.build:builder-model:8.4.2) with InstrumentationAnalysisTransform
Transforming gradle-api-8.4.2.jar (com.android.tools.build:gradle-api:8.4.2) with InstrumentationAnalysisTransform
Transforming builder-test-api-8.4.2.jar (com.android.tools.build:builder-test-api:8.4.2) with InstrumentationAnalysisTransform
Transforming ddmlib-31.4.2.jar (com.android.tools.ddms:ddmlib:31.4.2) with InstrumentationAnalysisTransform
Transforming layoutlib-api-31.4.2.jar (com.android.tools.layoutlib:layoutlib-api:31.4.2) with InstrumentationAnalysisTransform
Transforming dvlib-31.4.2.jar (com.android.tools:dvlib:31.4.2) with InstrumentationAnalysisTransform
Transforming common-31.4.2.jar (com.android.tools:common:31.4.2) with InstrumentationAnalysisTransform
Transforming kotlin-stdlib-jdk8-2.0.21.jar (org.jetbrains.kotlin:kotlin-stdlib-jdk8:2.0.21) with InstrumentationAnalysisTransform
Transforming kotlin-reflect-1.9.23.jar (org.jetbrains.kotlin:kotlin-reflect:1.9.23) with InstrumentationAnalysisTransform
Transforming kotlin-stdlib-jdk7-2.0.21.jar (org.jetbrains.kotlin:kotlin-stdlib-jdk7:2.0.21) with InstrumentationAnalysisTransform
Transforming okio-jvm-3.7.0.jar (com.squareup.okio:okio-jvm:3.7.0) with InstrumentationAnalysisTransform
Transforming kotlin-stdlib-1.9.23.jar (org.jetbrains.kotlin:kotlin-stdlib:1.9.23) with InstrumentationAnalysisTransform
Transforming annotations-13.0.jar (org.jetbrains:annotations:13.0) with InstrumentationAnalysisTransform
Transforming kotlin-gradle-plugin-2.0.21-gradle85.jar (org.jetbrains.kotlin:kotlin-gradle-plugin:2.0.21) with InstrumentationAnalysisTransform
Transforming kotlin-gradle-plugin-model-2.0.21.jar (org.jetbrains.kotlin:kotlin-gradle-plugin-model:2.0.21) with InstrumentationAnalysisTransform
Transforming kotlin-gradle-plugin-api-2.0.21.jar (org.jetbrains.kotlin:kotlin-gradle-plugin-api:2.0.21) with InstrumentationAnalysisTransform
Transforming kotlin-gradle-plugin-api-2.0.21-gradle85.jar (org.jetbrains.kotlin:kotlin-gradle-plugin-api:2.0.21) with InstrumentationAnalysisTransform
Transforming kotlin-serialization-2.0.21-gradle85.jar (org.jetbrains.kotlin:kotlin-serialization:2.0.21) with InstrumentationAnalysisTransform
Transforming kotlin-gradle-plugin-idea-proto-2.0.21.jar (org.jetbrains.kotlin:kotlin-gradle-plugin-idea-proto:2.0.21) with InstrumentationAnalysisTransform
Transforming kotlin-gradle-plugin-idea-2.0.21.jar (org.jetbrains.kotlin:kotlin-gradle-plugin-idea:2.0.21) with InstrumentationAnalysisTransform
Transforming kotlin-gradle-plugin-annotations-2.0.21.jar (org.jetbrains.kotlin:kotlin-gradle-plugin-annotations:2.0.21) with InstrumentationAnalysisTransform
Transforming kotlin-klib-commonizer-api-2.0.21.jar (org.jetbrains.kotlin:kotlin-klib-commonizer-api:2.0.21) with InstrumentationAnalysisTransform
Transforming kotlin-native-utils-2.0.21.jar (org.jetbrains.kotlin:kotlin-native-utils:2.0.21) with InstrumentationAnalysisTransform
Transforming kotlin-tooling-core-2.0.21.jar (org.jetbrains.kotlin:kotlin-tooling-core:2.0.21) with InstrumentationAnalysisTransform
Transforming kotlin-compiler-embeddable-2.0.21.jar (org.jetbrains.kotlin:kotlin-compiler-embeddable:2.0.21) with InstrumentationAnalysisTransform
Transforming kotlin-compiler-runner-2.0.21.jar (org.jetbrains.kotlin:kotlin-compiler-runner:2.0.21) with InstrumentationAnalysisTransform
Transforming kotlin-daemon-client-2.0.21.jar (org.jetbrains.kotlin:kotlin-daemon-client:2.0.21) with InstrumentationAnalysisTransform
Transforming kotlin-build-statistics-2.0.21.jar (org.jetbrains.kotlin:kotlin-build-statistics:2.0.21) with InstrumentationAnalysisTransform
Transforming kotlin-build-tools-api-2.0.21.jar (org.jetbrains.kotlin:kotlin-build-tools-api:2.0.21) with InstrumentationAnalysisTransform
Transforming kotlin-util-klib-2.0.21.jar (org.jetbrains.kotlin:kotlin-util-klib:2.0.21) with InstrumentationAnalysisTransform
Transforming bundletool-1.15.6.jar (com.android.tools.build:bundletool:1.15.6) with InstrumentationAnalysisTransform
Transforming aapt2-proto-8.4.2-11315950.jar (com.android.tools.build:aapt2-proto:8.4.2-11315950) with InstrumentationAnalysisTransform
Transforming crash-31.4.2.jar (com.android.tools.analytics-library:crash:31.4.2) with InstrumentationAnalysisTransform
Transforming lint-typedef-remover-31.4.2.jar (com.android.tools.lint:lint-typedef-remover:31.4.2) with InstrumentationAnalysisTransform
Transforming databinding-common-8.4.2.jar (androidx.databinding:databinding-common:8.4.2) with InstrumentationAnalysisTransform
Transforming baseLibrary-8.4.2.jar (com.android.databinding:baseLibrary:8.4.2) with InstrumentationAnalysisTransform
Transforming android-device-provider-ddmlib-proto-31.4.2.jar (com.android.tools.utp:android-device-provider-ddmlib-proto:31.4.2) with InstrumentationAnalysisTransform
Transforming android-device-provider-gradle-proto-31.4.2.jar (com.android.tools.utp:android-device-provider-gradle-proto:31.4.2) with InstrumentationAnalysisTransform
Transforming android-test-plugin-host-additional-test-output-proto-31.4.2.jar (com.android.tools.utp:android-test-plugin-host-additional-test-output-proto:31.4.2) with InstrumentationAnalysisTransform
Transforming android-test-plugin-host-coverage-proto-31.4.2.jar (com.android.tools.utp:android-test-plugin-host-coverage-proto:31.4.2) with InstrumentationAnalysisTransform
Transforming android-test-plugin-host-logcat-proto-31.4.2.jar (com.android.tools.utp:android-test-plugin-host-logcat-proto:31.4.2) with InstrumentationAnalysisTransform
Transforming android-test-plugin-host-apk-installer-proto-31.4.2.jar (com.android.tools.utp:android-test-plugin-host-apk-installer-proto:31.4.2) with InstrumentationAnalysisTransform
Transforming android-test-plugin-result-listener-gradle-proto-31.4.2.jar (com.android.tools.utp:android-test-plugin-result-listener-gradle-proto:31.4.2) with InstrumentationAnalysisTransform
Transforming transform-api-2.0.0-deprecated-use-gradle-api.jar (com.android.tools.build:transform-api:2.0.0-deprecated-use-gradle-api) with InstrumentationAnalysisTransform
Transforming httpmime-4.5.6.jar (org.apache.httpcomponents:httpmime:4.5.6) with InstrumentationAnalysisTransform
Transforming commons-io-2.13.0.jar (commons-io:commons-io:2.13.0) with InstrumentationAnalysisTransform
Transforming asm-commons-9.6.jar (org.ow2.asm:asm-commons:9.6) with InstrumentationAnalysisTransform
Transforming asm-util-9.6.jar (org.ow2.asm:asm-util:9.6) with InstrumentationAnalysisTransform
Transforming asm-analysis-9.6.jar (org.ow2.asm:asm-analysis:9.6) with InstrumentationAnalysisTransform
Transforming asm-tree-9.6.jar (org.ow2.asm:asm-tree:9.6) with InstrumentationAnalysisTransform
Transforming asm-9.6.jar (org.ow2.asm:asm:9.6) with InstrumentationAnalysisTransform
Transforming apkzlib-8.4.2.jar (com.android.tools.build:apkzlib:8.4.2) with InstrumentationAnalysisTransform
Transforming bcpkix-jdk18on-1.77.jar (org.bouncycastle:bcpkix-jdk18on:1.77) with InstrumentationAnalysisTransform
Transforming jaxb-runtime-2.3.2.jar (org.glassfish.jaxb:jaxb-runtime:2.3.2) with InstrumentationAnalysisTransform
Transforming jopt-simple-4.9.jar (net.sf.jopt-simple:jopt-simple:4.9) with InstrumentationAnalysisTransform
Transforming javapoet-1.10.0.jar (com.squareup:javapoet:1.10.0) with InstrumentationAnalysisTransform
Transforming protobuf-java-util-3.22.3.jar (com.google.protobuf:protobuf-java-util:3.22.3) with InstrumentationAnalysisTransform
Transforming grpc-protobuf-1.57.0.jar (io.grpc:grpc-protobuf:1.57.0) with InstrumentationAnalysisTransform
Transforming tink-1.7.0.jar (com.google.crypto.tink:tink:1.7.0) with InstrumentationAnalysisTransform
Transforming protos-31.4.2.jar (com.android.tools.analytics-library:protos:31.4.2) with InstrumentationAnalysisTransform
Transforming proto-google-common-protos-2.17.0.jar (com.google.api.grpc:proto-google-common-protos:2.17.0) with InstrumentationAnalysisTransform
Transforming protobuf-java-3.22.3.jar (com.google.protobuf:protobuf-java:3.22.3) with InstrumentationAnalysisTransform
Transforming grpc-netty-1.57.0.jar (io.grpc:grpc-netty:1.57.0) with InstrumentationAnalysisTransform
Transforming grpc-core-1.57.0.jar (io.grpc:grpc-core:1.57.0) with InstrumentationAnalysisTransform
Transforming gson-2.10.1.jar (com.google.code.gson:gson:2.10.1) with InstrumentationAnalysisTransform
Transforming grpc-stub-1.57.0.jar (io.grpc:grpc-stub:1.57.0) with InstrumentationAnalysisTransform
Transforming core-proto-0.0.9-alpha02.jar (com.google.testing.platform:core-proto:0.0.9-alpha02) with InstrumentationAnalysisTransform
Transforming kxml2-2.3.0.jar (net.sf.kxml:kxml2:2.3.0) with InstrumentationAnalysisTransform
Transforming tensorflow-lite-metadata-0.1.0-rc2.jar (org.tensorflow:tensorflow-lite-metadata:0.1.0-rc2) with InstrumentationAnalysisTransform
Transforming flatbuffers-java-1.12.0.jar (com.google.flatbuffers:flatbuffers-java:1.12.0) with InstrumentationAnalysisTransform
Transforming jimfs-1.1.jar (com.google.jimfs:jimfs:1.1) with InstrumentationAnalysisTransform
Transforming grpc-context-1.57.0.jar (io.grpc:grpc-context:1.57.0) with InstrumentationAnalysisTransform
Transforming grpc-protobuf-lite-1.57.0.jar (io.grpc:grpc-protobuf-lite:1.57.0) with InstrumentationAnalysisTransform
Transforming grpc-api-1.57.0.jar (io.grpc:grpc-api:1.57.0) with InstrumentationAnalysisTransform
Transforming guava-32.0.1-jre.jar (com.google.guava:guava:32.0.1-jre) with InstrumentationAnalysisTransform
Transforming dagger-2.28.3.jar (com.google.dagger:dagger:2.28.3) with InstrumentationAnalysisTransform
Transforming javax.inject-1.jar (javax.inject:javax.inject:1) with InstrumentationAnalysisTransform
Transforming bcutil-jdk18on-1.77.jar (org.bouncycastle:bcutil-jdk18on:1.77) with InstrumentationAnalysisTransform
Transforming bcprov-jdk18on-1.77.jar (org.bouncycastle:bcprov-jdk18on:1.77) with InstrumentationAnalysisTransform
Transforming trove4j-1.0.20200330.jar (org.jetbrains.intellij.deps:trove4j:1.0.20200330) with InstrumentationAnalysisTransform
Transforming kotlinx-coroutines-core-jvm-1.6.4.jar (org.jetbrains.kotlinx:kotlinx-coroutines-core-jvm:1.6.4) with InstrumentationAnalysisTransform
Transforming kotlin-util-io-2.0.21.jar (org.jetbrains.kotlin:kotlin-util-io:2.0.21) with InstrumentationAnalysisTransform
Transforming kotlin-daemon-embeddable-2.0.21.jar (org.jetbrains.kotlin:kotlin-daemon-embeddable:2.0.21) with InstrumentationAnalysisTransform
Transforming commons-compress-1.21.jar (org.apache.commons:commons-compress:1.21) with InstrumentationAnalysisTransform
Transforming httpclient-4.5.14.jar (org.apache.httpcomponents:httpclient:4.5.14) with InstrumentationAnalysisTransform
Transforming httpcore-4.4.16.jar (org.apache.httpcomponents:httpcore:4.4.16) with InstrumentationAnalysisTransform
Transforming javax.activation-1.2.0.jar (com.sun.activation:javax.activation:1.2.0) with InstrumentationAnalysisTransform
Transforming signflinger-8.4.2.jar (com.android:signflinger:8.4.2) with InstrumentationAnalysisTransform
Transforming zipflinger-8.4.2.jar (com.android:zipflinger:8.4.2) with InstrumentationAnalysisTransform
Transforming annotations-31.4.2.jar (com.android.tools:annotations:31.4.2) with InstrumentationAnalysisTransform
Transforming jna-platform-5.6.0.jar (net.java.dev.jna:jna-platform:5.6.0) with InstrumentationAnalysisTransform
Transforming juniversalchardet-1.0.3.jar (com.googlecode.juniversalchardet:juniversalchardet:1.0.3) with InstrumentationAnalysisTransform
Transforming javax.annotation-api-1.3.2.jar (javax.annotation:javax.annotation-api:1.3.2) with InstrumentationAnalysisTransform
Transforming stax-ex-1.8.1.jar (org.jvnet.staxex:stax-ex:1.8.1) with InstrumentationAnalysisTransform
Transforming jakarta.xml.bind-api-2.3.2.jar (jakarta.xml.bind:jakarta.xml.bind-api:2.3.2) with InstrumentationAnalysisTransform
Transforming txw2-2.3.2.jar (org.glassfish.jaxb:txw2:2.3.2) with InstrumentationAnalysisTransform
Transforming istack-commons-runtime-3.0.8.jar (com.sun.istack:istack-commons-runtime:3.0.8) with InstrumentationAnalysisTransform
Transforming FastInfoset-1.2.16.jar (com.sun.xml.fastinfoset:FastInfoset:1.2.16) with InstrumentationAnalysisTransform
Transforming jakarta.activation-api-1.2.1.jar (jakarta.activation:jakarta.activation-api:1.2.1) with InstrumentationAnalysisTransform
Transforming auto-value-annotations-1.6.2.jar (com.google.auto.value:auto-value-annotations:1.6.2) with InstrumentationAnalysisTransform
Transforming error_prone_annotations-2.18.0.jar (com.google.errorprone:error_prone_annotations:2.18.0) with InstrumentationAnalysisTransform
Transforming jose4j-0.7.0.jar (org.bitbucket.b_c:jose4j:0.7.0) with InstrumentationAnalysisTransform
Transforming slf4j-api-1.7.30.jar (org.slf4j:slf4j-api:1.7.30) with InstrumentationAnalysisTransform
Transforming jdom2-2.0.6.jar (org.jdom:jdom2:2.0.6) with InstrumentationAnalysisTransform
Transforming jsr305-3.0.2.jar (com.google.code.findbugs:jsr305:3.0.2) with InstrumentationAnalysisTransform
Transforming j2objc-annotations-2.8.jar (com.google.j2objc:j2objc-annotations:2.8) with InstrumentationAnalysisTransform
Transforming annotations-4.1.1.4.jar (com.google.android:annotations:4.1.1.4) with InstrumentationAnalysisTransform
Transforming animal-sniffer-annotations-1.23.jar (org.codehaus.mojo:animal-sniffer-annotations:1.23) with InstrumentationAnalysisTransform
Transforming perfmark-api-0.26.0.jar (io.perfmark:perfmark-api:0.26.0) with InstrumentationAnalysisTransform
Transforming netty-codec-http2-4.1.93.Final.jar (io.netty:netty-codec-http2:4.1.93.Final) with InstrumentationAnalysisTransform
Transforming netty-handler-proxy-4.1.93.Final.jar (io.netty:netty-handler-proxy:4.1.93.Final) with InstrumentationAnalysisTransform
Transforming netty-codec-http-4.1.93.Final.jar (io.netty:netty-codec-http:4.1.93.Final) with InstrumentationAnalysisTransform
Transforming netty-handler-4.1.93.Final.jar (io.netty:netty-handler:4.1.93.Final) with InstrumentationAnalysisTransform
Transforming netty-transport-native-unix-common-4.1.93.Final.jar (io.netty:netty-transport-native-unix-common:4.1.93.Final) with InstrumentationAnalysisTransform
Transforming checker-qual-3.33.0.jar (org.checkerframework:checker-qual:3.33.0) with InstrumentationAnalysisTransform
Transforming commons-codec-1.11.jar (commons-codec:commons-codec:1.11) with InstrumentationAnalysisTransform
Transforming apksig-8.4.2.jar (com.android.tools.build:apksig:8.4.2) with InstrumentationAnalysisTransform
Transforming javawriter-2.5.0.jar (com.squareup:javawriter:2.5.0) with InstrumentationAnalysisTransform
Transforming failureaccess-1.0.1.jar (com.google.guava:failureaccess:1.0.1) with InstrumentationAnalysisTransform
Transforming listenablefuture-9999.0-empty-to-avoid-conflict-with-guava.jar (com.google.guava:listenablefuture:9999.0-empty-to-avoid-conflict-with-guava) with InstrumentationAnalysisTransform
Transforming commons-logging-1.2.jar (commons-logging:commons-logging:1.2) with InstrumentationAnalysisTransform
Transforming jna-5.6.0.jar (net.java.dev.jna:jna:5.6.0) with InstrumentationAnalysisTransform
Transforming netty-codec-socks-4.1.93.Final.jar (io.netty:netty-codec-socks:4.1.93.Final) with InstrumentationAnalysisTransform
Transforming netty-codec-4.1.93.Final.jar (io.netty:netty-codec:4.1.93.Final) with InstrumentationAnalysisTransform
Transforming netty-transport-4.1.93.Final.jar (io.netty:netty-transport:4.1.93.Final) with InstrumentationAnalysisTransform
Transforming netty-buffer-4.1.93.Final.jar (io.netty:netty-buffer:4.1.93.Final) with InstrumentationAnalysisTransform
Transforming netty-resolver-4.1.93.Final.jar (io.netty:netty-resolver:4.1.93.Final) with InstrumentationAnalysisTransform
Transforming netty-common-4.1.93.Final.jar (io.netty:netty-common:4.1.93.Final) with InstrumentationAnalysisTransform
Transforming paparazzi-gradle-plugin-1.3.5.jar (app.cash.paparazzi:paparazzi-gradle-plugin:1.3.5) with InstrumentationAnalysisTransform
Transforming paparazzi-gradle-plugin-1.3.5.jar (app.cash.paparazzi:paparazzi-gradle-plugin:1.3.5) with MergeInstrumentationAnalysisTransform
Transforming gradle-8.4.2.jar (com.android.tools.build:gradle:8.4.2) with InstrumentationAnalysisTransform
Transforming gradle-8.4.2.jar (com.android.tools.build:gradle:8.4.2) with MergeInstrumentationAnalysisTransform
Transforming paparazzi-gradle-plugin-1.3.5.jar (app.cash.paparazzi:paparazzi-gradle-plugin:1.3.5) with ExternalDependencyInstrumentingArtifactTransform
Transforming databinding-compiler-common-8.4.2.jar (androidx.databinding:databinding-compiler-common:8.4.2) with InstrumentationAnalysisTransform
Transforming gradle-8.4.2.jar (com.android.tools.build:gradle:8.4.2) with ExternalDependencyInstrumentingArtifactTransform
Transforming databinding-compiler-common-8.4.2.jar (androidx.databinding:databinding-compiler-common:8.4.2) with MergeInstrumentationAnalysisTransform
Transforming jetifier-processor-1.0.0-beta10.jar (com.android.tools.build.jetifier:jetifier-processor:1.0.0-beta10) with InstrumentationAnalysisTransform
Transforming jetifier-processor-1.0.0-beta10.jar (com.android.tools.build.jetifier:jetifier-processor:1.0.0-beta10) with MergeInstrumentationAnalysisTransform
Transforming databinding-compiler-common-8.4.2.jar (androidx.databinding:databinding-compiler-common:8.4.2) with ExternalDependencyInstrumentingArtifactTransform
Transforming jetifier-core-1.0.0-beta10.jar (com.android.tools.build.jetifier:jetifier-core:1.0.0-beta10) with InstrumentationAnalysisTransform
Transforming jetifier-core-1.0.0-beta10.jar (com.android.tools.build.jetifier:jetifier-core:1.0.0-beta10) with MergeInstrumentationAnalysisTransform
Transforming jetifier-processor-1.0.0-beta10.jar (com.android.tools.build.jetifier:jetifier-processor:1.0.0-beta10) with ExternalDependencyInstrumentingArtifactTransform
Transforming lint-model-31.4.2.jar (com.android.tools.lint:lint-model:31.4.2) with InstrumentationAnalysisTransform
Transforming lint-model-31.4.2.jar (com.android.tools.lint:lint-model:31.4.2) with MergeInstrumentationAnalysisTransform
Transforming jetifier-core-1.0.0-beta10.jar (com.android.tools.build.jetifier:jetifier-core:1.0.0-beta10) with ExternalDependencyInstrumentingArtifactTransform
Transforming builder-8.4.2.jar (com.android.tools.build:builder:8.4.2) with InstrumentationAnalysisTransform
Transforming builder-8.4.2.jar (com.android.tools.build:builder:8.4.2) with MergeInstrumentationAnalysisTransform
Transforming lint-model-31.4.2.jar (com.android.tools.lint:lint-model:31.4.2) with ExternalDependencyInstrumentingArtifactTransform
Transforming manifest-merger-31.4.2.jar (com.android.tools.build:manifest-merger:31.4.2) with InstrumentationAnalysisTransform
Transforming manifest-merger-31.4.2.jar (com.android.tools.build:manifest-merger:31.4.2) with MergeInstrumentationAnalysisTransform
Transforming builder-8.4.2.jar (com.android.tools.build:builder:8.4.2) with ExternalDependencyInstrumentingArtifactTransform
Transforming sdk-common-31.4.2.jar (com.android.tools:sdk-common:31.4.2) with InstrumentationAnalysisTransform
Transforming sdk-common-31.4.2.jar (com.android.tools:sdk-common:31.4.2) with MergeInstrumentationAnalysisTransform
Transforming manifest-merger-31.4.2.jar (com.android.tools.build:manifest-merger:31.4.2) with ExternalDependencyInstrumentingArtifactTransform
Transforming moshi-adapters-1.15.1.jar (com.squareup.moshi:moshi-adapters:1.15.1) with InstrumentationAnalysisTransform
Transforming moshi-adapters-1.15.1.jar (com.squareup.moshi:moshi-adapters:1.15.1) with MergeInstrumentationAnalysisTransform
Transforming sdk-common-31.4.2.jar (com.android.tools:sdk-common:31.4.2) with ExternalDependencyInstrumentingArtifactTransform
Transforming moshi-kotlin-1.15.1.jar (com.squareup.moshi:moshi-kotlin:1.15.1) with InstrumentationAnalysisTransform
Transforming moshi-kotlin-1.15.1.jar (com.squareup.moshi:moshi-kotlin:1.15.1) with MergeInstrumentationAnalysisTransform
Transforming moshi-adapters-1.15.1.jar (com.squareup.moshi:moshi-adapters:1.15.1) with ExternalDependencyInstrumentingArtifactTransform
Transforming moshi-1.15.1.jar (com.squareup.moshi:moshi:1.15.1) with InstrumentationAnalysisTransform
Transforming moshi-1.15.1.jar (com.squareup.moshi:moshi:1.15.1) with MergeInstrumentationAnalysisTransform
Transforming moshi-kotlin-1.15.1.jar (com.squareup.moshi:moshi-kotlin:1.15.1) with ExternalDependencyInstrumentingArtifactTransform
Transforming gradle-settings-api-8.4.2.jar (com.android.tools.build:gradle-settings-api:8.4.2) with InstrumentationAnalysisTransform
Transforming gradle-settings-api-8.4.2.jar (com.android.tools.build:gradle-settings-api:8.4.2) with MergeInstrumentationAnalysisTransform
Transforming moshi-1.15.1.jar (com.squareup.moshi:moshi:1.15.1) with ExternalDependencyInstrumentingArtifactTransform
Transforming sdklib-31.4.2.jar (com.android.tools:sdklib:31.4.2) with InstrumentationAnalysisTransform
Transforming sdklib-31.4.2.jar (com.android.tools:sdklib:31.4.2) with MergeInstrumentationAnalysisTransform
Transforming repository-31.4.2.jar (com.android.tools:repository:31.4.2) with InstrumentationAnalysisTransform
Transforming repository-31.4.2.jar (com.android.tools:repository:31.4.2) with MergeInstrumentationAnalysisTransform
Transforming gradle-settings-api-8.4.2.jar (com.android.tools.build:gradle-settings-api:8.4.2) with ExternalDependencyInstrumentingArtifactTransform
Transforming aaptcompiler-8.4.2.jar (com.android.tools.build:aaptcompiler:8.4.2) with InstrumentationAnalysisTransform
Transforming aaptcompiler-8.4.2.jar (com.android.tools.build:aaptcompiler:8.4.2) with MergeInstrumentationAnalysisTransform
Transforming sdklib-31.4.2.jar (com.android.tools:sdklib:31.4.2) with ExternalDependencyInstrumentingArtifactTransform
Transforming tracker-31.4.2.jar (com.android.tools.analytics-library:tracker:31.4.2) with InstrumentationAnalysisTransform
Transforming tracker-31.4.2.jar (com.android.tools.analytics-library:tracker:31.4.2) with MergeInstrumentationAnalysisTransform
Transforming repository-31.4.2.jar (com.android.tools:repository:31.4.2) with ExternalDependencyInstrumentingArtifactTransform
Transforming shared-31.4.2.jar (com.android.tools.analytics-library:shared:31.4.2) with InstrumentationAnalysisTransform
Transforming shared-31.4.2.jar (com.android.tools.analytics-library:shared:31.4.2) with MergeInstrumentationAnalysisTransform
Transforming aaptcompiler-8.4.2.jar (com.android.tools.build:aaptcompiler:8.4.2) with ExternalDependencyInstrumentingArtifactTransform
Transforming tracker-31.4.2.jar (com.android.tools.analytics-library:tracker:31.4.2) with ExternalDependencyInstrumentingArtifactTransform
Transforming android-test-plugin-host-emulator-control-proto-31.4.2.jar (com.android.tools.utp:android-test-plugin-host-emulator-control-proto:31.4.2) with InstrumentationAnalysisTransform
Transforming android-test-plugin-host-emulator-control-proto-31.4.2.jar (com.android.tools.utp:android-test-plugin-host-emulator-control-proto:31.4.2) with MergeInstrumentationAnalysisTransform
Transforming shared-31.4.2.jar (com.android.tools.analytics-library:shared:31.4.2) with ExternalDependencyInstrumentingArtifactTransform
Transforming android-test-plugin-host-retention-proto-31.4.2.jar (com.android.tools.utp:android-test-plugin-host-retention-proto:31.4.2) with InstrumentationAnalysisTransform
Transforming android-test-plugin-host-emulator-control-proto-31.4.2.jar (com.android.tools.utp:android-test-plugin-host-emulator-control-proto:31.4.2) with ExternalDependencyInstrumentingArtifactTransform
Transforming android-test-plugin-host-retention-proto-31.4.2.jar (com.android.tools.utp:android-test-plugin-host-retention-proto:31.4.2) with MergeInstrumentationAnalysisTransform
Transforming builder-model-8.4.2.jar (com.android.tools.build:builder-model:8.4.2) with InstrumentationAnalysisTransform
Transforming builder-model-8.4.2.jar (com.android.tools.build:builder-model:8.4.2) with MergeInstrumentationAnalysisTransform
Transforming gradle-api-8.4.2.jar (com.android.tools.build:gradle-api:8.4.2) with InstrumentationAnalysisTransform
Transforming gradle-api-8.4.2.jar (com.android.tools.build:gradle-api:8.4.2) with MergeInstrumentationAnalysisTransform
Transforming builder-test-api-8.4.2.jar (com.android.tools.build:builder-test-api:8.4.2) with InstrumentationAnalysisTransform
Transforming builder-test-api-8.4.2.jar (com.android.tools.build:builder-test-api:8.4.2) with MergeInstrumentationAnalysisTransform
Transforming ddmlib-31.4.2.jar (com.android.tools.ddms:ddmlib:31.4.2) with InstrumentationAnalysisTransform
Transforming builder-model-8.4.2.jar (com.android.tools.build:builder-model:8.4.2) with ExternalDependencyInstrumentingArtifactTransform
Transforming gradle-api-8.4.2.jar (com.android.tools.build:gradle-api:8.4.2) with ExternalDependencyInstrumentingArtifactTransform
Transforming builder-test-api-8.4.2.jar (com.android.tools.build:builder-test-api:8.4.2) with ExternalDependencyInstrumentingArtifactTransform
Transforming android-test-plugin-host-retention-proto-31.4.2.jar (com.android.tools.utp:android-test-plugin-host-retention-proto:31.4.2) with ExternalDependencyInstrumentingArtifactTransform
Transforming ddmlib-31.4.2.jar (com.android.tools.ddms:ddmlib:31.4.2) with MergeInstrumentationAnalysisTransform
Transforming layoutlib-api-31.4.2.jar (com.android.tools.layoutlib:layoutlib-api:31.4.2) with InstrumentationAnalysisTransform
Transforming layoutlib-api-31.4.2.jar (com.android.tools.layoutlib:layoutlib-api:31.4.2) with MergeInstrumentationAnalysisTransform
Transforming dvlib-31.4.2.jar (com.android.tools:dvlib:31.4.2) with InstrumentationAnalysisTransform
Transforming ddmlib-31.4.2.jar (com.android.tools.ddms:ddmlib:31.4.2) with ExternalDependencyInstrumentingArtifactTransform
Transforming dvlib-31.4.2.jar (com.android.tools:dvlib:31.4.2) with MergeInstrumentationAnalysisTransform
Transforming common-31.4.2.jar (com.android.tools:common:31.4.2) with InstrumentationAnalysisTransform
Transforming common-31.4.2.jar (com.android.tools:common:31.4.2) with MergeInstrumentationAnalysisTransform
Transforming kotlin-stdlib-jdk8-2.0.21.jar (org.jetbrains.kotlin:kotlin-stdlib-jdk8:2.0.21) with InstrumentationAnalysisTransform
Transforming layoutlib-api-31.4.2.jar (com.android.tools.layoutlib:layoutlib-api:31.4.2) with ExternalDependencyInstrumentingArtifactTransform
Transforming kotlin-stdlib-jdk8-2.0.21.jar (org.jetbrains.kotlin:kotlin-stdlib-jdk8:2.0.21) with MergeInstrumentationAnalysisTransform
Transforming kotlin-reflect-1.9.23.jar (org.jetbrains.kotlin:kotlin-reflect:1.9.23) with InstrumentationAnalysisTransform
Transforming kotlin-reflect-1.9.23.jar (org.jetbrains.kotlin:kotlin-reflect:1.9.23) with MergeInstrumentationAnalysisTransform
Transforming kotlin-stdlib-jdk7-2.0.21.jar (org.jetbrains.kotlin:kotlin-stdlib-jdk7:2.0.21) with InstrumentationAnalysisTransform
Transforming kotlin-stdlib-jdk7-2.0.21.jar (org.jetbrains.kotlin:kotlin-stdlib-jdk7:2.0.21) with MergeInstrumentationAnalysisTransform
Transforming dvlib-31.4.2.jar (com.android.tools:dvlib:31.4.2) with ExternalDependencyInstrumentingArtifactTransform
Transforming okio-jvm-3.7.0.jar (com.squareup.okio:okio-jvm:3.7.0) with InstrumentationAnalysisTransform
Transforming okio-jvm-3.7.0.jar (com.squareup.okio:okio-jvm:3.7.0) with MergeInstrumentationAnalysisTransform
Transforming kotlin-stdlib-1.9.23.jar (org.jetbrains.kotlin:kotlin-stdlib:1.9.23) with InstrumentationAnalysisTransform
Transforming kotlin-stdlib-1.9.23.jar (org.jetbrains.kotlin:kotlin-stdlib:1.9.23) with MergeInstrumentationAnalysisTransform
Transforming annotations-13.0.jar (org.jetbrains:annotations:13.0) with InstrumentationAnalysisTransform
Transforming common-31.4.2.jar (com.android.tools:common:31.4.2) with ExternalDependencyInstrumentingArtifactTransform
Transforming annotations-13.0.jar (org.jetbrains:annotations:13.0) with MergeInstrumentationAnalysisTransform
Transforming kotlin-gradle-plugin-2.0.21-gradle85.jar (org.jetbrains.kotlin:kotlin-gradle-plugin:2.0.21) with InstrumentationAnalysisTransform
Transforming kotlin-gradle-plugin-2.0.21-gradle85.jar (org.jetbrains.kotlin:kotlin-gradle-plugin:2.0.21) with MergeInstrumentationAnalysisTransform
Transforming kotlin-gradle-plugin-model-2.0.21.jar (org.jetbrains.kotlin:kotlin-gradle-plugin-model:2.0.21) with InstrumentationAnalysisTransform
Transforming kotlin-gradle-plugin-model-2.0.21.jar (org.jetbrains.kotlin:kotlin-gradle-plugin-model:2.0.21) with MergeInstrumentationAnalysisTransform
Transforming kotlin-gradle-plugin-api-2.0.21.jar (org.jetbrains.kotlin:kotlin-gradle-plugin-api:2.0.21) with InstrumentationAnalysisTransform
Transforming kotlin-stdlib-jdk8-2.0.21.jar (org.jetbrains.kotlin:kotlin-stdlib-jdk8:2.0.21) with ExternalDependencyInstrumentingArtifactTransform
Transforming kotlin-gradle-plugin-api-2.0.21.jar (org.jetbrains.kotlin:kotlin-gradle-plugin-api:2.0.21) with MergeInstrumentationAnalysisTransform
Transforming kotlin-gradle-plugin-api-2.0.21-gradle85.jar (org.jetbrains.kotlin:kotlin-gradle-plugin-api:2.0.21) with InstrumentationAnalysisTransform
Transforming kotlin-gradle-plugin-api-2.0.21-gradle85.jar (org.jetbrains.kotlin:kotlin-gradle-plugin-api:2.0.21) with MergeInstrumentationAnalysisTransform
Transforming kotlin-serialization-2.0.21-gradle85.jar (org.jetbrains.kotlin:kotlin-serialization:2.0.21) with InstrumentationAnalysisTransform
Transforming kotlin-serialization-2.0.21-gradle85.jar (org.jetbrains.kotlin:kotlin-serialization:2.0.21) with MergeInstrumentationAnalysisTransform
Transforming kotlin-reflect-1.9.23.jar (org.jetbrains.kotlin:kotlin-reflect:1.9.23) with ExternalDependencyInstrumentingArtifactTransform
Transforming kotlin-gradle-plugin-idea-proto-2.0.21.jar (org.jetbrains.kotlin:kotlin-gradle-plugin-idea-proto:2.0.21) with InstrumentationAnalysisTransform
Transforming kotlin-gradle-plugin-idea-proto-2.0.21.jar (org.jetbrains.kotlin:kotlin-gradle-plugin-idea-proto:2.0.21) with MergeInstrumentationAnalysisTransform
Transforming kotlin-gradle-plugin-idea-2.0.21.jar (org.jetbrains.kotlin:kotlin-gradle-plugin-idea:2.0.21) with InstrumentationAnalysisTransform
Transforming kotlin-stdlib-jdk7-2.0.21.jar (org.jetbrains.kotlin:kotlin-stdlib-jdk7:2.0.21) with ExternalDependencyInstrumentingArtifactTransform
Transforming okio-jvm-3.7.0.jar (com.squareup.okio:okio-jvm:3.7.0) with ExternalDependencyInstrumentingArtifactTransform
Transforming kotlin-gradle-plugin-idea-2.0.21.jar (org.jetbrains.kotlin:kotlin-gradle-plugin-idea:2.0.21) with MergeInstrumentationAnalysisTransform
Transforming kotlin-gradle-plugin-annotations-2.0.21.jar (org.jetbrains.kotlin:kotlin-gradle-plugin-annotations:2.0.21) with InstrumentationAnalysisTransform
Transforming kotlin-gradle-plugin-annotations-2.0.21.jar (org.jetbrains.kotlin:kotlin-gradle-plugin-annotations:2.0.21) with MergeInstrumentationAnalysisTransform
Transforming kotlin-klib-commonizer-api-2.0.21.jar (org.jetbrains.kotlin:kotlin-klib-commonizer-api:2.0.21) with InstrumentationAnalysisTransform
Transforming kotlin-stdlib-1.9.23.jar (org.jetbrains.kotlin:kotlin-stdlib:1.9.23) with ExternalDependencyInstrumentingArtifactTransform
Transforming kotlin-klib-commonizer-api-2.0.21.jar (org.jetbrains.kotlin:kotlin-klib-commonizer-api:2.0.21) with MergeInstrumentationAnalysisTransform
Transforming kotlin-native-utils-2.0.21.jar (org.jetbrains.kotlin:kotlin-native-utils:2.0.21) with InstrumentationAnalysisTransform
Transforming annotations-13.0.jar (org.jetbrains:annotations:13.0) with ExternalDependencyInstrumentingArtifactTransform
Transforming kotlin-native-utils-2.0.21.jar (org.jetbrains.kotlin:kotlin-native-utils:2.0.21) with MergeInstrumentationAnalysisTransform
Transforming kotlin-tooling-core-2.0.21.jar (org.jetbrains.kotlin:kotlin-tooling-core:2.0.21) with InstrumentationAnalysisTransform
Transforming kotlin-tooling-core-2.0.21.jar (org.jetbrains.kotlin:kotlin-tooling-core:2.0.21) with MergeInstrumentationAnalysisTransform
Transforming kotlin-compiler-embeddable-2.0.21.jar (org.jetbrains.kotlin:kotlin-compiler-embeddable:2.0.21) with InstrumentationAnalysisTransform
Transforming kotlin-compiler-embeddable-2.0.21.jar (org.jetbrains.kotlin:kotlin-compiler-embeddable:2.0.21) with MergeInstrumentationAnalysisTransform
Transforming kotlin-gradle-plugin-model-2.0.21.jar (org.jetbrains.kotlin:kotlin-gradle-plugin-model:2.0.21) with ExternalDependencyInstrumentingArtifactTransform
Transforming kotlin-gradle-plugin-api-2.0.21.jar (org.jetbrains.kotlin:kotlin-gradle-plugin-api:2.0.21) with ExternalDependencyInstrumentingArtifactTransform
Transforming kotlin-gradle-plugin-api-2.0.21-gradle85.jar (org.jetbrains.kotlin:kotlin-gradle-plugin-api:2.0.21) with ExternalDependencyInstrumentingArtifactTransform
Transforming kotlin-serialization-2.0.21-gradle85.jar (org.jetbrains.kotlin:kotlin-serialization:2.0.21) with ExternalDependencyInstrumentingArtifactTransform
Transforming kotlin-gradle-plugin-idea-2.0.21.jar (org.jetbrains.kotlin:kotlin-gradle-plugin-idea:2.0.21) with ExternalDependencyInstrumentingArtifactTransform
Transforming kotlin-gradle-plugin-annotations-2.0.21.jar (org.jetbrains.kotlin:kotlin-gradle-plugin-annotations:2.0.21) with ExternalDependencyInstrumentingArtifactTransform
Transforming kotlin-klib-commonizer-api-2.0.21.jar (org.jetbrains.kotlin:kotlin-klib-commonizer-api:2.0.21) with ExternalDependencyInstrumentingArtifactTransform
Transforming kotlin-native-utils-2.0.21.jar (org.jetbrains.kotlin:kotlin-native-utils:2.0.21) with ExternalDependencyInstrumentingArtifactTransform
Transforming kotlin-tooling-core-2.0.21.jar (org.jetbrains.kotlin:kotlin-tooling-core:2.0.21) with ExternalDependencyInstrumentingArtifactTransform
Transforming kotlin-compiler-embeddable-2.0.21.jar (org.jetbrains.kotlin:kotlin-compiler-embeddable:2.0.21) with ExternalDependencyInstrumentingArtifactTransform
Transforming kotlin-gradle-plugin-2.0.21-gradle85.jar (org.jetbrains.kotlin:kotlin-gradle-plugin:2.0.21) with ExternalDependencyInstrumentingArtifactTransform
Transforming kotlin-gradle-plugin-idea-proto-2.0.21.jar (org.jetbrains.kotlin:kotlin-gradle-plugin-idea-proto:2.0.21) with ExternalDependencyInstrumentingArtifactTransform
Transforming kotlin-compiler-runner-2.0.21.jar (org.jetbrains.kotlin:kotlin-compiler-runner:2.0.21) with InstrumentationAnalysisTransform
Transforming kotlin-compiler-runner-2.0.21.jar (org.jetbrains.kotlin:kotlin-compiler-runner:2.0.21) with MergeInstrumentationAnalysisTransform
Transforming kotlin-daemon-client-2.0.21.jar (org.jetbrains.kotlin:kotlin-daemon-client:2.0.21) with InstrumentationAnalysisTransform
Transforming kotlin-daemon-client-2.0.21.jar (org.jetbrains.kotlin:kotlin-daemon-client:2.0.21) with MergeInstrumentationAnalysisTransform
Transforming kotlin-build-statistics-2.0.21.jar (org.jetbrains.kotlin:kotlin-build-statistics:2.0.21) with InstrumentationAnalysisTransform
Transforming kotlin-build-statistics-2.0.21.jar (org.jetbrains.kotlin:kotlin-build-statistics:2.0.21) with MergeInstrumentationAnalysisTransform
Transforming kotlin-build-tools-api-2.0.21.jar (org.jetbrains.kotlin:kotlin-build-tools-api:2.0.21) with InstrumentationAnalysisTransform
Transforming kotlin-build-tools-api-2.0.21.jar (org.jetbrains.kotlin:kotlin-build-tools-api:2.0.21) with MergeInstrumentationAnalysisTransform
Transforming kotlin-util-klib-2.0.21.jar (org.jetbrains.kotlin:kotlin-util-klib:2.0.21) with InstrumentationAnalysisTransform
Transforming kotlin-util-klib-2.0.21.jar (org.jetbrains.kotlin:kotlin-util-klib:2.0.21) with MergeInstrumentationAnalysisTransform
Transforming bundletool-1.15.6.jar (com.android.tools.build:bundletool:1.15.6) with InstrumentationAnalysisTransform
Transforming bundletool-1.15.6.jar (com.android.tools.build:bundletool:1.15.6) with MergeInstrumentationAnalysisTransform
Transforming aapt2-proto-8.4.2-11315950.jar (com.android.tools.build:aapt2-proto:8.4.2-11315950) with InstrumentationAnalysisTransform
Transforming aapt2-proto-8.4.2-11315950.jar (com.android.tools.build:aapt2-proto:8.4.2-11315950) with MergeInstrumentationAnalysisTransform
Transforming crash-31.4.2.jar (com.android.tools.analytics-library:crash:31.4.2) with InstrumentationAnalysisTransform
Transforming crash-31.4.2.jar (com.android.tools.analytics-library:crash:31.4.2) with MergeInstrumentationAnalysisTransform
Transforming lint-typedef-remover-31.4.2.jar (com.android.tools.lint:lint-typedef-remover:31.4.2) with InstrumentationAnalysisTransform
Transforming lint-typedef-remover-31.4.2.jar (com.android.tools.lint:lint-typedef-remover:31.4.2) with MergeInstrumentationAnalysisTransform
Transforming databinding-common-8.4.2.jar (androidx.databinding:databinding-common:8.4.2) with InstrumentationAnalysisTransform
Transforming databinding-common-8.4.2.jar (androidx.databinding:databinding-common:8.4.2) with MergeInstrumentationAnalysisTransform
Transforming baseLibrary-8.4.2.jar (com.android.databinding:baseLibrary:8.4.2) with InstrumentationAnalysisTransform
Transforming baseLibrary-8.4.2.jar (com.android.databinding:baseLibrary:8.4.2) with MergeInstrumentationAnalysisTransform
Transforming android-device-provider-ddmlib-proto-31.4.2.jar (com.android.tools.utp:android-device-provider-ddmlib-proto:31.4.2) with InstrumentationAnalysisTransform
Transforming android-device-provider-ddmlib-proto-31.4.2.jar (com.android.tools.utp:android-device-provider-ddmlib-proto:31.4.2) with MergeInstrumentationAnalysisTransform
Transforming android-device-provider-gradle-proto-31.4.2.jar (com.android.tools.utp:android-device-provider-gradle-proto:31.4.2) with InstrumentationAnalysisTransform
Transforming kotlin-compiler-runner-2.0.21.jar (org.jetbrains.kotlin:kotlin-compiler-runner:2.0.21) with ExternalDependencyInstrumentingArtifactTransform
Transforming android-device-provider-gradle-proto-31.4.2.jar (com.android.tools.utp:android-device-provider-gradle-proto:31.4.2) with MergeInstrumentationAnalysisTransform
Transforming android-test-plugin-host-additional-test-output-proto-31.4.2.jar (com.android.tools.utp:android-test-plugin-host-additional-test-output-proto:31.4.2) with InstrumentationAnalysisTransform
Transforming android-test-plugin-host-additional-test-output-proto-31.4.2.jar (com.android.tools.utp:android-test-plugin-host-additional-test-output-proto:31.4.2) with MergeInstrumentationAnalysisTransform
Transforming android-test-plugin-host-coverage-proto-31.4.2.jar (com.android.tools.utp:android-test-plugin-host-coverage-proto:31.4.2) with InstrumentationAnalysisTransform
Transforming kotlin-daemon-client-2.0.21.jar (org.jetbrains.kotlin:kotlin-daemon-client:2.0.21) with ExternalDependencyInstrumentingArtifactTransform
Transforming android-test-plugin-host-coverage-proto-31.4.2.jar (com.android.tools.utp:android-test-plugin-host-coverage-proto:31.4.2) with MergeInstrumentationAnalysisTransform
Transforming android-test-plugin-host-logcat-proto-31.4.2.jar (com.android.tools.utp:android-test-plugin-host-logcat-proto:31.4.2) with InstrumentationAnalysisTransform
Transforming android-test-plugin-host-logcat-proto-31.4.2.jar (com.android.tools.utp:android-test-plugin-host-logcat-proto:31.4.2) with MergeInstrumentationAnalysisTransform
Transforming android-test-plugin-host-apk-installer-proto-31.4.2.jar (com.android.tools.utp:android-test-plugin-host-apk-installer-proto:31.4.2) with InstrumentationAnalysisTransform
Transforming kotlin-build-statistics-2.0.21.jar (org.jetbrains.kotlin:kotlin-build-statistics:2.0.21) with ExternalDependencyInstrumentingArtifactTransform
Transforming android-test-plugin-host-apk-installer-proto-31.4.2.jar (com.android.tools.utp:android-test-plugin-host-apk-installer-proto:31.4.2) with MergeInstrumentationAnalysisTransform
Transforming android-test-plugin-result-listener-gradle-proto-31.4.2.jar (com.android.tools.utp:android-test-plugin-result-listener-gradle-proto:31.4.2) with InstrumentationAnalysisTransform
Transforming android-test-plugin-result-listener-gradle-proto-31.4.2.jar (com.android.tools.utp:android-test-plugin-result-listener-gradle-proto:31.4.2) with MergeInstrumentationAnalysisTransform
Transforming transform-api-2.0.0-deprecated-use-gradle-api.jar (com.android.tools.build:transform-api:2.0.0-deprecated-use-gradle-api) with InstrumentationAnalysisTransform
Transforming transform-api-2.0.0-deprecated-use-gradle-api.jar (com.android.tools.build:transform-api:2.0.0-deprecated-use-gradle-api) with MergeInstrumentationAnalysisTransform
Transforming httpmime-4.5.6.jar (org.apache.httpcomponents:httpmime:4.5.6) with InstrumentationAnalysisTransform
Transforming httpmime-4.5.6.jar (org.apache.httpcomponents:httpmime:4.5.6) with MergeInstrumentationAnalysisTransform
Transforming commons-io-2.13.0.jar (commons-io:commons-io:2.13.0) with InstrumentationAnalysisTransform
Transforming commons-io-2.13.0.jar (commons-io:commons-io:2.13.0) with MergeInstrumentationAnalysisTransform
Transforming kotlin-util-klib-2.0.21.jar (org.jetbrains.kotlin:kotlin-util-klib:2.0.21) with ExternalDependencyInstrumentingArtifactTransform
Transforming bundletool-1.15.6.jar (com.android.tools.build:bundletool:1.15.6) with ExternalDependencyInstrumentingArtifactTransform
Transforming aapt2-proto-8.4.2-11315950.jar (com.android.tools.build:aapt2-proto:8.4.2-11315950) with ExternalDependencyInstrumentingArtifactTransform
Transforming crash-31.4.2.jar (com.android.tools.analytics-library:crash:31.4.2) with ExternalDependencyInstrumentingArtifactTransform
Transforming databinding-common-8.4.2.jar (androidx.databinding:databinding-common:8.4.2) with ExternalDependencyInstrumentingArtifactTransform
Transforming android-device-provider-ddmlib-proto-31.4.2.jar (com.android.tools.utp:android-device-provider-ddmlib-proto:31.4.2) with ExternalDependencyInstrumentingArtifactTransform
Transforming baseLibrary-8.4.2.jar (com.android.databinding:baseLibrary:8.4.2) with ExternalDependencyInstrumentingArtifactTransform
Transforming android-test-plugin-host-additional-test-output-proto-31.4.2.jar (com.android.tools.utp:android-test-plugin-host-additional-test-output-proto:31.4.2) with ExternalDependencyInstrumentingArtifactTransform
Transforming android-device-provider-gradle-proto-31.4.2.jar (com.android.tools.utp:android-device-provider-gradle-proto:31.4.2) with ExternalDependencyInstrumentingArtifactTransform
Transforming android-test-plugin-host-coverage-proto-31.4.2.jar (com.android.tools.utp:android-test-plugin-host-coverage-proto:31.4.2) with ExternalDependencyInstrumentingArtifactTransform
Transforming android-test-plugin-host-apk-installer-proto-31.4.2.jar (com.android.tools.utp:android-test-plugin-host-apk-installer-proto:31.4.2) with ExternalDependencyInstrumentingArtifactTransform
Transforming kotlin-build-tools-api-2.0.21.jar (org.jetbrains.kotlin:kotlin-build-tools-api:2.0.21) with ExternalDependencyInstrumentingArtifactTransform
Transforming httpmime-4.5.6.jar (org.apache.httpcomponents:httpmime:4.5.6) with ExternalDependencyInstrumentingArtifactTransform
Transforming commons-io-2.13.0.jar (commons-io:commons-io:2.13.0) with ExternalDependencyInstrumentingArtifactTransform
Transforming transform-api-2.0.0-deprecated-use-gradle-api.jar (com.android.tools.build:transform-api:2.0.0-deprecated-use-gradle-api) with ExternalDependencyInstrumentingArtifactTransform
Transforming android-test-plugin-result-listener-gradle-proto-31.4.2.jar (com.android.tools.utp:android-test-plugin-result-listener-gradle-proto:31.4.2) with ExternalDependencyInstrumentingArtifactTransform
Transforming android-test-plugin-host-logcat-proto-31.4.2.jar (com.android.tools.utp:android-test-plugin-host-logcat-proto:31.4.2) with ExternalDependencyInstrumentingArtifactTransform
Transforming lint-typedef-remover-31.4.2.jar (com.android.tools.lint:lint-typedef-remover:31.4.2) with ExternalDependencyInstrumentingArtifactTransform
Transforming asm-commons-9.6.jar (org.ow2.asm:asm-commons:9.6) with InstrumentationAnalysisTransform
Transforming asm-commons-9.6.jar (org.ow2.asm:asm-commons:9.6) with MergeInstrumentationAnalysisTransform
Transforming asm-util-9.6.jar (org.ow2.asm:asm-util:9.6) with InstrumentationAnalysisTransform
Transforming asm-util-9.6.jar (org.ow2.asm:asm-util:9.6) with MergeInstrumentationAnalysisTransform
Transforming asm-analysis-9.6.jar (org.ow2.asm:asm-analysis:9.6) with InstrumentationAnalysisTransform
Transforming asm-analysis-9.6.jar (org.ow2.asm:asm-analysis:9.6) with MergeInstrumentationAnalysisTransform
Transforming asm-tree-9.6.jar (org.ow2.asm:asm-tree:9.6) with InstrumentationAnalysisTransform
Transforming asm-commons-9.6.jar (org.ow2.asm:asm-commons:9.6) with ExternalDependencyInstrumentingArtifactTransform
Transforming asm-tree-9.6.jar (org.ow2.asm:asm-tree:9.6) with MergeInstrumentationAnalysisTransform
Transforming asm-9.6.jar (org.ow2.asm:asm:9.6) with InstrumentationAnalysisTransform
Transforming asm-9.6.jar (org.ow2.asm:asm:9.6) with MergeInstrumentationAnalysisTransform
Transforming apkzlib-8.4.2.jar (com.android.tools.build:apkzlib:8.4.2) with InstrumentationAnalysisTransform
Transforming apkzlib-8.4.2.jar (com.android.tools.build:apkzlib:8.4.2) with MergeInstrumentationAnalysisTransform
Transforming asm-tree-9.6.jar (org.ow2.asm:asm-tree:9.6) with ExternalDependencyInstrumentingArtifactTransform
Transforming asm-9.6.jar (org.ow2.asm:asm:9.6) with ExternalDependencyInstrumentingArtifactTransform
Transforming apkzlib-8.4.2.jar (com.android.tools.build:apkzlib:8.4.2) with ExternalDependencyInstrumentingArtifactTransform
Transforming asm-util-9.6.jar (org.ow2.asm:asm-util:9.6) with ExternalDependencyInstrumentingArtifactTransform
Transforming bcpkix-jdk18on-1.77.jar (org.bouncycastle:bcpkix-jdk18on:1.77) with InstrumentationAnalysisTransform
Transforming bcpkix-jdk18on-1.77.jar (org.bouncycastle:bcpkix-jdk18on:1.77) with MergeInstrumentationAnalysisTransform
Transforming jaxb-runtime-2.3.2.jar (org.glassfish.jaxb:jaxb-runtime:2.3.2) with InstrumentationAnalysisTransform
Transforming jaxb-runtime-2.3.2.jar (org.glassfish.jaxb:jaxb-runtime:2.3.2) with MergeInstrumentationAnalysisTransform
Transforming jopt-simple-4.9.jar (net.sf.jopt-simple:jopt-simple:4.9) with InstrumentationAnalysisTransform
Transforming jopt-simple-4.9.jar (net.sf.jopt-simple:jopt-simple:4.9) with MergeInstrumentationAnalysisTransform
Transforming javapoet-1.10.0.jar (com.squareup:javapoet:1.10.0) with InstrumentationAnalysisTransform
Transforming javapoet-1.10.0.jar (com.squareup:javapoet:1.10.0) with MergeInstrumentationAnalysisTransform
Transforming protobuf-java-util-3.22.3.jar (com.google.protobuf:protobuf-java-util:3.22.3) with InstrumentationAnalysisTransform
Transforming protobuf-java-util-3.22.3.jar (com.google.protobuf:protobuf-java-util:3.22.3) with MergeInstrumentationAnalysisTransform
Transforming grpc-protobuf-1.57.0.jar (io.grpc:grpc-protobuf:1.57.0) with InstrumentationAnalysisTransform
Transforming grpc-protobuf-1.57.0.jar (io.grpc:grpc-protobuf:1.57.0) with MergeInstrumentationAnalysisTransform
Transforming tink-1.7.0.jar (com.google.crypto.tink:tink:1.7.0) with InstrumentationAnalysisTransform
Transforming jaxb-runtime-2.3.2.jar (org.glassfish.jaxb:jaxb-runtime:2.3.2) with ExternalDependencyInstrumentingArtifactTransform
Transforming asm-analysis-9.6.jar (org.ow2.asm:asm-analysis:9.6) with ExternalDependencyInstrumentingArtifactTransform
Transforming jopt-simple-4.9.jar (net.sf.jopt-simple:jopt-simple:4.9) with ExternalDependencyInstrumentingArtifactTransform
Transforming javapoet-1.10.0.jar (com.squareup:javapoet:1.10.0) with ExternalDependencyInstrumentingArtifactTransform
Transforming protobuf-java-util-3.22.3.jar (com.google.protobuf:protobuf-java-util:3.22.3) with ExternalDependencyInstrumentingArtifactTransform
Transforming grpc-protobuf-1.57.0.jar (io.grpc:grpc-protobuf:1.57.0) with ExternalDependencyInstrumentingArtifactTransform
Transforming tink-1.7.0.jar (com.google.crypto.tink:tink:1.7.0) with MergeInstrumentationAnalysisTransform
Transforming protos-31.4.2.jar (com.android.tools.analytics-library:protos:31.4.2) with InstrumentationAnalysisTransform
Transforming bcpkix-jdk18on-1.77.jar (org.bouncycastle:bcpkix-jdk18on:1.77) with ExternalDependencyInstrumentingArtifactTransform
Transforming protos-31.4.2.jar (com.android.tools.analytics-library:protos:31.4.2) with MergeInstrumentationAnalysisTransform
Transforming proto-google-common-protos-2.17.0.jar (com.google.api.grpc:proto-google-common-protos:2.17.0) with InstrumentationAnalysisTransform
Transforming proto-google-common-protos-2.17.0.jar (com.google.api.grpc:proto-google-common-protos:2.17.0) with MergeInstrumentationAnalysisTransform
Transforming protobuf-java-3.22.3.jar (com.google.protobuf:protobuf-java:3.22.3) with InstrumentationAnalysisTransform
Transforming tink-1.7.0.jar (com.google.crypto.tink:tink:1.7.0) with ExternalDependencyInstrumentingArtifactTransform
Transforming protos-31.4.2.jar (com.android.tools.analytics-library:protos:31.4.2) with ExternalDependencyInstrumentingArtifactTransform
Transforming protobuf-java-3.22.3.jar (com.google.protobuf:protobuf-java:3.22.3) with MergeInstrumentationAnalysisTransform
Transforming grpc-netty-1.57.0.jar (io.grpc:grpc-netty:1.57.0) with InstrumentationAnalysisTransform
Transforming grpc-netty-1.57.0.jar (io.grpc:grpc-netty:1.57.0) with MergeInstrumentationAnalysisTransform
Transforming grpc-core-1.57.0.jar (io.grpc:grpc-core:1.57.0) with InstrumentationAnalysisTransform
Transforming grpc-core-1.57.0.jar (io.grpc:grpc-core:1.57.0) with MergeInstrumentationAnalysisTransform
Transforming proto-google-common-protos-2.17.0.jar (com.google.api.grpc:proto-google-common-protos:2.17.0) with ExternalDependencyInstrumentingArtifactTransform
Transforming protobuf-java-3.22.3.jar (com.google.protobuf:protobuf-java:3.22.3) with ExternalDependencyInstrumentingArtifactTransform
Transforming grpc-core-1.57.0.jar (io.grpc:grpc-core:1.57.0) with ExternalDependencyInstrumentingArtifactTransform
Transforming gson-2.10.1.jar (com.google.code.gson:gson:2.10.1) with InstrumentationAnalysisTransform
Transforming gson-2.10.1.jar (com.google.code.gson:gson:2.10.1) with MergeInstrumentationAnalysisTransform
Transforming grpc-stub-1.57.0.jar (io.grpc:grpc-stub:1.57.0) with InstrumentationAnalysisTransform
Transforming grpc-stub-1.57.0.jar (io.grpc:grpc-stub:1.57.0) with MergeInstrumentationAnalysisTransform
Transforming core-proto-0.0.9-alpha02.jar (com.google.testing.platform:core-proto:0.0.9-alpha02) with InstrumentationAnalysisTransform
Transforming gson-2.10.1.jar (com.google.code.gson:gson:2.10.1) with ExternalDependencyInstrumentingArtifactTransform
Transforming core-proto-0.0.9-alpha02.jar (com.google.testing.platform:core-proto:0.0.9-alpha02) with MergeInstrumentationAnalysisTransform
Transforming grpc-stub-1.57.0.jar (io.grpc:grpc-stub:1.57.0) with ExternalDependencyInstrumentingArtifactTransform
Transforming grpc-netty-1.57.0.jar (io.grpc:grpc-netty:1.57.0) with ExternalDependencyInstrumentingArtifactTransform
Transforming core-proto-0.0.9-alpha02.jar (com.google.testing.platform:core-proto:0.0.9-alpha02) with ExternalDependencyInstrumentingArtifactTransform
Transforming kxml2-2.3.0.jar (net.sf.kxml:kxml2:2.3.0) with InstrumentationAnalysisTransform
Transforming kxml2-2.3.0.jar (net.sf.kxml:kxml2:2.3.0) with MergeInstrumentationAnalysisTransform
Transforming tensorflow-lite-metadata-0.1.0-rc2.jar (org.tensorflow:tensorflow-lite-metadata:0.1.0-rc2) with InstrumentationAnalysisTransform
Transforming tensorflow-lite-metadata-0.1.0-rc2.jar (org.tensorflow:tensorflow-lite-metadata:0.1.0-rc2) with MergeInstrumentationAnalysisTransform
Transforming flatbuffers-java-1.12.0.jar (com.google.flatbuffers:flatbuffers-java:1.12.0) with InstrumentationAnalysisTransform
Transforming kxml2-2.3.0.jar (net.sf.kxml:kxml2:2.3.0) with ExternalDependencyInstrumentingArtifactTransform
Transforming tensorflow-lite-metadata-0.1.0-rc2.jar (org.tensorflow:tensorflow-lite-metadata:0.1.0-rc2) with ExternalDependencyInstrumentingArtifactTransform
Transforming flatbuffers-java-1.12.0.jar (com.google.flatbuffers:flatbuffers-java:1.12.0) with MergeInstrumentationAnalysisTransform
Transforming jimfs-1.1.jar (com.google.jimfs:jimfs:1.1) with InstrumentationAnalysisTransform
Transforming jimfs-1.1.jar (com.google.jimfs:jimfs:1.1) with MergeInstrumentationAnalysisTransform
Transforming grpc-context-1.57.0.jar (io.grpc:grpc-context:1.57.0) with InstrumentationAnalysisTransform
Transforming flatbuffers-java-1.12.0.jar (com.google.flatbuffers:flatbuffers-java:1.12.0) with ExternalDependencyInstrumentingArtifactTransform
Transforming grpc-context-1.57.0.jar (io.grpc:grpc-context:1.57.0) with MergeInstrumentationAnalysisTransform
Transforming grpc-protobuf-lite-1.57.0.jar (io.grpc:grpc-protobuf-lite:1.57.0) with InstrumentationAnalysisTransform
Transforming jimfs-1.1.jar (com.google.jimfs:jimfs:1.1) with ExternalDependencyInstrumentingArtifactTransform
Transforming grpc-protobuf-lite-1.57.0.jar (io.grpc:grpc-protobuf-lite:1.57.0) with MergeInstrumentationAnalysisTransform
Transforming grpc-context-1.57.0.jar (io.grpc:grpc-context:1.57.0) with ExternalDependencyInstrumentingArtifactTransform
Transforming grpc-api-1.57.0.jar (io.grpc:grpc-api:1.57.0) with InstrumentationAnalysisTransform
Transforming grpc-api-1.57.0.jar (io.grpc:grpc-api:1.57.0) with MergeInstrumentationAnalysisTransform
Transforming guava-32.0.1-jre.jar (com.google.guava:guava:32.0.1-jre) with InstrumentationAnalysisTransform
Transforming grpc-protobuf-lite-1.57.0.jar (io.grpc:grpc-protobuf-lite:1.57.0) with ExternalDependencyInstrumentingArtifactTransform
Transforming guava-32.0.1-jre.jar (com.google.guava:guava:32.0.1-jre) with MergeInstrumentationAnalysisTransform
Transforming dagger-2.28.3.jar (com.google.dagger:dagger:2.28.3) with InstrumentationAnalysisTransform
Transforming dagger-2.28.3.jar (com.google.dagger:dagger:2.28.3) with MergeInstrumentationAnalysisTransform
Transforming javax.inject-1.jar (javax.inject:javax.inject:1) with InstrumentationAnalysisTransform
Transforming javax.inject-1.jar (javax.inject:javax.inject:1) with MergeInstrumentationAnalysisTransform
Transforming bcutil-jdk18on-1.77.jar (org.bouncycastle:bcutil-jdk18on:1.77) with InstrumentationAnalysisTransform
Transforming grpc-api-1.57.0.jar (io.grpc:grpc-api:1.57.0) with ExternalDependencyInstrumentingArtifactTransform
Transforming bcutil-jdk18on-1.77.jar (org.bouncycastle:bcutil-jdk18on:1.77) with MergeInstrumentationAnalysisTransform
Transforming bcprov-jdk18on-1.77.jar (org.bouncycastle:bcprov-jdk18on:1.77) with InstrumentationAnalysisTransform
Transforming bcprov-jdk18on-1.77.jar (org.bouncycastle:bcprov-jdk18on:1.77) with MergeInstrumentationAnalysisTransform
Transforming trove4j-1.0.20200330.jar (org.jetbrains.intellij.deps:trove4j:1.0.20200330) with InstrumentationAnalysisTransform
Transforming guava-32.0.1-jre.jar (com.google.guava:guava:32.0.1-jre) with ExternalDependencyInstrumentingArtifactTransform
Transforming trove4j-1.0.20200330.jar (org.jetbrains.intellij.deps:trove4j:1.0.20200330) with MergeInstrumentationAnalysisTransform
Transforming kotlinx-coroutines-core-jvm-1.6.4.jar (org.jetbrains.kotlinx:kotlinx-coroutines-core-jvm:1.6.4) with InstrumentationAnalysisTransform
Transforming kotlinx-coroutines-core-jvm-1.6.4.jar (org.jetbrains.kotlinx:kotlinx-coroutines-core-jvm:1.6.4) with MergeInstrumentationAnalysisTransform
Transforming kotlin-util-io-2.0.21.jar (org.jetbrains.kotlin:kotlin-util-io:2.0.21) with InstrumentationAnalysisTransform
Transforming dagger-2.28.3.jar (com.google.dagger:dagger:2.28.3) with ExternalDependencyInstrumentingArtifactTransform
Transforming kotlin-util-io-2.0.21.jar (org.jetbrains.kotlin:kotlin-util-io:2.0.21) with MergeInstrumentationAnalysisTransform
Transforming kotlin-daemon-embeddable-2.0.21.jar (org.jetbrains.kotlin:kotlin-daemon-embeddable:2.0.21) with InstrumentationAnalysisTransform
Transforming kotlin-daemon-embeddable-2.0.21.jar (org.jetbrains.kotlin:kotlin-daemon-embeddable:2.0.21) with MergeInstrumentationAnalysisTransform
Transforming commons-compress-1.21.jar (org.apache.commons:commons-compress:1.21) with InstrumentationAnalysisTransform
Transforming commons-compress-1.21.jar (org.apache.commons:commons-compress:1.21) with MergeInstrumentationAnalysisTransform
Transforming httpclient-4.5.14.jar (org.apache.httpcomponents:httpclient:4.5.14) with InstrumentationAnalysisTransform
Transforming httpclient-4.5.14.jar (org.apache.httpcomponents:httpclient:4.5.14) with MergeInstrumentationAnalysisTransform
Transforming httpcore-4.4.16.jar (org.apache.httpcomponents:httpcore:4.4.16) with InstrumentationAnalysisTransform
Transforming bcutil-jdk18on-1.77.jar (org.bouncycastle:bcutil-jdk18on:1.77) with ExternalDependencyInstrumentingArtifactTransform
Transforming bcprov-jdk18on-1.77.jar (org.bouncycastle:bcprov-jdk18on:1.77) with ExternalDependencyInstrumentingArtifactTransform
Transforming trove4j-1.0.20200330.jar (org.jetbrains.intellij.deps:trove4j:1.0.20200330) with ExternalDependencyInstrumentingArtifactTransform
Transforming kotlinx-coroutines-core-jvm-1.6.4.jar (org.jetbrains.kotlinx:kotlinx-coroutines-core-jvm:1.6.4) with ExternalDependencyInstrumentingArtifactTransform
Transforming kotlin-util-io-2.0.21.jar (org.jetbrains.kotlin:kotlin-util-io:2.0.21) with ExternalDependencyInstrumentingArtifactTransform
Transforming kotlin-daemon-embeddable-2.0.21.jar (org.jetbrains.kotlin:kotlin-daemon-embeddable:2.0.21) with ExternalDependencyInstrumentingArtifactTransform
Transforming commons-compress-1.21.jar (org.apache.commons:commons-compress:1.21) with ExternalDependencyInstrumentingArtifactTransform
Transforming httpclient-4.5.14.jar (org.apache.httpcomponents:httpclient:4.5.14) with ExternalDependencyInstrumentingArtifactTransform
Transforming javax.inject-1.jar (javax.inject:javax.inject:1) with ExternalDependencyInstrumentingArtifactTransform
Transforming httpcore-4.4.16.jar (org.apache.httpcomponents:httpcore:4.4.16) with MergeInstrumentationAnalysisTransform
Transforming javax.activation-1.2.0.jar (com.sun.activation:javax.activation:1.2.0) with InstrumentationAnalysisTransform
Transforming javax.activation-1.2.0.jar (com.sun.activation:javax.activation:1.2.0) with MergeInstrumentationAnalysisTransform
Transforming signflinger-8.4.2.jar (com.android:signflinger:8.4.2) with InstrumentationAnalysisTransform
Transforming httpcore-4.4.16.jar (org.apache.httpcomponents:httpcore:4.4.16) with ExternalDependencyInstrumentingArtifactTransform
Transforming signflinger-8.4.2.jar (com.android:signflinger:8.4.2) with MergeInstrumentationAnalysisTransform
Transforming zipflinger-8.4.2.jar (com.android:zipflinger:8.4.2) with InstrumentationAnalysisTransform
Transforming javax.activation-1.2.0.jar (com.sun.activation:javax.activation:1.2.0) with ExternalDependencyInstrumentingArtifactTransform
Transforming zipflinger-8.4.2.jar (com.android:zipflinger:8.4.2) with MergeInstrumentationAnalysisTransform
Transforming annotations-31.4.2.jar (com.android.tools:annotations:31.4.2) with InstrumentationAnalysisTransform
Transforming signflinger-8.4.2.jar (com.android:signflinger:8.4.2) with ExternalDependencyInstrumentingArtifactTransform
Transforming zipflinger-8.4.2.jar (com.android:zipflinger:8.4.2) with ExternalDependencyInstrumentingArtifactTransform
Transforming annotations-31.4.2.jar (com.android.tools:annotations:31.4.2) with MergeInstrumentationAnalysisTransform
Transforming jna-platform-5.6.0.jar (net.java.dev.jna:jna-platform:5.6.0) with InstrumentationAnalysisTransform
Transforming jna-platform-5.6.0.jar (net.java.dev.jna:jna-platform:5.6.0) with MergeInstrumentationAnalysisTransform
Transforming annotations-31.4.2.jar (com.android.tools:annotations:31.4.2) with ExternalDependencyInstrumentingArtifactTransform
Transforming juniversalchardet-1.0.3.jar (com.googlecode.juniversalchardet:juniversalchardet:1.0.3) with InstrumentationAnalysisTransform
Transforming juniversalchardet-1.0.3.jar (com.googlecode.juniversalchardet:juniversalchardet:1.0.3) with MergeInstrumentationAnalysisTransform
Transforming jna-platform-5.6.0.jar (net.java.dev.jna:jna-platform:5.6.0) with ExternalDependencyInstrumentingArtifactTransform
Transforming javax.annotation-api-1.3.2.jar (javax.annotation:javax.annotation-api:1.3.2) with InstrumentationAnalysisTransform
Transforming javax.annotation-api-1.3.2.jar (javax.annotation:javax.annotation-api:1.3.2) with MergeInstrumentationAnalysisTransform
Transforming stax-ex-1.8.1.jar (org.jvnet.staxex:stax-ex:1.8.1) with InstrumentationAnalysisTransform
Transforming stax-ex-1.8.1.jar (org.jvnet.staxex:stax-ex:1.8.1) with MergeInstrumentationAnalysisTransform
Transforming juniversalchardet-1.0.3.jar (com.googlecode.juniversalchardet:juniversalchardet:1.0.3) with ExternalDependencyInstrumentingArtifactTransform
Transforming jakarta.xml.bind-api-2.3.2.jar (jakarta.xml.bind:jakarta.xml.bind-api:2.3.2) with InstrumentationAnalysisTransform
Transforming jakarta.xml.bind-api-2.3.2.jar (jakarta.xml.bind:jakarta.xml.bind-api:2.3.2) with MergeInstrumentationAnalysisTransform
Transforming txw2-2.3.2.jar (org.glassfish.jaxb:txw2:2.3.2) with InstrumentationAnalysisTransform
Transforming txw2-2.3.2.jar (org.glassfish.jaxb:txw2:2.3.2) with MergeInstrumentationAnalysisTransform
Transforming javax.annotation-api-1.3.2.jar (javax.annotation:javax.annotation-api:1.3.2) with ExternalDependencyInstrumentingArtifactTransform
Transforming istack-commons-runtime-3.0.8.jar (com.sun.istack:istack-commons-runtime:3.0.8) with InstrumentationAnalysisTransform
Transforming istack-commons-runtime-3.0.8.jar (com.sun.istack:istack-commons-runtime:3.0.8) with MergeInstrumentationAnalysisTransform
Transforming FastInfoset-1.2.16.jar (com.sun.xml.fastinfoset:FastInfoset:1.2.16) with InstrumentationAnalysisTransform
Transforming FastInfoset-1.2.16.jar (com.sun.xml.fastinfoset:FastInfoset:1.2.16) with MergeInstrumentationAnalysisTransform
Transforming jakarta.activation-api-1.2.1.jar (jakarta.activation:jakarta.activation-api:1.2.1) with InstrumentationAnalysisTransform
Transforming jakarta.activation-api-1.2.1.jar (jakarta.activation:jakarta.activation-api:1.2.1) with MergeInstrumentationAnalysisTransform
Transforming jakarta.xml.bind-api-2.3.2.jar (jakarta.xml.bind:jakarta.xml.bind-api:2.3.2) with ExternalDependencyInstrumentingArtifactTransform
Transforming stax-ex-1.8.1.jar (org.jvnet.staxex:stax-ex:1.8.1) with ExternalDependencyInstrumentingArtifactTransform
Transforming txw2-2.3.2.jar (org.glassfish.jaxb:txw2:2.3.2) with ExternalDependencyInstrumentingArtifactTransform
Transforming FastInfoset-1.2.16.jar (com.sun.xml.fastinfoset:FastInfoset:1.2.16) with ExternalDependencyInstrumentingArtifactTransform
Transforming auto-value-annotations-1.6.2.jar (com.google.auto.value:auto-value-annotations:1.6.2) with InstrumentationAnalysisTransform
Transforming jakarta.activation-api-1.2.1.jar (jakarta.activation:jakarta.activation-api:1.2.1) with ExternalDependencyInstrumentingArtifactTransform
Transforming auto-value-annotations-1.6.2.jar (com.google.auto.value:auto-value-annotations:1.6.2) with MergeInstrumentationAnalysisTransform
Transforming error_prone_annotations-2.18.0.jar (com.google.errorprone:error_prone_annotations:2.18.0) with InstrumentationAnalysisTransform
Transforming error_prone_annotations-2.18.0.jar (com.google.errorprone:error_prone_annotations:2.18.0) with MergeInstrumentationAnalysisTransform
Transforming jose4j-0.7.0.jar (org.bitbucket.b_c:jose4j:0.7.0) with InstrumentationAnalysisTransform
Transforming auto-value-annotations-1.6.2.jar (com.google.auto.value:auto-value-annotations:1.6.2) with ExternalDependencyInstrumentingArtifactTransform
Transforming jose4j-0.7.0.jar (org.bitbucket.b_c:jose4j:0.7.0) with MergeInstrumentationAnalysisTransform
Transforming slf4j-api-1.7.30.jar (org.slf4j:slf4j-api:1.7.30) with InstrumentationAnalysisTransform
Transforming slf4j-api-1.7.30.jar (org.slf4j:slf4j-api:1.7.30) with MergeInstrumentationAnalysisTransform
Transforming jdom2-2.0.6.jar (org.jdom:jdom2:2.0.6) with InstrumentationAnalysisTransform
Transforming jdom2-2.0.6.jar (org.jdom:jdom2:2.0.6) with MergeInstrumentationAnalysisTransform
Transforming error_prone_annotations-2.18.0.jar (com.google.errorprone:error_prone_annotations:2.18.0) with ExternalDependencyInstrumentingArtifactTransform
Transforming jsr305-3.0.2.jar (com.google.code.findbugs:jsr305:3.0.2) with InstrumentationAnalysisTransform
Transforming jsr305-3.0.2.jar (com.google.code.findbugs:jsr305:3.0.2) with MergeInstrumentationAnalysisTransform
Transforming j2objc-annotations-2.8.jar (com.google.j2objc:j2objc-annotations:2.8) with InstrumentationAnalysisTransform
Transforming j2objc-annotations-2.8.jar (com.google.j2objc:j2objc-annotations:2.8) with MergeInstrumentationAnalysisTransform
Transforming annotations-4.1.1.4.jar (com.google.android:annotations:4.1.1.4) with InstrumentationAnalysisTransform
Transforming jose4j-0.7.0.jar (org.bitbucket.b_c:jose4j:0.7.0) with ExternalDependencyInstrumentingArtifactTransform
Transforming annotations-4.1.1.4.jar (com.google.android:annotations:4.1.1.4) with MergeInstrumentationAnalysisTransform
Transforming animal-sniffer-annotations-1.23.jar (org.codehaus.mojo:animal-sniffer-annotations:1.23) with InstrumentationAnalysisTransform
Transforming animal-sniffer-annotations-1.23.jar (org.codehaus.mojo:animal-sniffer-annotations:1.23) with MergeInstrumentationAnalysisTransform
Transforming perfmark-api-0.26.0.jar (io.perfmark:perfmark-api:0.26.0) with InstrumentationAnalysisTransform
Transforming perfmark-api-0.26.0.jar (io.perfmark:perfmark-api:0.26.0) with MergeInstrumentationAnalysisTransform
Transforming netty-codec-http2-4.1.93.Final.jar (io.netty:netty-codec-http2:4.1.93.Final) with InstrumentationAnalysisTransform
Transforming netty-codec-http2-4.1.93.Final.jar (io.netty:netty-codec-http2:4.1.93.Final) with MergeInstrumentationAnalysisTransform
Transforming netty-handler-proxy-4.1.93.Final.jar (io.netty:netty-handler-proxy:4.1.93.Final) with InstrumentationAnalysisTransform
Transforming slf4j-api-1.7.30.jar (org.slf4j:slf4j-api:1.7.30) with ExternalDependencyInstrumentingArtifactTransform
Transforming netty-handler-proxy-4.1.93.Final.jar (io.netty:netty-handler-proxy:4.1.93.Final) with MergeInstrumentationAnalysisTransform
Transforming netty-codec-http-4.1.93.Final.jar (io.netty:netty-codec-http:4.1.93.Final) with InstrumentationAnalysisTransform
Transforming netty-codec-http-4.1.93.Final.jar (io.netty:netty-codec-http:4.1.93.Final) with MergeInstrumentationAnalysisTransform
Transforming netty-handler-4.1.93.Final.jar (io.netty:netty-handler:4.1.93.Final) with InstrumentationAnalysisTransform
Transforming netty-handler-4.1.93.Final.jar (io.netty:netty-handler:4.1.93.Final) with MergeInstrumentationAnalysisTransform
Transforming netty-transport-native-unix-common-4.1.93.Final.jar (io.netty:netty-transport-native-unix-common:4.1.93.Final) with InstrumentationAnalysisTransform
Transforming netty-transport-native-unix-common-4.1.93.Final.jar (io.netty:netty-transport-native-unix-common:4.1.93.Final) with MergeInstrumentationAnalysisTransform
Transforming checker-qual-3.33.0.jar (org.checkerframework:checker-qual:3.33.0) with InstrumentationAnalysisTransform
Transforming checker-qual-3.33.0.jar (org.checkerframework:checker-qual:3.33.0) with MergeInstrumentationAnalysisTransform
Transforming commons-codec-1.11.jar (commons-codec:commons-codec:1.11) with InstrumentationAnalysisTransform
Transforming jsr305-3.0.2.jar (com.google.code.findbugs:jsr305:3.0.2) with ExternalDependencyInstrumentingArtifactTransform
Transforming commons-codec-1.11.jar (commons-codec:commons-codec:1.11) with MergeInstrumentationAnalysisTransform
Transforming apksig-8.4.2.jar (com.android.tools.build:apksig:8.4.2) with InstrumentationAnalysisTransform
Transforming apksig-8.4.2.jar (com.android.tools.build:apksig:8.4.2) with MergeInstrumentationAnalysisTransform
Transforming javawriter-2.5.0.jar (com.squareup:javawriter:2.5.0) with InstrumentationAnalysisTransform
Transforming javawriter-2.5.0.jar (com.squareup:javawriter:2.5.0) with MergeInstrumentationAnalysisTransform
Transforming failureaccess-1.0.1.jar (com.google.guava:failureaccess:1.0.1) with InstrumentationAnalysisTransform
Transforming j2objc-annotations-2.8.jar (com.google.j2objc:j2objc-annotations:2.8) with ExternalDependencyInstrumentingArtifactTransform
Transforming failureaccess-1.0.1.jar (com.google.guava:failureaccess:1.0.1) with MergeInstrumentationAnalysisTransform
Transforming listenablefuture-9999.0-empty-to-avoid-conflict-with-guava.jar (com.google.guava:listenablefuture:9999.0-empty-to-avoid-conflict-with-guava) with InstrumentationAnalysisTransform
Transforming listenablefuture-9999.0-empty-to-avoid-conflict-with-guava.jar (com.google.guava:listenablefuture:9999.0-empty-to-avoid-conflict-with-guava) with MergeInstrumentationAnalysisTransform
Transforming commons-logging-1.2.jar (commons-logging:commons-logging:1.2) with InstrumentationAnalysisTransform
Transforming commons-logging-1.2.jar (commons-logging:commons-logging:1.2) with MergeInstrumentationAnalysisTransform
Transforming jna-5.6.0.jar (net.java.dev.jna:jna:5.6.0) with InstrumentationAnalysisTransform
Transforming jna-5.6.0.jar (net.java.dev.jna:jna:5.6.0) with MergeInstrumentationAnalysisTransform
Transforming annotations-4.1.1.4.jar (com.google.android:annotations:4.1.1.4) with ExternalDependencyInstrumentingArtifactTransform
Transforming netty-codec-socks-4.1.93.Final.jar (io.netty:netty-codec-socks:4.1.93.Final) with InstrumentationAnalysisTransform
Transforming netty-codec-socks-4.1.93.Final.jar (io.netty:netty-codec-socks:4.1.93.Final) with MergeInstrumentationAnalysisTransform
Transforming netty-codec-4.1.93.Final.jar (io.netty:netty-codec:4.1.93.Final) with InstrumentationAnalysisTransform
Transforming netty-codec-4.1.93.Final.jar (io.netty:netty-codec:4.1.93.Final) with MergeInstrumentationAnalysisTransform
Transforming netty-transport-4.1.93.Final.jar (io.netty:netty-transport:4.1.93.Final) with InstrumentationAnalysisTransform
Transforming netty-transport-4.1.93.Final.jar (io.netty:netty-transport:4.1.93.Final) with MergeInstrumentationAnalysisTransform
Transforming netty-buffer-4.1.93.Final.jar (io.netty:netty-buffer:4.1.93.Final) with InstrumentationAnalysisTransform
Transforming animal-sniffer-annotations-1.23.jar (org.codehaus.mojo:animal-sniffer-annotations:1.23) with ExternalDependencyInstrumentingArtifactTransform
Transforming netty-buffer-4.1.93.Final.jar (io.netty:netty-buffer:4.1.93.Final) with MergeInstrumentationAnalysisTransform
Transforming netty-resolver-4.1.93.Final.jar (io.netty:netty-resolver:4.1.93.Final) with InstrumentationAnalysisTransform
Transforming netty-resolver-4.1.93.Final.jar (io.netty:netty-resolver:4.1.93.Final) with MergeInstrumentationAnalysisTransform
Transforming netty-common-4.1.93.Final.jar (io.netty:netty-common:4.1.93.Final) with InstrumentationAnalysisTransform
Transforming netty-common-4.1.93.Final.jar (io.netty:netty-common:4.1.93.Final) with MergeInstrumentationAnalysisTransform
Transforming perfmark-api-0.26.0.jar (io.perfmark:perfmark-api:0.26.0) with ExternalDependencyInstrumentingArtifactTransform
Transforming netty-codec-http2-4.1.93.Final.jar (io.netty:netty-codec-http2:4.1.93.Final) with ExternalDependencyInstrumentingArtifactTransform
Transforming netty-codec-http-4.1.93.Final.jar (io.netty:netty-codec-http:4.1.93.Final) with ExternalDependencyInstrumentingArtifactTransform
Transforming netty-handler-proxy-4.1.93.Final.jar (io.netty:netty-handler-proxy:4.1.93.Final) with ExternalDependencyInstrumentingArtifactTransform
Transforming netty-handler-4.1.93.Final.jar (io.netty:netty-handler:4.1.93.Final) with ExternalDependencyInstrumentingArtifactTransform
Transforming netty-transport-native-unix-common-4.1.93.Final.jar (io.netty:netty-transport-native-unix-common:4.1.93.Final) with ExternalDependencyInstrumentingArtifactTransform
Transforming checker-qual-3.33.0.jar (org.checkerframework:checker-qual:3.33.0) with ExternalDependencyInstrumentingArtifactTransform
Transforming apksig-8.4.2.jar (com.android.tools.build:apksig:8.4.2) with ExternalDependencyInstrumentingArtifactTransform
Transforming commons-codec-1.11.jar (commons-codec:commons-codec:1.11) with ExternalDependencyInstrumentingArtifactTransform
Transforming javawriter-2.5.0.jar (com.squareup:javawriter:2.5.0) with ExternalDependencyInstrumentingArtifactTransform
Transforming failureaccess-1.0.1.jar (com.google.guava:failureaccess:1.0.1) with ExternalDependencyInstrumentingArtifactTransform
Transforming listenablefuture-9999.0-empty-to-avoid-conflict-with-guava.jar (com.google.guava:listenablefuture:9999.0-empty-to-avoid-conflict-with-guava) with ExternalDependencyInstrumentingArtifactTransform
Transforming commons-logging-1.2.jar (commons-logging:commons-logging:1.2) with ExternalDependencyInstrumentingArtifactTransform
Transforming jna-5.6.0.jar (net.java.dev.jna:jna:5.6.0) with ExternalDependencyInstrumentingArtifactTransform
Transforming netty-codec-socks-4.1.93.Final.jar (io.netty:netty-codec-socks:4.1.93.Final) with ExternalDependencyInstrumentingArtifactTransform
Transforming netty-codec-4.1.93.Final.jar (io.netty:netty-codec:4.1.93.Final) with ExternalDependencyInstrumentingArtifactTransform
Transforming netty-transport-4.1.93.Final.jar (io.netty:netty-transport:4.1.93.Final) with ExternalDependencyInstrumentingArtifactTransform
Transforming netty-buffer-4.1.93.Final.jar (io.netty:netty-buffer:4.1.93.Final) with ExternalDependencyInstrumentingArtifactTransform
Transforming netty-resolver-4.1.93.Final.jar (io.netty:netty-resolver:4.1.93.Final) with ExternalDependencyInstrumentingArtifactTransform
Transforming jdom2-2.0.6.jar (org.jdom:jdom2:2.0.6) with ExternalDependencyInstrumentingArtifactTransform
Transforming netty-common-4.1.93.Final.jar (io.netty:netty-common:4.1.93.Final) with ExternalDependencyInstrumentingArtifactTransform
Transforming istack-commons-runtime-3.0.8.jar (com.sun.istack:istack-commons-runtime:3.0.8) with ExternalDependencyInstrumentingArtifactTransform
Using default execution profile
Using Kotlin Gradle Plugin gradle82 variant
C/C++: android.ndkVersion from module build.gradle is [29.0.14206865]
C/C++: android.ndkPath from module build.gradle is not set
C/C++: ndk.dir in local.properties is not set
C/C++: Not considering ANDROID_NDK_HOME because support was removed after deprecation period.
C/C++: sdkFolder is /home/adamoutler/Android/Sdk
C/C++: android.ndkVersion from module build.gradle is [29.0.14206865]
C/C++: android.ndkPath from module build.gradle is not set
C/C++: ndk.dir in local.properties is not set
C/C++: Not considering ANDROID_NDK_HOME because support was removed after deprecation period.
C/C++: sdkFolder is /home/adamoutler/Android/Sdk
C/C++: android.ndkVersion from module build.gradle is [29.0.14206865]
C/C++: android.ndkPath from module build.gradle is not set
C/C++: ndk.dir in local.properties is not set
C/C++: Not considering ANDROID_NDK_HOME because support was removed after deprecation period.
C/C++: sdkFolder is /home/adamoutler/Android/Sdk
C/C++: android.ndkVersion from module build.gradle is [29.0.14206865]
C/C++: android.ndkPath from module build.gradle is not set
C/C++: ndk.dir in local.properties is not set
C/C++: Not considering ANDROID_NDK_HOME because support was removed after deprecation period.
C/C++: sdkFolder is /home/adamoutler/Android/Sdk
C/C++: android.ndkVersion from module build.gradle is [29.0.14206865]
C/C++: android.ndkPath from module build.gradle is not set
C/C++: ndk.dir in local.properties is not set
C/C++: Not considering ANDROID_NDK_HOME because support was removed after deprecation period.
C/C++: sdkFolder is /home/adamoutler/Android/Sdk
C/C++: android.ndkVersion from module build.gradle is [29.0.14206865]
C/C++: android.ndkPath from module build.gradle is not set
C/C++: ndk.dir in local.properties is not set
C/C++: Not considering ANDROID_NDK_HOME because support was removed after deprecation period.
C/C++: sdkFolder is /home/adamoutler/Android/Sdk
C/C++: android.ndkVersion from module build.gradle is [29.0.14206865]
C/C++: android.ndkPath from module build.gradle is not set
C/C++: ndk.dir in local.properties is not set
C/C++: Not considering ANDROID_NDK_HOME because support was removed after deprecation period.
C/C++: sdkFolder is /home/adamoutler/Android/Sdk
C/C++: android.ndkVersion from module build.gradle is [29.0.14206865]
C/C++: android.ndkPath from module build.gradle is not set
C/C++: ndk.dir in local.properties is not set
C/C++: Not considering ANDROID_NDK_HOME because support was removed after deprecation period.
C/C++: sdkFolder is /home/adamoutler/Android/Sdk
C/C++: android.ndkVersion from module build.gradle is [29.0.14206865]
C/C++: android.ndkPath from module build.gradle is not set
C/C++: ndk.dir in local.properties is not set
C/C++: Not considering ANDROID_NDK_HOME because support was removed after deprecation period.
C/C++: sdkFolder is /home/adamoutler/Android/Sdk
C/C++: android.ndkVersion from module build.gradle is [29.0.14206865]
C/C++: android.ndkPath from module build.gradle is not set
C/C++: ndk.dir in local.properties is not set
C/C++: Not considering ANDROID_NDK_HOME because support was removed after deprecation period.
C/C++: sdkFolder is /home/adamoutler/Android/Sdk
C/C++: android.ndkVersion from module build.gradle is [29.0.14206865]
C/C++: android.ndkPath from module build.gradle is not set
C/C++: ndk.dir in local.properties is not set
C/C++: Not considering ANDROID_NDK_HOME because support was removed after deprecation period.
C/C++: sdkFolder is /home/adamoutler/Android/Sdk
C/C++: android.ndkVersion from module build.gradle is [29.0.14206865]
C/C++: android.ndkPath from module build.gradle is not set
C/C++: ndk.dir in local.properties is not set
C/C++: Not considering ANDROID_NDK_HOME because support was removed after deprecation period.
C/C++: sdkFolder is /home/adamoutler/Android/Sdk
C/C++: android.ndkVersion from module build.gradle is [29.0.14206865]
C/C++: android.ndkPath from module build.gradle is not set
C/C++: ndk.dir in local.properties is not set
C/C++: Not considering ANDROID_NDK_HOME because support was removed after deprecation period.
C/C++: sdkFolder is /home/adamoutler/Android/Sdk
All projects evaluated.
Task name matched 'connectedDebugAndroidTest'
Selected primary task 'connectedDebugAndroidTest' from project :
Tasks to be executed: [task ':app:checkKotlinGradlePluginConfigurationErrors', task ':app:preBuild', task ':app:preDebugBuild', task ':app:generateDebugBuildConfig', task ':app:checkDebugAarMetadata', task ':app:generateDebugResValues', task ':app:mapDebugSourceSetPaths', task ':app:generateDebugResources', task ':app:mergeDebugResources', task ':app:packageDebugResources', task ':app:parseDebugLocalResources', task ':app:createDebugCompatibleScreenManifests', task ':app:extractDeepLinksDebug', task ':app:processDebugMainManifest', task ':app:processDebugManifest', task ':app:processDebugManifestForPackage', task ':app:processDebugResources', task ':app:compileDebugKotlin', task ':app:javaPreCompileDebug', task ':app:compileDebugJavaWithJavac', task ':app:bundleDebugClassesToCompileJar', task ':app:preDebugAndroidTestBuild', task ':app:processDebugAndroidTestManifest', task ':app:generateDebugAndroidTestBuildConfig', task ':app:checkDebugAndroidTestAarMetadata', task ':app:generateDebugAndroidTestResValues', task ':app:mapDebugAndroidTestSourceSetPaths', task ':app:generateDebugAndroidTestResources', task ':app:mergeDebugAndroidTestResources', task ':app:processDebugAndroidTestResources', task ':app:compileDebugAndroidTestKotlin', task ':app:javaPreCompileDebugAndroidTest', task ':app:compileDebugAndroidTestJavaWithJavac', task ':app:mergeDebugShaders', task ':app:compileDebugShaders', task ':app:generateDebugAssets', task ':app:mergeDebugAssets', task ':app:compressDebugAssets', task ':app:desugarDebugFileDependencies', task ':app:dexBuilderDebug', task ':app:mergeDebugGlobalSynthetics', task ':app:processDebugJavaRes', task ':app:mergeDebugJavaResource', task ':app:checkDebugDuplicateClasses', task ':app:mergeExtDexDebug', task ':app:mergeLibDexDebug', task ':app:mergeProjectDexDebug', task ':app:configureNdkBuildDebug[arm64-v8a]', task ':app:buildNdkBuildDebug[arm64-v8a]', task ':app:configureNdkBuildDebug[armeabi-v7a]', task ':app:buildNdkBuildDebug[armeabi-v7a]', task ':app:configureNdkBuildDebug[x86]', task ':app:buildNdkBuildDebug[x86]', task ':app:configureNdkBuildDebug[x86_64]', task ':app:buildNdkBuildDebug[x86_64]', task ':app:mergeDebugJniLibFolders', task ':app:mergeDebugNativeLibs', task ':app:stripDebugDebugSymbols', task ':app:validateSigningDebug', task ':app:writeDebugAppMetadata', task ':app:writeDebugSigningConfigVersions', task ':app:packageDebug', task ':app:createDebugApkListingFileRedirect', task ':app:mergeDebugAndroidTestShaders', task ':app:compileDebugAndroidTestShaders', task ':app:generateDebugAndroidTestAssets', task ':app:mergeDebugAndroidTestAssets', task ':app:compressDebugAndroidTestAssets', task ':app:desugarDebugAndroidTestFileDependencies', task ':app:dexBuilderDebugAndroidTest', task ':app:mergeDebugAndroidTestGlobalSynthetics', task ':app:processDebugAndroidTestJavaRes', task ':app:mergeDebugAndroidTestJavaResource', task ':app:checkDebugAndroidTestDuplicateClasses', task ':app:mergeExtDexDebugAndroidTest', task ':app:mergeLibDexDebugAndroidTest', task ':app:mergeProjectDexDebugAndroidTest', task ':app:mergeDebugAndroidTestJniLibFolders', task ':app:mergeDebugAndroidTestNativeLibs', task ':app:stripDebugAndroidTestDebugSymbols', task ':app:validateSigningDebugAndroidTest', task ':app:writeDebugAndroidTestSigningConfigVersions', task ':app:packageDebugAndroidTest', task ':app:createDebugAndroidTestApkListingFileRedirect', task ':app:connectedDebugAndroidTest']
Tasks that were excluded: []
Resolve mutations for :app:checkKotlinGradlePluginConfigurationErrors (Thread[#15963,Execution worker,5,main]) started.
:app:checkKotlinGradlePluginConfigurationErrors (Thread[#15966,Execution worker Thread 4,5,main]) started.

> Task :app:checkKotlinGradlePluginConfigurationErrors
Caching disabled for task ':app:checkKotlinGradlePluginConfigurationErrors' because:
  Build cache is disabled
Task ':app:checkKotlinGradlePluginConfigurationErrors' is not up-to-date because:
  Task has not declared any outputs despite executing actions.
Resolve mutations for :app:preBuild (Thread[#15966,Execution worker Thread 4,5,main]) started.
:app:preBuild (Thread[#15973,Execution worker Thread 10,5,main]) started.

> Task :app:preBuild UP-TO-DATE
Skipping task ':app:preBuild' as it has no actions.
Resolve mutations for :app:preDebugBuild (Thread[#15965,Execution worker Thread 3,5,main]) started.
:app:preDebugBuild (Thread[#15977,Execution worker Thread 14,5,main]) started.

> Task :app:preDebugBuild UP-TO-DATE
Skipping task ':app:preDebugBuild' as it has no actions.
Resolve mutations for :app:generateDebugBuildConfig (Thread[#15977,Execution worker Thread 14,5,main]) started.
:app:generateDebugBuildConfig (Thread[#15977,Execution worker Thread 14,5,main]) started.

> Task :app:generateDebugBuildConfig UP-TO-DATE
Caching disabled for task ':app:generateDebugBuildConfig' because:
  Build cache is disabled
Skipping task ':app:generateDebugBuildConfig' as it is up-to-date.
Resolve mutations for :app:checkDebugAarMetadata (Thread[#15977,Execution worker Thread 14,5,main]) started.
:app:checkDebugAarMetadata (Thread[#15977,Execution worker Thread 14,5,main]) started.

> Task :app:checkDebugAarMetadata UP-TO-DATE
Transforming billing-6.2.0.aar (com.android.billingclient:billing:6.2.0) with ExtractAarTransform
Transforming play-services-auth-base-18.0.10.aar (com.google.android.gms:play-services-auth-base:18.0.10) with ExtractAarTransform
Transforming constraintlayout-2.0.1.aar (androidx.constraintlayout:constraintlayout:2.0.1) with ExtractAarTransform
Transforming billing-6.2.0.aar (com.android.billingclient:billing:6.2.0) with AarTransform
Transforming play-services-auth-base-18.0.10.aar (com.google.android.gms:play-services-auth-base:18.0.10) with AarTransform
Transforming constraintlayout-2.0.1.aar (androidx.constraintlayout:constraintlayout:2.0.1) with AarTransform
Transforming play-services-location-19.0.0.aar (com.google.android.gms:play-services-location:19.0.0) with ExtractAarTransform
Transforming play-services-auth-21.1.1.aar (com.google.android.gms:play-services-auth:21.1.1) with ExtractAarTransform
Transforming play-services-location-19.0.0.aar (com.google.android.gms:play-services-location:19.0.0) with AarTransform
Transforming play-services-auth-21.1.1.aar (com.google.android.gms:play-services-auth:21.1.1) with AarTransform
Transforming play-services-fido-20.1.0.aar (com.google.android.gms:play-services-fido:20.1.0) with ExtractAarTransform
Transforming googleid-1.1.0.aar (com.google.android.libraries.identity.googleid:googleid:1.1.0) with ExtractAarTransform
Transforming play-services-fido-20.1.0.aar (com.google.android.gms:play-services-fido:20.1.0) with AarTransform
Transforming credentials-1.2.1.aar (androidx.credentials:credentials:1.2.1) with ExtractAarTransform
Transforming credentials-1.2.1.aar (androidx.credentials:credentials:1.2.1) with AarTransform
Transforming billing-ktx-6.2.0.aar (com.android.billingclient:billing-ktx:6.2.0) with ExtractAarTransform
Transforming termux-shared-v0.118.3.aar (com.github.termux.termux-app:termux-shared:v0.118.3) with ExtractAarTransform
Transforming billing-ktx-6.2.0.aar (com.android.billingclient:billing-ktx:6.2.0) with AarTransform
Transforming termux-shared-v0.118.3.aar (com.github.termux.termux-app:termux-shared:v0.118.3) with AarTransform
Transforming window-1.0.0-alpha09.aar (androidx.window:window:1.0.0-alpha09) with ExtractAarTransform
Transforming window-1.0.0-alpha09.aar (androidx.window:window:1.0.0-alpha09) with AarTransform
Transforming material-1.4.0.aar (com.google.android.material:material:1.4.0) with ExtractAarTransform
Transforming appcompat-1.3.1.aar (androidx.appcompat:appcompat:1.3.1) with ExtractAarTransform
Transforming material-1.4.0.aar (com.google.android.material:material:1.4.0) with AarTransform
Transforming appcompat-1.3.1.aar (androidx.appcompat:appcompat:1.3.1) with AarTransform
Transforming play-services-base-18.3.0.aar (com.google.android.gms:play-services-base:18.3.0) with ExtractAarTransform
Transforming play-services-base-18.3.0.aar (com.google.android.gms:play-services-base:18.3.0) with ExtractAarTransform
Transforming play-services-base-18.3.0.aar (com.google.android.gms:play-services-base:18.3.0) with AarTransform
Transforming play-services-tasks-18.1.0.aar (com.google.android.gms:play-services-tasks:18.1.0) with ExtractAarTransform
Transforming play-services-base-18.3.0.aar (com.google.android.gms:play-services-base:18.3.0) with AarTransform
Transforming play-services-tasks-18.1.0.aar (com.google.android.gms:play-services-tasks:18.1.0) with ExtractAarTransform
Transforming play-services-tasks-18.1.0.aar (com.google.android.gms:play-services-tasks:18.1.0) with ExtractAarTransform
Transforming play-services-tasks-18.1.0.aar (com.google.android.gms:play-services-tasks:18.1.0) with AarTransform
Transforming play-services-tasks-18.1.0.aar (com.google.android.gms:play-services-tasks:18.1.0) with ExtractAarTransform
Transforming play-services-tasks-18.1.0.aar (com.google.android.gms:play-services-tasks:18.1.0) with AarTransform
Transforming play-services-basement-18.3.0.aar (com.google.android.gms:play-services-basement:18.3.0) with ExtractAarTransform
Transforming play-services-basement-18.3.0.aar (com.google.android.gms:play-services-basement:18.3.0) with ExtractAarTransform
Transforming play-services-basement-18.3.0.aar (com.google.android.gms:play-services-basement:18.3.0) with AarTransform
Transforming viewpager2-1.0.0.aar (androidx.viewpager2:viewpager2:1.0.0) with ExtractAarTransform
Transforming viewpager2-1.0.0.aar (androidx.viewpager2:viewpager2:1.0.0) with AarTransform
Transforming fragment-1.5.7.aar (androidx.fragment:fragment:1.5.7) with ExtractAarTransform
Transforming play-services-base-18.3.0.aar (com.google.android.gms:play-services-base:18.3.0) with ExtractAarTransform
Transforming fragment-1.5.7.aar (androidx.fragment:fragment:1.5.7) with AarTransform
Transforming play-services-base-18.3.0.aar (com.google.android.gms:play-services-base:18.3.0) with ExtractAarTransform
Transforming play-services-base-18.3.0.aar (com.google.android.gms:play-services-base:18.3.0) with AarTransform
Transforming play-services-base-18.3.0.aar (com.google.android.gms:play-services-base:18.3.0) with AarTransform
Transforming fragment-1.5.7.aar (androidx.fragment:fragment:1.5.7) with ExtractAarTransform
Transforming fragment-1.5.7.aar (androidx.fragment:fragment:1.5.7) with AarTransform
Transforming dynamicanimation-1.0.0.aar (androidx.dynamicanimation:dynamicanimation:1.0.0) with ExtractAarTransform
Transforming play-services-basement-18.3.0.aar (com.google.android.gms:play-services-basement:18.3.0) with ExtractAarTransform
Transforming play-services-basement-18.3.0.aar (com.google.android.gms:play-services-basement:18.3.0) with ExtractAarTransform
Transforming dynamicanimation-1.0.0.aar (androidx.dynamicanimation:dynamicanimation:1.0.0) with AarTransform
Transforming play-services-basement-18.3.0.aar (com.google.android.gms:play-services-basement:18.3.0) with AarTransform
Transforming loader-1.1.0.aar (androidx.loader:loader:1.1.0) with ExtractAarTransform
Transforming loader-1.1.0.aar (androidx.loader:loader:1.1.0) with ExtractAarTransform
Transforming loader-1.1.0.aar (androidx.loader:loader:1.1.0) with ExtractAarTransform
Transforming loader-1.1.0.aar (androidx.loader:loader:1.1.0) with AarTransform
Transforming loader-1.1.0.aar (androidx.loader:loader:1.1.0) with AarTransform
Transforming work-runtime-ktx-2.9.0.aar (androidx.work:work-runtime-ktx:2.9.0) with ExtractAarTransform
Transforming work-runtime-ktx-2.9.0.aar (androidx.work:work-runtime-ktx:2.9.0) with AarTransform
Transforming work-runtime-2.9.0.aar (androidx.work:work-runtime:2.9.0) with ExtractAarTransform
Transforming work-runtime-2.9.0.aar (androidx.work:work-runtime:2.9.0) with AarTransform
Transforming navigation-common-2.7.7.aar (androidx.navigation:navigation-common:2.7.7) with ExtractAarTransform
Transforming navigation-common-2.7.7.aar (androidx.navigation:navigation-common:2.7.7) with AarTransform
Transforming navigation-runtime-2.7.7.aar (androidx.navigation:navigation-runtime:2.7.7) with ExtractAarTransform
Transforming navigation-common-ktx-2.7.7.aar (androidx.navigation:navigation-common-ktx:2.7.7) with ExtractAarTransform
Transforming navigation-common-ktx-2.7.7.aar (androidx.navigation:navigation-common-ktx:2.7.7) with AarTransform
Transforming navigation-runtime-ktx-2.7.7.aar (androidx.navigation:navigation-runtime-ktx:2.7.7) with ExtractAarTransform
Transforming navigation-runtime-ktx-2.7.7.aar (androidx.navigation:navigation-runtime-ktx:2.7.7) with AarTransform
Transforming navigation-compose-2.7.7.aar (androidx.navigation:navigation-compose:2.7.7) with ExtractAarTransform
Transforming navigation-compose-2.7.7.aar (androidx.navigation:navigation-compose:2.7.7) with AarTransform
Transforming material3-release.aar (androidx.compose.material3:material3-android:1.2.1) with ExtractAarTransform
Transforming material3-release.aar (androidx.compose.material3:material3-android:1.2.1) with AarTransform
Transforming savedstate-ktx-1.2.1.aar (androidx.savedstate:savedstate-ktx:1.2.1) with ExtractAarTransform
Transforming savedstate-ktx-1.2.1.aar (androidx.savedstate:savedstate-ktx:1.2.1) with AarTransform
Transforming material-ripple-release.aar (androidx.compose.material:material-ripple-android:1.6.7) with ExtractAarTransform
Transforming play-services-fido-20.1.0.aar (com.google.android.gms:play-services-fido:20.1.0) with ExtractAarTransform
Transforming material-ripple-release.aar (androidx.compose.material:material-ripple-android:1.6.7) with AarTransform
Transforming play-services-fido-20.1.0.aar (com.google.android.gms:play-services-fido:20.1.0) with AarTransform
Transforming navigation-runtime-2.7.7.aar (androidx.navigation:navigation-runtime:2.7.7) with AarTransform
Transforming loader-1.1.0.aar (androidx.loader:loader:1.1.0) with AarTransform
Transforming material-icons-core-release.aar (androidx.compose.material:material-icons-core-android:1.6.7) with ExtractAarTransform
Transforming legacy-support-core-utils-1.0.0.aar (androidx.legacy:legacy-support-core-utils:1.0.0) with ExtractAarTransform
Transforming material-icons-core-release.aar (androidx.compose.material:material-icons-core-android:1.6.7) with AarTransform
Transforming material-icons-extended-release.aar (androidx.compose.material:material-icons-extended-android:1.6.7) with ExtractAarTransform
Transforming legacy-support-core-utils-1.0.0.aar (androidx.legacy:legacy-support-core-utils:1.0.0) with AarTransform
Transforming play-services-basement-18.3.0.aar (com.google.android.gms:play-services-basement:18.3.0) with AarTransform
Transforming material-icons-extended-release.aar (androidx.compose.material:material-icons-extended-android:1.6.7) with AarTransform
Transforming play-services-basement-18.3.0.aar (com.google.android.gms:play-services-basement:18.3.0) with ExtractAarTransform
Transforming play-services-basement-18.3.0.aar (com.google.android.gms:play-services-basement:18.3.0) with AarTransform
Transforming foundation-release.aar (androidx.compose.foundation:foundation-android:1.6.7) with ExtractAarTransform
Transforming play-services-base-18.3.0.aar (com.google.android.gms:play-services-base:18.3.0) with ExtractAarTransform
Transforming play-services-base-18.3.0.aar (com.google.android.gms:play-services-base:18.3.0) with ExtractAarTransform
Transforming animation-release.aar (androidx.compose.animation:animation-android:1.6.7) with ExtractAarTransform
Transforming play-services-base-18.3.0.aar (com.google.android.gms:play-services-base:18.3.0) with AarTransform
Transforming play-services-basement-18.3.0.aar (com.google.android.gms:play-services-basement:18.3.0) with AarTransform
Transforming animation-release.aar (androidx.compose.animation:animation-android:1.6.7) with AarTransform
Transforming play-services-auth-api-phone-18.0.2.aar (com.google.android.gms:play-services-auth-api-phone:18.0.2) with ExtractAarTransform
Transforming credentials-1.2.1.aar (androidx.credentials:credentials:1.2.1) with ExtractAarTransform
Transforming play-services-auth-api-phone-18.0.2.aar (com.google.android.gms:play-services-auth-api-phone:18.0.2) with AarTransform
Transforming play-services-tasks-18.1.0.aar (com.google.android.gms:play-services-tasks:18.1.0) with AarTransform
Transforming ui-util-release.aar (androidx.compose.ui:ui-util-android:1.6.7) with ExtractAarTransform
Transforming credentials-1.2.1.aar (androidx.credentials:credentials:1.2.1) with AarTransform
Transforming play-services-tasks-18.1.0.aar (com.google.android.gms:play-services-tasks:18.1.0) with AarTransform
Transforming ui-tooling-preview-release.aar (androidx.compose.ui:ui-tooling-preview-android:1.6.7) with ExtractAarTransform
Transforming ui-tooling-preview-release.aar (androidx.compose.ui:ui-tooling-preview-android:1.6.7) with AarTransform
Transforming ui-geometry-release.aar (androidx.compose.ui:ui-geometry-android:1.6.7) with ExtractAarTransform
Transforming ui-geometry-release.aar (androidx.compose.ui:ui-geometry-android:1.6.7) with AarTransform
Transforming lifecycle-process-2.8.0.aar (androidx.lifecycle:lifecycle-process:2.8.0) with ExtractAarTransform
Transforming lifecycle-process-2.8.0.aar (androidx.lifecycle:lifecycle-process:2.8.0) with AarTransform
Transforming play-services-places-placereport-17.0.0.aar (com.google.android.gms:play-services-places-placereport:17.0.0) with ExtractAarTransform
Transforming lifecycle-livedata-core-ktx-2.8.0.aar (androidx.lifecycle:lifecycle-livedata-core-ktx:2.8.0) with ExtractAarTransform
Transforming play-services-tasks-18.1.0.aar (com.google.android.gms:play-services-tasks:18.1.0) with ExtractAarTransform
Transforming lifecycle-livedata-core-ktx-2.8.0.aar (androidx.lifecycle:lifecycle-livedata-core-ktx:2.8.0) with AarTransform
Transforming play-services-tasks-18.1.0.aar (com.google.android.gms:play-services-tasks:18.1.0) with ExtractAarTransform
Transforming play-services-tasks-18.1.0.aar (com.google.android.gms:play-services-tasks:18.1.0) with AarTransform
Transforming play-services-tasks-18.1.0.aar (com.google.android.gms:play-services-tasks:18.1.0) with AarTransform
Transforming play-services-tasks-18.1.0.aar (com.google.android.gms:play-services-tasks:18.1.0) with ExtractAarTransform
Transforming credentials-play-services-auth-1.2.1.aar (androidx.credentials:credentials-play-services-auth:1.2.1) with ExtractAarTransform
Transforming play-services-tasks-18.1.0.aar (com.google.android.gms:play-services-tasks:18.1.0) with AarTransform
Transforming googleid-1.1.0.aar (com.google.android.libraries.identity.googleid:googleid:1.1.0) with AarTransform
Transforming credentials-play-services-auth-1.2.1.aar (androidx.credentials:credentials-play-services-auth:1.2.1) with AarTransform
Transforming ui-graphics-release.aar (androidx.compose.ui:ui-graphics-android:1.6.7) with ExtractAarTransform
Transforming ui-graphics-release.aar (androidx.compose.ui:ui-graphics-android:1.6.7) with AarTransform
Transforming lifecycle-livedata-core-2.8.0.aar (androidx.lifecycle:lifecycle-livedata-core:2.8.0) with ExtractAarTransform
Transforming emoji2-1.3.0.aar (androidx.emoji2:emoji2:1.3.0) with ExtractAarTransform
Transforming lifecycle-livedata-core-2.8.0.aar (androidx.lifecycle:lifecycle-livedata-core:2.8.0) with AarTransform
Transforming emoji2-1.3.0.aar (androidx.emoji2:emoji2:1.3.0) with AarTransform
Transforming lifecycle-viewmodel-release.aar (androidx.lifecycle:lifecycle-viewmodel-android:2.8.0) with ExtractAarTransform
Transforming play-services-places-placereport-17.0.0.aar (com.google.android.gms:play-services-places-placereport:17.0.0) with AarTransform
Transforming ui-text-release.aar (androidx.compose.ui:ui-text-android:1.6.7) with ExtractAarTransform
Transforming ui-text-release.aar (androidx.compose.ui:ui-text-android:1.6.7) with AarTransform
Transforming ui-util-release.aar (androidx.compose.ui:ui-util-android:1.6.7) with AarTransform
Transforming ui-unit-release.aar (androidx.compose.ui:ui-unit-android:1.6.7) with ExtractAarTransform
Transforming animation-core-release.aar (androidx.compose.animation:animation-core-android:1.6.7) with ExtractAarTransform
Transforming ui-unit-release.aar (androidx.compose.ui:ui-unit-android:1.6.7) with AarTransform
Transforming ui-tooling-data-release.aar (androidx.compose.ui:ui-tooling-data-android:1.6.7) with ExtractAarTransform
Transforming animation-core-release.aar (androidx.compose.animation:animation-core-android:1.6.7) with AarTransform
Transforming play-services-base-18.3.0.aar (com.google.android.gms:play-services-base:18.3.0) with AarTransform
Transforming ui-tooling-release.aar (androidx.compose.ui:ui-tooling-android:1.6.7) with ExtractAarTransform
Transforming foundation-release.aar (androidx.compose.foundation:foundation-android:1.6.7) with AarTransform
Transforming ui-tooling-release.aar (androidx.compose.ui:ui-tooling-android:1.6.7) with AarTransform
Transforming lifecycle-runtime-release.aar (androidx.lifecycle:lifecycle-runtime-android:2.8.0) with ExtractAarTransform
Transforming lifecycle-livedata-2.8.0.aar (androidx.lifecycle:lifecycle-livedata:2.8.0) with ExtractAarTransform
Transforming lifecycle-runtime-release.aar (androidx.lifecycle:lifecycle-runtime-android:2.8.0) with AarTransform
Transforming foundation-layout-release.aar (androidx.compose.foundation:foundation-layout-android:1.6.7) with ExtractAarTransform
Transforming material-release.aar (androidx.compose.material:material-android:1.6.7) with ExtractAarTransform
Transforming lifecycle-viewmodel-savedstate-2.8.0.aar (androidx.lifecycle:lifecycle-viewmodel-savedstate:2.8.0) with ExtractAarTransform
Transforming savedstate-1.2.1.aar (androidx.savedstate:savedstate:1.2.1) with ExtractAarTransform
Transforming appcompat-resources-1.3.1.aar (androidx.appcompat:appcompat-resources:1.3.1) with ExtractAarTransform
Transforming savedstate-1.2.1.aar (androidx.savedstate:savedstate:1.2.1) with AarTransform
Transforming activity-1.9.0.aar (androidx.activity:activity:1.9.0) with ExtractAarTransform
Transforming appcompat-resources-1.3.1.aar (androidx.appcompat:appcompat-resources:1.3.1) with AarTransform
Transforming foundation-layout-release.aar (androidx.compose.foundation:foundation-layout-android:1.6.7) with AarTransform
Transforming activity-1.9.0.aar (androidx.activity:activity:1.9.0) with AarTransform
Transforming lifecycle-viewmodel-savedstate-2.8.0.aar (androidx.lifecycle:lifecycle-viewmodel-savedstate:2.8.0) with AarTransform
Transforming coordinatorlayout-1.1.0.aar (androidx.coordinatorlayout:coordinatorlayout:1.1.0) with ExtractAarTransform
Transforming material-release.aar (androidx.compose.material:material-android:1.6.7) with AarTransform
Transforming activity-ktx-1.9.0.aar (androidx.activity:activity-ktx:1.9.0) with ExtractAarTransform
Transforming lifecycle-livedata-2.8.0.aar (androidx.lifecycle:lifecycle-livedata:2.8.0) with AarTransform
Transforming activity-1.9.0.aar (androidx.activity:activity:1.9.0) with ExtractAarTransform
Transforming activity-1.9.0.aar (androidx.activity:activity:1.9.0) with AarTransform
Transforming ui-tooling-data-release.aar (androidx.compose.ui:ui-tooling-data-android:1.6.7) with AarTransform
Transforming vectordrawable-animated-1.1.0.aar (androidx.vectordrawable:vectordrawable-animated:1.1.0) with ExtractAarTransform
Transforming ui-test-manifest-1.6.7.aar (androidx.compose.ui:ui-test-manifest:1.6.7) with ExtractAarTransform
Transforming vectordrawable-animated-1.1.0.aar (androidx.vectordrawable:vectordrawable-animated:1.1.0) with AarTransform
Transforming ui-release.aar (androidx.compose.ui:ui-android:1.6.7) with ExtractAarTransform
Transforming viewpager-1.0.0.aar (androidx.viewpager:viewpager:1.0.0) with ExtractAarTransform
Transforming ui-release.aar (androidx.compose.ui:ui-android:1.6.7) with AarTransform
Transforming recycler-4.6.2.aar (io.noties.markwon:recycler:4.6.2) with ExtractAarTransform
Transforming lifecycle-viewmodel-release.aar (androidx.lifecycle:lifecycle-viewmodel-android:2.8.0) with AarTransform
Transforming recycler-4.6.2.aar (io.noties.markwon:recycler:4.6.2) with AarTransform
Transforming autofill-1.0.0.aar (androidx.autofill:autofill:1.0.0) with ExtractAarTransform
Transforming recyclerview-1.1.0.aar (androidx.recyclerview:recyclerview:1.1.0) with ExtractAarTransform
Transforming autofill-1.0.0.aar (androidx.autofill:autofill:1.0.0) with AarTransform
Transforming customview-1.0.0.aar (androidx.customview:customview:1.0.0) with ExtractAarTransform
Transforming customview-1.0.0.aar (androidx.customview:customview:1.0.0) with ExtractAarTransform
Transforming activity-compose-1.9.0.aar (androidx.activity:activity-compose:1.9.0) with ExtractAarTransform
Transforming lifecycle-viewmodel-compose-release.aar (androidx.lifecycle:lifecycle-viewmodel-compose-android:2.8.0) with ExtractAarTransform
Transforming activity-compose-1.9.0.aar (androidx.activity:activity-compose:1.9.0) with AarTransform
Transforming vectordrawable-1.1.0.aar (androidx.vectordrawable:vectordrawable:1.1.0) with ExtractAarTransform
Transforming lifecycle-livedata-core-2.8.0.aar (androidx.lifecycle:lifecycle-livedata-core:2.8.0) with ExtractAarTransform
Transforming vectordrawable-1.1.0.aar (androidx.vectordrawable:vectordrawable:1.1.0) with AarTransform
Transforming lifecycle-livedata-core-2.8.0.aar (androidx.lifecycle:lifecycle-livedata-core:2.8.0) with AarTransform
Transforming lifecycle-service-2.8.0.aar (androidx.lifecycle:lifecycle-service:2.8.0) with ExtractAarTransform
Transforming lifecycle-viewmodel-2.8.0.aar (androidx.lifecycle:lifecycle-viewmodel:2.8.0) with ExtractAarTransform
Transforming core-1.13.1.aar (androidx.core:core:1.13.1) with ExtractAarTransform
Transforming lifecycle-service-2.8.0.aar (androidx.lifecycle:lifecycle-service:2.8.0) with AarTransform
Transforming core-1.13.1.aar (androidx.core:core:1.13.1) with AarTransform
Transforming lifecycle-runtime-ktx-release.aar (androidx.lifecycle:lifecycle-runtime-ktx-android:2.8.0) with ExtractAarTransform
Transforming core-1.13.1.aar (androidx.core:core:1.13.1) with ExtractAarTransform
Transforming customview-1.0.0.aar (androidx.customview:customview:1.0.0) with ExtractAarTransform
Transforming lifecycle-runtime-ktx-release.aar (androidx.lifecycle:lifecycle-runtime-ktx-android:2.8.0) with AarTransform
Transforming transition-1.2.0.aar (androidx.transition:transition:1.2.0) with ExtractAarTransform
Transforming customview-1.0.0.aar (androidx.customview:customview:1.0.0) with AarTransform
Transforming vectordrawable-1.1.0.aar (androidx.vectordrawable:vectordrawable:1.1.0) with ExtractAarTransform
Transforming transition-1.2.0.aar (androidx.transition:transition:1.2.0) with AarTransform
Transforming vectordrawable-1.1.0.aar (androidx.vectordrawable:vectordrawable:1.1.0) with AarTransform
Transforming lifecycle-viewmodel-compose-release.aar (androidx.lifecycle:lifecycle-viewmodel-compose-android:2.8.0) with AarTransform
Transforming core-1.13.1.aar (androidx.core:core:1.13.1) with ExtractAarTransform
Transforming core-1.13.1.aar (androidx.core:core:1.13.1) with ExtractAarTransform
Transforming customview-1.0.0.aar (androidx.customview:customview:1.0.0) with AarTransform
Transforming core-1.13.1.aar (androidx.core:core:1.13.1) with AarTransform
Transforming customview-1.0.0.aar (androidx.customview:customview:1.0.0) with AarTransform
Transforming recyclerview-1.1.0.aar (androidx.recyclerview:recyclerview:1.1.0) with AarTransform
Transforming viewpager-1.0.0.aar (androidx.viewpager:viewpager:1.0.0) with AarTransform
Transforming customview-poolingcontainer-1.0.0.aar (androidx.customview:customview-poolingcontainer:1.0.0) with ExtractAarTransform
Transforming ui-test-manifest-1.6.7.aar (androidx.compose.ui:ui-test-manifest:1.6.7) with AarTransform
Transforming customview-poolingcontainer-1.0.0.aar (androidx.customview:customview-poolingcontainer:1.0.0) with AarTransform
Transforming lifecycle-viewmodel-ktx-2.8.0.aar (androidx.lifecycle:lifecycle-viewmodel-ktx:2.8.0) with ExtractAarTransform
Transforming security-crypto-ktx-1.1.0-alpha06.aar (androidx.security:security-crypto-ktx:1.1.0-alpha06) with ExtractAarTransform
Transforming activity-ktx-1.9.0.aar (androidx.activity:activity-ktx:1.9.0) with AarTransform
Transforming core-ktx-1.13.1.aar (androidx.core:core-ktx:1.13.1) with ExtractAarTransform
Transforming coordinatorlayout-1.1.0.aar (androidx.coordinatorlayout:coordinatorlayout:1.1.0) with AarTransform
Transforming annotation-experimental-1.4.0.aar (androidx.annotation:annotation-experimental:1.4.0) with ExtractAarTransform
Transforming drawerlayout-1.0.0.aar (androidx.drawerlayout:drawerlayout:1.0.0) with ExtractAarTransform
Transforming runtime-saveable-release.aar (androidx.compose.runtime:runtime-saveable-android:1.6.7) with ExtractAarTransform
Transforming drawerlayout-1.0.0.aar (androidx.drawerlayout:drawerlayout:1.0.0) with AarTransform
Transforming runtime-saveable-release.aar (androidx.compose.runtime:runtime-saveable-android:1.6.7) with AarTransform
Transforming room-ktx-2.5.0.aar (androidx.room:room-ktx:2.5.0) with ExtractAarTransform
Transforming terminal-view-v0.118.3.aar (com.github.termux.termux-app:terminal-view:v0.118.3) with ExtractAarTransform
Transforming core-ktx-1.13.1.aar (androidx.core:core-ktx:1.13.1) with AarTransform
Transforming terminal-view-v0.118.3.aar (com.github.termux.termux-app:terminal-view:v0.118.3) with AarTransform
Transforming recyclerview-1.1.0.aar (androidx.recyclerview:recyclerview:1.1.0) with ExtractAarTransform
Transforming runtime-release.aar (androidx.compose.runtime:runtime-android:1.6.7) with ExtractAarTransform
Transforming security-crypto-ktx-1.1.0-alpha06.aar (androidx.security:security-crypto-ktx:1.1.0-alpha06) with AarTransform
Transforming lifecycle-viewmodel-ktx-2.8.0.aar (androidx.lifecycle:lifecycle-viewmodel-ktx:2.8.0) with AarTransform
Transforming security-crypto-1.1.0-alpha06.aar (androidx.security:security-crypto:1.1.0-alpha06) with ExtractAarTransform
Transforming core-1.13.1.aar (androidx.core:core:1.13.1) with ExtractAarTransform
Transforming security-crypto-1.1.0-alpha06.aar (androidx.security:security-crypto:1.1.0-alpha06) with AarTransform
Transforming core-1.13.1.aar (androidx.core:core:1.13.1) with ExtractAarTransform
Transforming core-1.13.1.aar (androidx.core:core:1.13.1) with AarTransform
Transforming linkify-4.6.2.aar (io.noties.markwon:linkify:4.6.2) with ExtractAarTransform
Transforming core-1.13.1.aar (androidx.core:core:1.13.1) with ExtractAarTransform
Transforming linkify-4.6.2.aar (io.noties.markwon:linkify:4.6.2) with AarTransform
Transforming core-1.13.1.aar (androidx.core:core:1.13.1) with ExtractAarTransform
Transforming core-1.13.1.aar (androidx.core:core:1.13.1) with AarTransform
Transforming core-1.13.1.aar (androidx.core:core:1.13.1) with AarTransform
Transforming core-1.13.1.aar (androidx.core:core:1.13.1) with AarTransform
Transforming core-1.13.1.aar (androidx.core:core:1.13.1) with ExtractAarTransform
Transforming versionedparcelable-1.1.1.aar (androidx.versionedparcelable:versionedparcelable:1.1.1) with ExtractAarTransform
Transforming core-1.13.1.aar (androidx.core:core:1.13.1) with AarTransform
Transforming cardview-1.0.0.aar (androidx.cardview:cardview:1.0.0) with ExtractAarTransform
Transforming versionedparcelable-1.1.1.aar (androidx.versionedparcelable:versionedparcelable:1.1.1) with AarTransform
Transforming cardview-1.0.0.aar (androidx.cardview:cardview:1.0.0) with AarTransform
Transforming transport-runtime-3.1.8.aar (com.google.android.datatransport:transport-runtime:3.1.8) with ExtractAarTransform
Transforming transport-api-3.0.0.aar (com.google.android.datatransport:transport-api:3.0.0) with ExtractAarTransform
Transforming lifecycle-viewmodel-2.8.0.aar (androidx.lifecycle:lifecycle-viewmodel:2.8.0) with AarTransform
Transforming core-1.13.1.aar (androidx.core:core:1.13.1) with ExtractAarTransform
Transforming transport-api-3.0.0.aar (com.google.android.datatransport:transport-api:3.0.0) with ExtractAarTransform
Transforming transport-api-3.0.0.aar (com.google.android.datatransport:transport-api:3.0.0) with AarTransform
Transforming transport-runtime-3.1.8.aar (com.google.android.datatransport:transport-runtime:3.1.8) with AarTransform
Transforming core-4.6.2.aar (io.noties.markwon:core:4.6.2) with ExtractAarTransform
Transforming core-1.13.1.aar (androidx.core:core:1.13.1) with AarTransform
Transforming profileinstaller-1.3.1.aar (androidx.profileinstaller:profileinstaller:1.3.1) with ExtractAarTransform
Transforming startup-runtime-1.1.1.aar (androidx.startup:startup-runtime:1.1.1) with ExtractAarTransform
Transforming core-1.13.1.aar (androidx.core:core:1.13.1) with AarTransform
Transforming startup-runtime-1.1.1.aar (androidx.startup:startup-runtime:1.1.1) with AarTransform
Transforming tracing-1.0.0.aar (androidx.tracing:tracing:1.0.0) with ExtractAarTransform
Transforming tracing-1.0.0.aar (androidx.tracing:tracing:1.0.0) with AarTransform
Transforming firebase-encoders-json-18.0.0.aar (com.google.firebase:firebase-encoders-json:18.0.0) with ExtractAarTransform
Transforming firebase-encoders-json-18.0.0.aar (com.google.firebase:firebase-encoders-json:18.0.0) with AarTransform
Transforming sqlite-2.3.0.aar (androidx.sqlite:sqlite:2.3.0) with ExtractAarTransform
Transforming sqlite-2.3.0.aar (androidx.sqlite:sqlite:2.3.0) with AarTransform
Transforming documentfile-1.0.0.aar (androidx.documentfile:documentfile:1.0.0) with ExtractAarTransform
Transforming documentfile-1.0.0.aar (androidx.documentfile:documentfile:1.0.0) with AarTransform
Transforming print-1.0.0.aar (androidx.print:print:1.0.0) with ExtractAarTransform
Transforming print-1.0.0.aar (androidx.print:print:1.0.0) with AarTransform
Transforming terminal-emulator-v0.118.3.aar (com.github.termux.termux-app:terminal-emulator:v0.118.3) with ExtractAarTransform
Transforming terminal-emulator-v0.118.3.aar (com.github.termux.termux-app:terminal-emulator:v0.118.3) with AarTransform
Transforming hiddenapibypass-6.1.aar (org.lsposed.hiddenapibypass:hiddenapibypass:6.1) with ExtractAarTransform
Transforming hiddenapibypass-6.1.aar (org.lsposed.hiddenapibypass:hiddenapibypass:6.1) with AarTransform
Transforming ext-strikethrough-4.6.2.aar (io.noties.markwon:ext-strikethrough:4.6.2) with ExtractAarTransform
Transforming runtime-release.aar (androidx.compose.runtime:runtime-android:1.6.7) with AarTransform
Transforming ext-strikethrough-4.6.2.aar (io.noties.markwon:ext-strikethrough:4.6.2) with AarTransform
Transforming sqlite-framework-2.3.0.aar (androidx.sqlite:sqlite-framework:2.3.0) with ExtractAarTransform
Transforming sqlite-framework-2.3.0.aar (androidx.sqlite:sqlite-framework:2.3.0) with AarTransform
Transforming recyclerview-1.1.0.aar (androidx.recyclerview:recyclerview:1.1.0) with AarTransform
Transforming room-runtime-2.5.0.aar (androidx.room:room-runtime:2.5.0) with ExtractAarTransform
Transforming customview-1.0.0.aar (androidx.customview:customview:1.0.0) with ExtractAarTransform
Transforming room-runtime-2.5.0.aar (androidx.room:room-runtime:2.5.0) with AarTransform
Transforming room-ktx-2.5.0.aar (androidx.room:room-ktx:2.5.0) with AarTransform
Transforming customview-1.0.0.aar (androidx.customview:customview:1.0.0) with AarTransform
Transforming annotation-experimental-1.4.0.aar (androidx.annotation:annotation-experimental:1.4.0) with AarTransform
Transforming localbroadcastmanager-1.0.0.aar (androidx.localbroadcastmanager:localbroadcastmanager:1.0.0) with ExtractAarTransform
Transforming localbroadcastmanager-1.0.0.aar (androidx.localbroadcastmanager:localbroadcastmanager:1.0.0) with AarTransform
Transforming interpolator-1.0.0.aar (androidx.interpolator:interpolator:1.0.0) with ExtractAarTransform
Transforming interpolator-1.0.0.aar (androidx.interpolator:interpolator:1.0.0) with AarTransform
Transforming core-runtime-2.2.0.aar (androidx.arch.core:core-runtime:2.2.0) with ExtractAarTransform
Transforming core-runtime-2.2.0.aar (androidx.arch.core:core-runtime:2.2.0) with AarTransform
Transforming cursoradapter-1.0.0.aar (androidx.cursoradapter:cursoradapter:1.0.0) with ExtractAarTransform
Transforming cursoradapter-1.0.0.aar (androidx.cursoradapter:cursoradapter:1.0.0) with AarTransform
Transforming transport-backend-cct-3.1.8.aar (com.google.android.datatransport:transport-backend-cct:3.1.8) with ExtractAarTransform
Transforming transport-backend-cct-3.1.8.aar (com.google.android.datatransport:transport-backend-cct:3.1.8) with AarTransform
Transforming profileinstaller-1.3.1.aar (androidx.profileinstaller:profileinstaller:1.3.1) with AarTransform
Transforming core-4.6.2.aar (io.noties.markwon:core:4.6.2) with AarTransform
Transforming transport-runtime-3.1.8.aar (com.google.android.datatransport:transport-runtime:3.1.8) with ExtractAarTransform
Transforming core-1.13.1.aar (androidx.core:core:1.13.1) with AarTransform
Transforming transport-api-3.0.0.aar (com.google.android.datatransport:transport-api:3.0.0) with AarTransform
Transforming transport-runtime-3.1.8.aar (com.google.android.datatransport:transport-runtime:3.1.8) with AarTransform
Transforming interpolator-1.0.0.aar (androidx.interpolator:interpolator:1.0.0) with ExtractAarTransform
Transforming interpolator-1.0.0.aar (androidx.interpolator:interpolator:1.0.0) with AarTransform
Caching disabled for task ':app:checkDebugAarMetadata' because:
  Build cache is disabled
  Caching has been disabled for the task
Skipping task ':app:checkDebugAarMetadata' as it is up-to-date.
Resolve mutations for :app:generateDebugResValues (Thread[#15977,Execution worker Thread 14,5,main]) started.
:app:generateDebugResValues (Thread[#15977,Execution worker Thread 14,5,main]) started.

> Task :app:generateDebugResValues UP-TO-DATE
Caching disabled for task ':app:generateDebugResValues' because:
  Build cache is disabled
Skipping task ':app:generateDebugResValues' as it is up-to-date.
Resolve mutations for :app:mapDebugSourceSetPaths (Thread[#15977,Execution worker Thread 14,5,main]) started.
:app:mapDebugSourceSetPaths (Thread[#15974,Execution worker Thread 11,5,main]) started.

> Task :app:mapDebugSourceSetPaths UP-TO-DATE
Transforming termux-shared-v0.118.3.aar (com.github.termux.termux-app:termux-shared:v0.118.3) with ExtractAarTransform
Transforming termux-shared-v0.118.3.aar (com.github.termux.termux-app:termux-shared:v0.118.3) with AarTransform
Transforming material-1.4.0.aar (com.google.android.material:material:1.4.0) with ExtractAarTransform
Transforming material-1.4.0.aar (com.google.android.material:material:1.4.0) with AarTransform
Transforming constraintlayout-2.0.1.aar (androidx.constraintlayout:constraintlayout:2.0.1) with ExtractAarTransform
Transforming constraintlayout-2.0.1.aar (androidx.constraintlayout:constraintlayout:2.0.1) with AarTransform
Transforming appcompat-1.3.1.aar (androidx.appcompat:appcompat:1.3.1) with ExtractAarTransform
Transforming appcompat-1.3.1.aar (androidx.appcompat:appcompat:1.3.1) with AarTransform
Transforming window-1.0.0-alpha09.aar (androidx.window:window:1.0.0-alpha09) with ExtractAarTransform
Transforming window-1.0.0-alpha09.aar (androidx.window:window:1.0.0-alpha09) with AarTransform
Transforming googleid-1.1.0.aar (com.google.android.libraries.identity.googleid:googleid:1.1.0) with ExtractAarTransform
Transforming googleid-1.1.0.aar (com.google.android.libraries.identity.googleid:googleid:1.1.0) with AarTransform
Transforming credentials-1.2.1.aar (androidx.credentials:credentials:1.2.1) with ExtractAarTransform
Transforming credentials-1.2.1.aar (androidx.credentials:credentials:1.2.1) with AarTransform
Transforming credentials-1.2.1.aar (androidx.credentials:credentials:1.2.1) with ExtractAarTransform
Transforming credentials-1.2.1.aar (androidx.credentials:credentials:1.2.1) with AarTransform
Transforming credentials-play-services-auth-1.2.1.aar (androidx.credentials:credentials-play-services-auth:1.2.1) with ExtractAarTransform
Transforming credentials-play-services-auth-1.2.1.aar (androidx.credentials:credentials-play-services-auth:1.2.1) with AarTransform
Transforming play-services-auth-21.1.1.aar (com.google.android.gms:play-services-auth:21.1.1) with ExtractAarTransform
Transforming play-services-auth-21.1.1.aar (com.google.android.gms:play-services-auth:21.1.1) with AarTransform
Transforming billing-ktx-6.2.0.aar (com.android.billingclient:billing-ktx:6.2.0) with ExtractAarTransform
Transforming billing-ktx-6.2.0.aar (com.android.billingclient:billing-ktx:6.2.0) with AarTransform
Transforming billing-6.2.0.aar (com.android.billingclient:billing:6.2.0) with ExtractAarTransform
Transforming billing-6.2.0.aar (com.android.billingclient:billing:6.2.0) with AarTransform
Transforming play-services-fido-20.1.0.aar (com.google.android.gms:play-services-fido:20.1.0) with ExtractAarTransform
Transforming play-services-fido-20.1.0.aar (com.google.android.gms:play-services-fido:20.1.0) with AarTransform
Transforming play-services-fido-20.1.0.aar (com.google.android.gms:play-services-fido:20.1.0) with ExtractAarTransform
Transforming play-services-fido-20.1.0.aar (com.google.android.gms:play-services-fido:20.1.0) with AarTransform
Transforming play-services-auth-api-phone-18.0.2.aar (com.google.android.gms:play-services-auth-api-phone:18.0.2) with ExtractAarTransform
Transforming play-services-auth-api-phone-18.0.2.aar (com.google.android.gms:play-services-auth-api-phone:18.0.2) with AarTransform
Transforming play-services-auth-base-18.0.10.aar (com.google.android.gms:play-services-auth-base:18.0.10) with ExtractAarTransform
Transforming play-services-auth-base-18.0.10.aar (com.google.android.gms:play-services-auth-base:18.0.10) with AarTransform
Transforming play-services-location-19.0.0.aar (com.google.android.gms:play-services-location:19.0.0) with ExtractAarTransform
Transforming play-services-location-19.0.0.aar (com.google.android.gms:play-services-location:19.0.0) with AarTransform
Transforming play-services-base-18.3.0.aar (com.google.android.gms:play-services-base:18.3.0) with ExtractAarTransform
Transforming play-services-base-18.3.0.aar (com.google.android.gms:play-services-base:18.3.0) with AarTransform
Transforming play-services-tasks-18.1.0.aar (com.google.android.gms:play-services-tasks:18.1.0) with ExtractAarTransform
Transforming play-services-tasks-18.1.0.aar (com.google.android.gms:play-services-tasks:18.1.0) with AarTransform
Transforming play-services-places-placereport-17.0.0.aar (com.google.android.gms:play-services-places-placereport:17.0.0) with ExtractAarTransform
Transforming play-services-places-placereport-17.0.0.aar (com.google.android.gms:play-services-places-placereport:17.0.0) with AarTransform
Transforming play-services-basement-18.3.0.aar (com.google.android.gms:play-services-basement:18.3.0) with ExtractAarTransform
Transforming play-services-basement-18.3.0.aar (com.google.android.gms:play-services-basement:18.3.0) with AarTransform
Transforming viewpager2-1.0.0.aar (androidx.viewpager2:viewpager2:1.0.0) with ExtractAarTransform
Transforming viewpager2-1.0.0.aar (androidx.viewpager2:viewpager2:1.0.0) with AarTransform
Transforming fragment-1.5.7.aar (androidx.fragment:fragment:1.5.7) with ExtractAarTransform
Transforming fragment-1.5.7.aar (androidx.fragment:fragment:1.5.7) with AarTransform
Transforming fragment-1.5.7.aar (androidx.fragment:fragment:1.5.7) with ExtractAarTransform
Transforming fragment-1.5.7.aar (androidx.fragment:fragment:1.5.7) with AarTransform
Transforming dynamicanimation-1.0.0.aar (androidx.dynamicanimation:dynamicanimation:1.0.0) with ExtractAarTransform
Transforming dynamicanimation-1.0.0.aar (androidx.dynamicanimation:dynamicanimation:1.0.0) with AarTransform
Transforming legacy-support-core-utils-1.0.0.aar (androidx.legacy:legacy-support-core-utils:1.0.0) with ExtractAarTransform
Transforming legacy-support-core-utils-1.0.0.aar (androidx.legacy:legacy-support-core-utils:1.0.0) with AarTransform
Transforming loader-1.1.0.aar (androidx.loader:loader:1.1.0) with ExtractAarTransform
Transforming loader-1.1.0.aar (androidx.loader:loader:1.1.0) with AarTransform
Transforming loader-1.1.0.aar (androidx.loader:loader:1.1.0) with ExtractAarTransform
Transforming loader-1.1.0.aar (androidx.loader:loader:1.1.0) with AarTransform
Transforming work-runtime-ktx-2.9.0.aar (androidx.work:work-runtime-ktx:2.9.0) with ExtractAarTransform
Transforming work-runtime-ktx-2.9.0.aar (androidx.work:work-runtime-ktx:2.9.0) with AarTransform
Transforming work-runtime-2.9.0.aar (androidx.work:work-runtime:2.9.0) with ExtractAarTransform
Transforming work-runtime-2.9.0.aar (androidx.work:work-runtime:2.9.0) with AarTransform
Transforming navigation-common-2.7.7.aar (androidx.navigation:navigation-common:2.7.7) with ExtractAarTransform
Transforming navigation-common-2.7.7.aar (androidx.navigation:navigation-common:2.7.7) with AarTransform
Transforming navigation-runtime-2.7.7.aar (androidx.navigation:navigation-runtime:2.7.7) with ExtractAarTransform
Transforming navigation-runtime-2.7.7.aar (androidx.navigation:navigation-runtime:2.7.7) with AarTransform
Transforming navigation-common-ktx-2.7.7.aar (androidx.navigation:navigation-common-ktx:2.7.7) with ExtractAarTransform
Transforming navigation-common-ktx-2.7.7.aar (androidx.navigation:navigation-common-ktx:2.7.7) with AarTransform
Transforming navigation-runtime-ktx-2.7.7.aar (androidx.navigation:navigation-runtime-ktx:2.7.7) with ExtractAarTransform
Transforming navigation-runtime-ktx-2.7.7.aar (androidx.navigation:navigation-runtime-ktx:2.7.7) with AarTransform
Transforming navigation-compose-2.7.7.aar (androidx.navigation:navigation-compose:2.7.7) with ExtractAarTransform
Transforming navigation-compose-2.7.7.aar (androidx.navigation:navigation-compose:2.7.7) with AarTransform
Transforming material3-release.aar (androidx.compose.material3:material3-android:1.2.1) with ExtractAarTransform
Transforming material3-release.aar (androidx.compose.material3:material3-android:1.2.1) with AarTransform
Transforming savedstate-ktx-1.2.1.aar (androidx.savedstate:savedstate-ktx:1.2.1) with ExtractAarTransform
Transforming savedstate-ktx-1.2.1.aar (androidx.savedstate:savedstate-ktx:1.2.1) with AarTransform
Transforming material-ripple-release.aar (androidx.compose.material:material-ripple-android:1.6.7) with ExtractAarTransform
Transforming material-ripple-release.aar (androidx.compose.material:material-ripple-android:1.6.7) with AarTransform
Transforming material-icons-core-release.aar (androidx.compose.material:material-icons-core-android:1.6.7) with ExtractAarTransform
Transforming material-icons-core-release.aar (androidx.compose.material:material-icons-core-android:1.6.7) with AarTransform
Transforming material-icons-extended-release.aar (androidx.compose.material:material-icons-extended-android:1.6.7) with ExtractAarTransform
Transforming material-icons-extended-release.aar (androidx.compose.material:material-icons-extended-android:1.6.7) with AarTransform
Transforming material-release.aar (androidx.compose.material:material-android:1.6.7) with ExtractAarTransform
Transforming material-release.aar (androidx.compose.material:material-android:1.6.7) with AarTransform
Transforming savedstate-1.2.1.aar (androidx.savedstate:savedstate:1.2.1) with ExtractAarTransform
Transforming savedstate-1.2.1.aar (androidx.savedstate:savedstate:1.2.1) with AarTransform
Transforming foundation-release.aar (androidx.compose.foundation:foundation-android:1.6.7) with ExtractAarTransform
Transforming foundation-release.aar (androidx.compose.foundation:foundation-android:1.6.7) with AarTransform
Transforming foundation-layout-release.aar (androidx.compose.foundation:foundation-layout-android:1.6.7) with ExtractAarTransform
Transforming foundation-layout-release.aar (androidx.compose.foundation:foundation-layout-android:1.6.7) with AarTransform
Transforming animation-core-release.aar (androidx.compose.animation:animation-core-android:1.6.7) with ExtractAarTransform
Transforming animation-core-release.aar (androidx.compose.animation:animation-core-android:1.6.7) with AarTransform
Transforming animation-release.aar (androidx.compose.animation:animation-android:1.6.7) with ExtractAarTransform
Transforming animation-release.aar (androidx.compose.animation:animation-android:1.6.7) with AarTransform
Transforming ui-tooling-data-release.aar (androidx.compose.ui:ui-tooling-data-android:1.6.7) with ExtractAarTransform
Transforming ui-tooling-data-release.aar (androidx.compose.ui:ui-tooling-data-android:1.6.7) with AarTransform
Transforming ui-unit-release.aar (androidx.compose.ui:ui-unit-android:1.6.7) with ExtractAarTransform
Transforming ui-unit-release.aar (androidx.compose.ui:ui-unit-android:1.6.7) with AarTransform
Transforming ui-geometry-release.aar (androidx.compose.ui:ui-geometry-android:1.6.7) with ExtractAarTransform
Transforming ui-geometry-release.aar (androidx.compose.ui:ui-geometry-android:1.6.7) with AarTransform
Transforming ui-util-release.aar (androidx.compose.ui:ui-util-android:1.6.7) with ExtractAarTransform
Transforming ui-util-release.aar (androidx.compose.ui:ui-util-android:1.6.7) with AarTransform
Transforming ui-tooling-preview-release.aar (androidx.compose.ui:ui-tooling-preview-android:1.6.7) with ExtractAarTransform
Transforming ui-tooling-preview-release.aar (androidx.compose.ui:ui-tooling-preview-android:1.6.7) with AarTransform
Transforming ui-graphics-release.aar (androidx.compose.ui:ui-graphics-android:1.6.7) with ExtractAarTransform
Transforming ui-graphics-release.aar (androidx.compose.ui:ui-graphics-android:1.6.7) with AarTransform
Transforming ui-text-release.aar (androidx.compose.ui:ui-text-android:1.6.7) with ExtractAarTransform
Transforming ui-text-release.aar (androidx.compose.ui:ui-text-android:1.6.7) with AarTransform
Transforming emoji2-1.3.0.aar (androidx.emoji2:emoji2:1.3.0) with ExtractAarTransform
Transforming emoji2-1.3.0.aar (androidx.emoji2:emoji2:1.3.0) with AarTransform
Transforming lifecycle-process-2.8.0.aar (androidx.lifecycle:lifecycle-process:2.8.0) with ExtractAarTransform
Transforming lifecycle-process-2.8.0.aar (androidx.lifecycle:lifecycle-process:2.8.0) with AarTransform
Transforming lifecycle-livedata-core-ktx-2.8.0.aar (androidx.lifecycle:lifecycle-livedata-core-ktx:2.8.0) with ExtractAarTransform
Transforming lifecycle-livedata-core-ktx-2.8.0.aar (androidx.lifecycle:lifecycle-livedata-core-ktx:2.8.0) with AarTransform
Transforming lifecycle-viewmodel-2.8.0.aar (androidx.lifecycle:lifecycle-viewmodel:2.8.0) with ExtractAarTransform
Transforming lifecycle-viewmodel-2.8.0.aar (androidx.lifecycle:lifecycle-viewmodel:2.8.0) with AarTransform
Transforming lifecycle-viewmodel-release.aar (androidx.lifecycle:lifecycle-viewmodel-android:2.8.0) with ExtractAarTransform
Transforming lifecycle-viewmodel-release.aar (androidx.lifecycle:lifecycle-viewmodel-android:2.8.0) with AarTransform
Transforming lifecycle-runtime-release.aar (androidx.lifecycle:lifecycle-runtime-android:2.8.0) with ExtractAarTransform
Transforming lifecycle-runtime-release.aar (androidx.lifecycle:lifecycle-runtime-android:2.8.0) with AarTransform
Transforming lifecycle-service-2.8.0.aar (androidx.lifecycle:lifecycle-service:2.8.0) with ExtractAarTransform
Transforming lifecycle-service-2.8.0.aar (androidx.lifecycle:lifecycle-service:2.8.0) with AarTransform
Transforming lifecycle-livedata-2.8.0.aar (androidx.lifecycle:lifecycle-livedata:2.8.0) with ExtractAarTransform
Transforming lifecycle-livedata-2.8.0.aar (androidx.lifecycle:lifecycle-livedata:2.8.0) with AarTransform
Transforming lifecycle-livedata-core-2.8.0.aar (androidx.lifecycle:lifecycle-livedata-core:2.8.0) with ExtractAarTransform
Transforming lifecycle-livedata-core-2.8.0.aar (androidx.lifecycle:lifecycle-livedata-core:2.8.0) with AarTransform
Transforming lifecycle-livedata-core-2.8.0.aar (androidx.lifecycle:lifecycle-livedata-core:2.8.0) with ExtractAarTransform
Transforming lifecycle-livedata-core-2.8.0.aar (androidx.lifecycle:lifecycle-livedata-core:2.8.0) with AarTransform
Transforming lifecycle-viewmodel-savedstate-2.8.0.aar (androidx.lifecycle:lifecycle-viewmodel-savedstate:2.8.0) with ExtractAarTransform
Transforming lifecycle-viewmodel-savedstate-2.8.0.aar (androidx.lifecycle:lifecycle-viewmodel-savedstate:2.8.0) with AarTransform
Transforming lifecycle-viewmodel-ktx-2.8.0.aar (androidx.lifecycle:lifecycle-viewmodel-ktx:2.8.0) with ExtractAarTransform
Transforming lifecycle-viewmodel-ktx-2.8.0.aar (androidx.lifecycle:lifecycle-viewmodel-ktx:2.8.0) with AarTransform
Transforming lifecycle-runtime-ktx-release.aar (androidx.lifecycle:lifecycle-runtime-ktx-android:2.8.0) with ExtractAarTransform
Transforming lifecycle-runtime-ktx-release.aar (androidx.lifecycle:lifecycle-runtime-ktx-android:2.8.0) with AarTransform
Transforming lifecycle-viewmodel-compose-release.aar (androidx.lifecycle:lifecycle-viewmodel-compose-android:2.8.0) with ExtractAarTransform
Transforming lifecycle-viewmodel-compose-release.aar (androidx.lifecycle:lifecycle-viewmodel-compose-android:2.8.0) with AarTransform
Transforming ui-release.aar (androidx.compose.ui:ui-android:1.6.7) with ExtractAarTransform
Transforming ui-release.aar (androidx.compose.ui:ui-android:1.6.7) with AarTransform
Transforming ui-test-manifest-1.6.7.aar (androidx.compose.ui:ui-test-manifest:1.6.7) with ExtractAarTransform
Transforming ui-test-manifest-1.6.7.aar (androidx.compose.ui:ui-test-manifest:1.6.7) with AarTransform
Transforming ui-tooling-release.aar (androidx.compose.ui:ui-tooling-android:1.6.7) with ExtractAarTransform
Transforming ui-tooling-release.aar (androidx.compose.ui:ui-tooling-android:1.6.7) with AarTransform
Transforming activity-compose-1.9.0.aar (androidx.activity:activity-compose:1.9.0) with ExtractAarTransform
Transforming activity-compose-1.9.0.aar (androidx.activity:activity-compose:1.9.0) with AarTransform
Transforming activity-ktx-1.9.0.aar (androidx.activity:activity-ktx:1.9.0) with ExtractAarTransform
Transforming activity-ktx-1.9.0.aar (androidx.activity:activity-ktx:1.9.0) with AarTransform
Transforming activity-1.9.0.aar (androidx.activity:activity:1.9.0) with ExtractAarTransform
Transforming activity-1.9.0.aar (androidx.activity:activity:1.9.0) with AarTransform
Transforming activity-1.9.0.aar (androidx.activity:activity:1.9.0) with ExtractAarTransform
Transforming activity-1.9.0.aar (androidx.activity:activity:1.9.0) with AarTransform
Transforming appcompat-resources-1.3.1.aar (androidx.appcompat:appcompat-resources:1.3.1) with ExtractAarTransform
Transforming appcompat-resources-1.3.1.aar (androidx.appcompat:appcompat-resources:1.3.1) with AarTransform
Transforming drawerlayout-1.0.0.aar (androidx.drawerlayout:drawerlayout:1.0.0) with ExtractAarTransform
Transforming drawerlayout-1.0.0.aar (androidx.drawerlayout:drawerlayout:1.0.0) with AarTransform
Transforming coordinatorlayout-1.1.0.aar (androidx.coordinatorlayout:coordinatorlayout:1.1.0) with ExtractAarTransform
Transforming coordinatorlayout-1.1.0.aar (androidx.coordinatorlayout:coordinatorlayout:1.1.0) with AarTransform
Transforming transition-1.2.0.aar (androidx.transition:transition:1.2.0) with ExtractAarTransform
Transforming transition-1.2.0.aar (androidx.transition:transition:1.2.0) with AarTransform
Transforming vectordrawable-animated-1.1.0.aar (androidx.vectordrawable:vectordrawable-animated:1.1.0) with ExtractAarTransform
Transforming vectordrawable-animated-1.1.0.aar (androidx.vectordrawable:vectordrawable-animated:1.1.0) with AarTransform
Transforming vectordrawable-1.1.0.aar (androidx.vectordrawable:vectordrawable:1.1.0) with ExtractAarTransform
Transforming vectordrawable-1.1.0.aar (androidx.vectordrawable:vectordrawable:1.1.0) with AarTransform
Transforming vectordrawable-1.1.0.aar (androidx.vectordrawable:vectordrawable:1.1.0) with ExtractAarTransform
Transforming vectordrawable-1.1.0.aar (androidx.vectordrawable:vectordrawable:1.1.0) with AarTransform
Transforming viewpager-1.0.0.aar (androidx.viewpager:viewpager:1.0.0) with ExtractAarTransform
Transforming viewpager-1.0.0.aar (androidx.viewpager:viewpager:1.0.0) with AarTransform
Transforming autofill-1.0.0.aar (androidx.autofill:autofill:1.0.0) with ExtractAarTransform
Transforming autofill-1.0.0.aar (androidx.autofill:autofill:1.0.0) with AarTransform
Transforming recycler-4.6.2.aar (io.noties.markwon:recycler:4.6.2) with ExtractAarTransform
Transforming recycler-4.6.2.aar (io.noties.markwon:recycler:4.6.2) with AarTransform
Transforming recyclerview-1.1.0.aar (androidx.recyclerview:recyclerview:1.1.0) with ExtractAarTransform
Transforming recyclerview-1.1.0.aar (androidx.recyclerview:recyclerview:1.1.0) with AarTransform
Transforming recyclerview-1.1.0.aar (androidx.recyclerview:recyclerview:1.1.0) with ExtractAarTransform
Transforming recyclerview-1.1.0.aar (androidx.recyclerview:recyclerview:1.1.0) with AarTransform
Transforming customview-1.0.0.aar (androidx.customview:customview:1.0.0) with ExtractAarTransform
Transforming customview-1.0.0.aar (androidx.customview:customview:1.0.0) with AarTransform
Transforming core-1.13.1.aar (androidx.core:core:1.13.1) with ExtractAarTransform
Transforming core-1.13.1.aar (androidx.core:core:1.13.1) with AarTransform
Transforming core-1.13.1.aar (androidx.core:core:1.13.1) with ExtractAarTransform
Transforming core-1.13.1.aar (androidx.core:core:1.13.1) with AarTransform
Transforming customview-poolingcontainer-1.0.0.aar (androidx.customview:customview-poolingcontainer:1.0.0) with ExtractAarTransform
Transforming customview-poolingcontainer-1.0.0.aar (androidx.customview:customview-poolingcontainer:1.0.0) with AarTransform
Transforming core-ktx-1.13.1.aar (androidx.core:core-ktx:1.13.1) with ExtractAarTransform
Transforming core-ktx-1.13.1.aar (androidx.core:core-ktx:1.13.1) with AarTransform
Transforming security-crypto-ktx-1.1.0-alpha06.aar (androidx.security:security-crypto-ktx:1.1.0-alpha06) with ExtractAarTransform
Transforming security-crypto-ktx-1.1.0-alpha06.aar (androidx.security:security-crypto-ktx:1.1.0-alpha06) with AarTransform
Transforming room-ktx-2.5.0.aar (androidx.room:room-ktx:2.5.0) with ExtractAarTransform
Transforming room-ktx-2.5.0.aar (androidx.room:room-ktx:2.5.0) with AarTransform
Transforming room-runtime-2.5.0.aar (androidx.room:room-runtime:2.5.0) with ExtractAarTransform
Transforming room-runtime-2.5.0.aar (androidx.room:room-runtime:2.5.0) with AarTransform
Transforming annotation-experimental-1.4.0.aar (androidx.annotation:annotation-experimental:1.4.0) with ExtractAarTransform
Transforming annotation-experimental-1.4.0.aar (androidx.annotation:annotation-experimental:1.4.0) with AarTransform
Transforming runtime-saveable-release.aar (androidx.compose.runtime:runtime-saveable-android:1.6.7) with ExtractAarTransform
Transforming runtime-saveable-release.aar (androidx.compose.runtime:runtime-saveable-android:1.6.7) with AarTransform
Transforming runtime-release.aar (androidx.compose.runtime:runtime-android:1.6.7) with ExtractAarTransform
Transforming runtime-release.aar (androidx.compose.runtime:runtime-android:1.6.7) with AarTransform
Transforming sqlite-framework-2.3.0.aar (androidx.sqlite:sqlite-framework:2.3.0) with ExtractAarTransform
Transforming sqlite-framework-2.3.0.aar (androidx.sqlite:sqlite-framework:2.3.0) with AarTransform
Transforming terminal-view-v0.118.3.aar (com.github.termux.termux-app:terminal-view:v0.118.3) with ExtractAarTransform
Transforming terminal-view-v0.118.3.aar (com.github.termux.termux-app:terminal-view:v0.118.3) with AarTransform
Transforming security-crypto-1.1.0-alpha06.aar (androidx.security:security-crypto:1.1.0-alpha06) with ExtractAarTransform
Transforming security-crypto-1.1.0-alpha06.aar (androidx.security:security-crypto:1.1.0-alpha06) with AarTransform
Transforming ext-strikethrough-4.6.2.aar (io.noties.markwon:ext-strikethrough:4.6.2) with ExtractAarTransform
Transforming ext-strikethrough-4.6.2.aar (io.noties.markwon:ext-strikethrough:4.6.2) with AarTransform
Transforming linkify-4.6.2.aar (io.noties.markwon:linkify:4.6.2) with ExtractAarTransform
Transforming linkify-4.6.2.aar (io.noties.markwon:linkify:4.6.2) with AarTransform
Transforming core-4.6.2.aar (io.noties.markwon:core:4.6.2) with ExtractAarTransform
Transforming core-4.6.2.aar (io.noties.markwon:core:4.6.2) with AarTransform
Transforming interpolator-1.0.0.aar (androidx.interpolator:interpolator:1.0.0) with ExtractAarTransform
Transforming interpolator-1.0.0.aar (androidx.interpolator:interpolator:1.0.0) with AarTransform
Transforming interpolator-1.0.0.aar (androidx.interpolator:interpolator:1.0.0) with ExtractAarTransform
Transforming interpolator-1.0.0.aar (androidx.interpolator:interpolator:1.0.0) with AarTransform
Transforming versionedparcelable-1.1.1.aar (androidx.versionedparcelable:versionedparcelable:1.1.1) with ExtractAarTransform
Transforming versionedparcelable-1.1.1.aar (androidx.versionedparcelable:versionedparcelable:1.1.1) with AarTransform
Transforming cursoradapter-1.0.0.aar (androidx.cursoradapter:cursoradapter:1.0.0) with ExtractAarTransform
Transforming cursoradapter-1.0.0.aar (androidx.cursoradapter:cursoradapter:1.0.0) with AarTransform
Transforming cardview-1.0.0.aar (androidx.cardview:cardview:1.0.0) with ExtractAarTransform
Transforming cardview-1.0.0.aar (androidx.cardview:cardview:1.0.0) with AarTransform
Transforming transport-backend-cct-3.1.8.aar (com.google.android.datatransport:transport-backend-cct:3.1.8) with ExtractAarTransform
Transforming transport-backend-cct-3.1.8.aar (com.google.android.datatransport:transport-backend-cct:3.1.8) with AarTransform
Transforming transport-runtime-3.1.8.aar (com.google.android.datatransport:transport-runtime:3.1.8) with ExtractAarTransform
Transforming transport-runtime-3.1.8.aar (com.google.android.datatransport:transport-runtime:3.1.8) with AarTransform
Transforming transport-api-3.0.0.aar (com.google.android.datatransport:transport-api:3.0.0) with ExtractAarTransform
Transforming transport-api-3.0.0.aar (com.google.android.datatransport:transport-api:3.0.0) with AarTransform
Transforming profileinstaller-1.3.1.aar (androidx.profileinstaller:profileinstaller:1.3.1) with ExtractAarTransform
Transforming profileinstaller-1.3.1.aar (androidx.profileinstaller:profileinstaller:1.3.1) with AarTransform
Transforming startup-runtime-1.1.1.aar (androidx.startup:startup-runtime:1.1.1) with ExtractAarTransform
Transforming startup-runtime-1.1.1.aar (androidx.startup:startup-runtime:1.1.1) with AarTransform
Transforming tracing-1.0.0.aar (androidx.tracing:tracing:1.0.0) with ExtractAarTransform
Transforming tracing-1.0.0.aar (androidx.tracing:tracing:1.0.0) with AarTransform
Transforming firebase-encoders-json-18.0.0.aar (com.google.firebase:firebase-encoders-json:18.0.0) with ExtractAarTransform
Transforming firebase-encoders-json-18.0.0.aar (com.google.firebase:firebase-encoders-json:18.0.0) with AarTransform
Transforming core-runtime-2.2.0.aar (androidx.arch.core:core-runtime:2.2.0) with ExtractAarTransform
Transforming core-runtime-2.2.0.aar (androidx.arch.core:core-runtime:2.2.0) with AarTransform
Transforming sqlite-2.3.0.aar (androidx.sqlite:sqlite:2.3.0) with ExtractAarTransform
Transforming sqlite-2.3.0.aar (androidx.sqlite:sqlite:2.3.0) with AarTransform
Transforming documentfile-1.0.0.aar (androidx.documentfile:documentfile:1.0.0) with ExtractAarTransform
Transforming documentfile-1.0.0.aar (androidx.documentfile:documentfile:1.0.0) with AarTransform
Transforming localbroadcastmanager-1.0.0.aar (androidx.localbroadcastmanager:localbroadcastmanager:1.0.0) with ExtractAarTransform
Transforming localbroadcastmanager-1.0.0.aar (androidx.localbroadcastmanager:localbroadcastmanager:1.0.0) with AarTransform
Transforming print-1.0.0.aar (androidx.print:print:1.0.0) with ExtractAarTransform
Transforming print-1.0.0.aar (androidx.print:print:1.0.0) with AarTransform
Transforming terminal-emulator-v0.118.3.aar (com.github.termux.termux-app:terminal-emulator:v0.118.3) with ExtractAarTransform
Transforming terminal-emulator-v0.118.3.aar (com.github.termux.termux-app:terminal-emulator:v0.118.3) with AarTransform
Transforming hiddenapibypass-6.1.aar (org.lsposed.hiddenapibypass:hiddenapibypass:6.1) with ExtractAarTransform
Transforming hiddenapibypass-6.1.aar (org.lsposed.hiddenapibypass:hiddenapibypass:6.1) with AarTransform
Caching disabled for task ':app:mapDebugSourceSetPaths' because:
  Build cache is disabled
  Caching has been disabled for the task
Skipping task ':app:mapDebugSourceSetPaths' as it is up-to-date.
Resolve mutations for :app:generateDebugResources (Thread[#15974,Execution worker Thread 11,5,main]) started.
:app:generateDebugResources (Thread[#15974,Execution worker Thread 11,5,main]) started.

> Task :app:generateDebugResources UP-TO-DATE
Caching disabled for task ':app:generateDebugResources' because:
  Build cache is disabled
Skipping task ':app:generateDebugResources' as it is up-to-date.
Resolve mutations for :app:mergeDebugResources (Thread[#15974,Execution worker Thread 11,5,main]) started.
:app:mergeDebugResources (Thread[#15974,Execution worker Thread 11,5,main]) started.

> Task :app:mergeDebugResources UP-TO-DATE
Caching disabled for task ':app:mergeDebugResources' because:
  Build cache is disabled
Skipping task ':app:mergeDebugResources' as it is up-to-date.
Resolve mutations for :app:packageDebugResources (Thread[#15968,Execution worker Thread 6,5,main]) started.
:app:packageDebugResources (Thread[#15968,Execution worker Thread 6,5,main]) started.

> Task :app:packageDebugResources UP-TO-DATE
Caching disabled for task ':app:packageDebugResources' because:
  Build cache is disabled
Skipping task ':app:packageDebugResources' as it is up-to-date.
Resolve mutations for :app:parseDebugLocalResources (Thread[#15968,Execution worker Thread 6,5,main]) started.
:app:parseDebugLocalResources (Thread[#15968,Execution worker Thread 6,5,main]) started.

> Task :app:parseDebugLocalResources UP-TO-DATE
Transforming android.jar with PlatformAttrTransform
Transforming android.jar with PlatformAttrTransform
Caching disabled for task ':app:parseDebugLocalResources' because:
  Build cache is disabled
Skipping task ':app:parseDebugLocalResources' as it is up-to-date.
Resolve mutations for :app:createDebugCompatibleScreenManifests (Thread[#15968,Execution worker Thread 6,5,main]) started.
:app:createDebugCompatibleScreenManifests (Thread[#15968,Execution worker Thread 6,5,main]) started.

> Task :app:createDebugCompatibleScreenManifests UP-TO-DATE
Caching disabled for task ':app:createDebugCompatibleScreenManifests' because:
  Build cache is disabled
  Caching has been disabled for the task
Skipping task ':app:createDebugCompatibleScreenManifests' as it is up-to-date.
Resolve mutations for :app:extractDeepLinksDebug (Thread[#15968,Execution worker Thread 6,5,main]) started.
:app:extractDeepLinksDebug (Thread[#15968,Execution worker Thread 6,5,main]) started.

> Task :app:extractDeepLinksDebug UP-TO-DATE
Caching disabled for task ':app:extractDeepLinksDebug' because:
  Build cache is disabled
Skipping task ':app:extractDeepLinksDebug' as it is up-to-date.
Resolve mutations for :app:processDebugMainManifest (Thread[#15968,Execution worker Thread 6,5,main]) started.
:app:processDebugMainManifest (Thread[#15968,Execution worker Thread 6,5,main]) started.

> Task :app:processDebugMainManifest UP-TO-DATE
Transforming termux-shared-v0.118.3.aar (com.github.termux.termux-app:termux-shared:v0.118.3) with ExtractAarTransform
Transforming termux-shared-v0.118.3.aar (com.github.termux.termux-app:termux-shared:v0.118.3) with AarTransform
Transforming material-1.4.0.aar (com.google.android.material:material:1.4.0) with ExtractAarTransform
Transforming material-1.4.0.aar (com.google.android.material:material:1.4.0) with AarTransform
Transforming constraintlayout-2.0.1.aar (androidx.constraintlayout:constraintlayout:2.0.1) with ExtractAarTransform
Transforming constraintlayout-2.0.1.aar (androidx.constraintlayout:constraintlayout:2.0.1) with AarTransform
Transforming appcompat-1.3.1.aar (androidx.appcompat:appcompat:1.3.1) with ExtractAarTransform
Transforming appcompat-1.3.1.aar (androidx.appcompat:appcompat:1.3.1) with AarTransform
Transforming window-1.0.0-alpha09.aar (androidx.window:window:1.0.0-alpha09) with ExtractAarTransform
Transforming window-1.0.0-alpha09.aar (androidx.window:window:1.0.0-alpha09) with AarTransform
Transforming googleid-1.1.0.aar (com.google.android.libraries.identity.googleid:googleid:1.1.0) with ExtractAarTransform
Transforming googleid-1.1.0.aar (com.google.android.libraries.identity.googleid:googleid:1.1.0) with AarTransform
Transforming credentials-1.2.1.aar (androidx.credentials:credentials:1.2.1) with ExtractAarTransform
Transforming credentials-1.2.1.aar (androidx.credentials:credentials:1.2.1) with AarTransform
Transforming credentials-1.2.1.aar (androidx.credentials:credentials:1.2.1) with ExtractAarTransform
Transforming credentials-1.2.1.aar (androidx.credentials:credentials:1.2.1) with AarTransform
Transforming credentials-play-services-auth-1.2.1.aar (androidx.credentials:credentials-play-services-auth:1.2.1) with ExtractAarTransform
Transforming credentials-play-services-auth-1.2.1.aar (androidx.credentials:credentials-play-services-auth:1.2.1) with AarTransform
Transforming play-services-auth-21.1.1.aar (com.google.android.gms:play-services-auth:21.1.1) with ExtractAarTransform
Transforming play-services-auth-21.1.1.aar (com.google.android.gms:play-services-auth:21.1.1) with AarTransform
Transforming billing-ktx-6.2.0.aar (com.android.billingclient:billing-ktx:6.2.0) with ExtractAarTransform
Transforming billing-ktx-6.2.0.aar (com.android.billingclient:billing-ktx:6.2.0) with AarTransform
Transforming billing-6.2.0.aar (com.android.billingclient:billing:6.2.0) with ExtractAarTransform
Transforming billing-6.2.0.aar (com.android.billingclient:billing:6.2.0) with AarTransform
Transforming play-services-fido-20.1.0.aar (com.google.android.gms:play-services-fido:20.1.0) with ExtractAarTransform
Transforming play-services-fido-20.1.0.aar (com.google.android.gms:play-services-fido:20.1.0) with AarTransform
Transforming play-services-fido-20.1.0.aar (com.google.android.gms:play-services-fido:20.1.0) with ExtractAarTransform
Transforming play-services-fido-20.1.0.aar (com.google.android.gms:play-services-fido:20.1.0) with AarTransform
Transforming play-services-auth-api-phone-18.0.2.aar (com.google.android.gms:play-services-auth-api-phone:18.0.2) with ExtractAarTransform
Transforming play-services-auth-api-phone-18.0.2.aar (com.google.android.gms:play-services-auth-api-phone:18.0.2) with AarTransform
Transforming play-services-auth-base-18.0.10.aar (com.google.android.gms:play-services-auth-base:18.0.10) with ExtractAarTransform
Transforming play-services-auth-base-18.0.10.aar (com.google.android.gms:play-services-auth-base:18.0.10) with AarTransform
Transforming play-services-location-19.0.0.aar (com.google.android.gms:play-services-location:19.0.0) with ExtractAarTransform
Transforming play-services-location-19.0.0.aar (com.google.android.gms:play-services-location:19.0.0) with AarTransform
Transforming play-services-base-18.3.0.aar (com.google.android.gms:play-services-base:18.3.0) with ExtractAarTransform
Transforming play-services-base-18.3.0.aar (com.google.android.gms:play-services-base:18.3.0) with AarTransform
Transforming play-services-tasks-18.1.0.aar (com.google.android.gms:play-services-tasks:18.1.0) with ExtractAarTransform
Transforming play-services-tasks-18.1.0.aar (com.google.android.gms:play-services-tasks:18.1.0) with AarTransform
Transforming play-services-places-placereport-17.0.0.aar (com.google.android.gms:play-services-places-placereport:17.0.0) with ExtractAarTransform
Transforming play-services-places-placereport-17.0.0.aar (com.google.android.gms:play-services-places-placereport:17.0.0) with AarTransform
Transforming play-services-basement-18.3.0.aar (com.google.android.gms:play-services-basement:18.3.0) with ExtractAarTransform
Transforming play-services-basement-18.3.0.aar (com.google.android.gms:play-services-basement:18.3.0) with AarTransform
Transforming viewpager2-1.0.0.aar (androidx.viewpager2:viewpager2:1.0.0) with ExtractAarTransform
Transforming viewpager2-1.0.0.aar (androidx.viewpager2:viewpager2:1.0.0) with AarTransform
Transforming fragment-1.5.7.aar (androidx.fragment:fragment:1.5.7) with ExtractAarTransform
Transforming fragment-1.5.7.aar (androidx.fragment:fragment:1.5.7) with AarTransform
Transforming fragment-1.5.7.aar (androidx.fragment:fragment:1.5.7) with ExtractAarTransform
Transforming fragment-1.5.7.aar (androidx.fragment:fragment:1.5.7) with AarTransform
Transforming dynamicanimation-1.0.0.aar (androidx.dynamicanimation:dynamicanimation:1.0.0) with ExtractAarTransform
Transforming dynamicanimation-1.0.0.aar (androidx.dynamicanimation:dynamicanimation:1.0.0) with AarTransform
Transforming legacy-support-core-utils-1.0.0.aar (androidx.legacy:legacy-support-core-utils:1.0.0) with ExtractAarTransform
Transforming legacy-support-core-utils-1.0.0.aar (androidx.legacy:legacy-support-core-utils:1.0.0) with AarTransform
Transforming loader-1.1.0.aar (androidx.loader:loader:1.1.0) with ExtractAarTransform
Transforming loader-1.1.0.aar (androidx.loader:loader:1.1.0) with AarTransform
Transforming loader-1.1.0.aar (androidx.loader:loader:1.1.0) with ExtractAarTransform
Transforming loader-1.1.0.aar (androidx.loader:loader:1.1.0) with AarTransform
Transforming work-runtime-ktx-2.9.0.aar (androidx.work:work-runtime-ktx:2.9.0) with ExtractAarTransform
Transforming work-runtime-ktx-2.9.0.aar (androidx.work:work-runtime-ktx:2.9.0) with AarTransform
Transforming work-runtime-2.9.0.aar (androidx.work:work-runtime:2.9.0) with ExtractAarTransform
Transforming work-runtime-2.9.0.aar (androidx.work:work-runtime:2.9.0) with AarTransform
Transforming navigation-common-2.7.7.aar (androidx.navigation:navigation-common:2.7.7) with ExtractAarTransform
Transforming navigation-common-2.7.7.aar (androidx.navigation:navigation-common:2.7.7) with AarTransform
Transforming navigation-runtime-2.7.7.aar (androidx.navigation:navigation-runtime:2.7.7) with ExtractAarTransform
Transforming navigation-runtime-2.7.7.aar (androidx.navigation:navigation-runtime:2.7.7) with AarTransform
Transforming navigation-common-ktx-2.7.7.aar (androidx.navigation:navigation-common-ktx:2.7.7) with ExtractAarTransform
Transforming navigation-common-ktx-2.7.7.aar (androidx.navigation:navigation-common-ktx:2.7.7) with AarTransform
Transforming navigation-runtime-ktx-2.7.7.aar (androidx.navigation:navigation-runtime-ktx:2.7.7) with ExtractAarTransform
Transforming navigation-runtime-ktx-2.7.7.aar (androidx.navigation:navigation-runtime-ktx:2.7.7) with AarTransform
Transforming navigation-compose-2.7.7.aar (androidx.navigation:navigation-compose:2.7.7) with ExtractAarTransform
Transforming navigation-compose-2.7.7.aar (androidx.navigation:navigation-compose:2.7.7) with AarTransform
Transforming material3-release.aar (androidx.compose.material3:material3-android:1.2.1) with ExtractAarTransform
Transforming material3-release.aar (androidx.compose.material3:material3-android:1.2.1) with AarTransform
Transforming savedstate-ktx-1.2.1.aar (androidx.savedstate:savedstate-ktx:1.2.1) with ExtractAarTransform
Transforming savedstate-ktx-1.2.1.aar (androidx.savedstate:savedstate-ktx:1.2.1) with AarTransform
Transforming material-ripple-release.aar (androidx.compose.material:material-ripple-android:1.6.7) with ExtractAarTransform
Transforming material-ripple-release.aar (androidx.compose.material:material-ripple-android:1.6.7) with AarTransform
Transforming material-icons-core-release.aar (androidx.compose.material:material-icons-core-android:1.6.7) with ExtractAarTransform
Transforming material-icons-core-release.aar (androidx.compose.material:material-icons-core-android:1.6.7) with AarTransform
Transforming material-icons-extended-release.aar (androidx.compose.material:material-icons-extended-android:1.6.7) with ExtractAarTransform
Transforming material-icons-extended-release.aar (androidx.compose.material:material-icons-extended-android:1.6.7) with AarTransform
Transforming material-release.aar (androidx.compose.material:material-android:1.6.7) with ExtractAarTransform
Transforming material-release.aar (androidx.compose.material:material-android:1.6.7) with AarTransform
Transforming savedstate-1.2.1.aar (androidx.savedstate:savedstate:1.2.1) with ExtractAarTransform
Transforming savedstate-1.2.1.aar (androidx.savedstate:savedstate:1.2.1) with AarTransform
Transforming foundation-release.aar (androidx.compose.foundation:foundation-android:1.6.7) with ExtractAarTransform
Transforming foundation-release.aar (androidx.compose.foundation:foundation-android:1.6.7) with AarTransform
Transforming foundation-layout-release.aar (androidx.compose.foundation:foundation-layout-android:1.6.7) with ExtractAarTransform
Transforming foundation-layout-release.aar (androidx.compose.foundation:foundation-layout-android:1.6.7) with AarTransform
Transforming animation-core-release.aar (androidx.compose.animation:animation-core-android:1.6.7) with ExtractAarTransform
Transforming animation-core-release.aar (androidx.compose.animation:animation-core-android:1.6.7) with AarTransform
Transforming animation-release.aar (androidx.compose.animation:animation-android:1.6.7) with ExtractAarTransform
Transforming animation-release.aar (androidx.compose.animation:animation-android:1.6.7) with AarTransform
Transforming ui-tooling-data-release.aar (androidx.compose.ui:ui-tooling-data-android:1.6.7) with ExtractAarTransform
Transforming ui-tooling-data-release.aar (androidx.compose.ui:ui-tooling-data-android:1.6.7) with AarTransform
Transforming ui-unit-release.aar (androidx.compose.ui:ui-unit-android:1.6.7) with ExtractAarTransform
Transforming ui-unit-release.aar (androidx.compose.ui:ui-unit-android:1.6.7) with AarTransform
Transforming ui-geometry-release.aar (androidx.compose.ui:ui-geometry-android:1.6.7) with ExtractAarTransform
Transforming ui-geometry-release.aar (androidx.compose.ui:ui-geometry-android:1.6.7) with AarTransform
Transforming ui-util-release.aar (androidx.compose.ui:ui-util-android:1.6.7) with ExtractAarTransform
Transforming ui-util-release.aar (androidx.compose.ui:ui-util-android:1.6.7) with AarTransform
Transforming ui-tooling-preview-release.aar (androidx.compose.ui:ui-tooling-preview-android:1.6.7) with ExtractAarTransform
Transforming ui-tooling-preview-release.aar (androidx.compose.ui:ui-tooling-preview-android:1.6.7) with AarTransform
Transforming ui-graphics-release.aar (androidx.compose.ui:ui-graphics-android:1.6.7) with ExtractAarTransform
Transforming ui-graphics-release.aar (androidx.compose.ui:ui-graphics-android:1.6.7) with AarTransform
Transforming ui-text-release.aar (androidx.compose.ui:ui-text-android:1.6.7) with ExtractAarTransform
Transforming ui-text-release.aar (androidx.compose.ui:ui-text-android:1.6.7) with AarTransform
Transforming emoji2-1.3.0.aar (androidx.emoji2:emoji2:1.3.0) with ExtractAarTransform
Transforming emoji2-1.3.0.aar (androidx.emoji2:emoji2:1.3.0) with AarTransform
Transforming lifecycle-process-2.8.0.aar (androidx.lifecycle:lifecycle-process:2.8.0) with ExtractAarTransform
Transforming lifecycle-process-2.8.0.aar (androidx.lifecycle:lifecycle-process:2.8.0) with AarTransform
Transforming lifecycle-livedata-core-ktx-2.8.0.aar (androidx.lifecycle:lifecycle-livedata-core-ktx:2.8.0) with ExtractAarTransform
Transforming lifecycle-livedata-core-ktx-2.8.0.aar (androidx.lifecycle:lifecycle-livedata-core-ktx:2.8.0) with AarTransform
Transforming lifecycle-viewmodel-2.8.0.aar (androidx.lifecycle:lifecycle-viewmodel:2.8.0) with ExtractAarTransform
Transforming lifecycle-viewmodel-2.8.0.aar (androidx.lifecycle:lifecycle-viewmodel:2.8.0) with AarTransform
Transforming lifecycle-viewmodel-release.aar (androidx.lifecycle:lifecycle-viewmodel-android:2.8.0) with ExtractAarTransform
Transforming lifecycle-viewmodel-release.aar (androidx.lifecycle:lifecycle-viewmodel-android:2.8.0) with AarTransform
Transforming lifecycle-runtime-release.aar (androidx.lifecycle:lifecycle-runtime-android:2.8.0) with ExtractAarTransform
Transforming lifecycle-runtime-release.aar (androidx.lifecycle:lifecycle-runtime-android:2.8.0) with AarTransform
Transforming lifecycle-service-2.8.0.aar (androidx.lifecycle:lifecycle-service:2.8.0) with ExtractAarTransform
Transforming lifecycle-service-2.8.0.aar (androidx.lifecycle:lifecycle-service:2.8.0) with AarTransform
Transforming lifecycle-livedata-2.8.0.aar (androidx.lifecycle:lifecycle-livedata:2.8.0) with ExtractAarTransform
Transforming lifecycle-livedata-2.8.0.aar (androidx.lifecycle:lifecycle-livedata:2.8.0) with AarTransform
Transforming lifecycle-livedata-core-2.8.0.aar (androidx.lifecycle:lifecycle-livedata-core:2.8.0) with ExtractAarTransform
Transforming lifecycle-livedata-core-2.8.0.aar (androidx.lifecycle:lifecycle-livedata-core:2.8.0) with AarTransform
Transforming lifecycle-livedata-core-2.8.0.aar (androidx.lifecycle:lifecycle-livedata-core:2.8.0) with ExtractAarTransform
Transforming lifecycle-livedata-core-2.8.0.aar (androidx.lifecycle:lifecycle-livedata-core:2.8.0) with AarTransform
Transforming lifecycle-viewmodel-savedstate-2.8.0.aar (androidx.lifecycle:lifecycle-viewmodel-savedstate:2.8.0) with ExtractAarTransform
Transforming lifecycle-viewmodel-savedstate-2.8.0.aar (androidx.lifecycle:lifecycle-viewmodel-savedstate:2.8.0) with AarTransform
Transforming lifecycle-viewmodel-ktx-2.8.0.aar (androidx.lifecycle:lifecycle-viewmodel-ktx:2.8.0) with ExtractAarTransform
Transforming lifecycle-viewmodel-ktx-2.8.0.aar (androidx.lifecycle:lifecycle-viewmodel-ktx:2.8.0) with AarTransform
Transforming lifecycle-runtime-ktx-release.aar (androidx.lifecycle:lifecycle-runtime-ktx-android:2.8.0) with ExtractAarTransform
Transforming lifecycle-runtime-ktx-release.aar (androidx.lifecycle:lifecycle-runtime-ktx-android:2.8.0) with AarTransform
Transforming lifecycle-viewmodel-compose-release.aar (androidx.lifecycle:lifecycle-viewmodel-compose-android:2.8.0) with ExtractAarTransform
Transforming lifecycle-viewmodel-compose-release.aar (androidx.lifecycle:lifecycle-viewmodel-compose-android:2.8.0) with AarTransform
Transforming ui-release.aar (androidx.compose.ui:ui-android:1.6.7) with ExtractAarTransform
Transforming ui-release.aar (androidx.compose.ui:ui-android:1.6.7) with AarTransform
Transforming ui-test-manifest-1.6.7.aar (androidx.compose.ui:ui-test-manifest:1.6.7) with ExtractAarTransform
Transforming ui-test-manifest-1.6.7.aar (androidx.compose.ui:ui-test-manifest:1.6.7) with AarTransform
Transforming ui-tooling-release.aar (androidx.compose.ui:ui-tooling-android:1.6.7) with ExtractAarTransform
Transforming ui-tooling-release.aar (androidx.compose.ui:ui-tooling-android:1.6.7) with AarTransform
Transforming activity-compose-1.9.0.aar (androidx.activity:activity-compose:1.9.0) with ExtractAarTransform
Transforming activity-compose-1.9.0.aar (androidx.activity:activity-compose:1.9.0) with AarTransform
Transforming activity-ktx-1.9.0.aar (androidx.activity:activity-ktx:1.9.0) with ExtractAarTransform
Transforming activity-ktx-1.9.0.aar (androidx.activity:activity-ktx:1.9.0) with AarTransform
Transforming activity-1.9.0.aar (androidx.activity:activity:1.9.0) with ExtractAarTransform
Transforming activity-1.9.0.aar (androidx.activity:activity:1.9.0) with AarTransform
Transforming activity-1.9.0.aar (androidx.activity:activity:1.9.0) with ExtractAarTransform
Transforming activity-1.9.0.aar (androidx.activity:activity:1.9.0) with AarTransform
Transforming appcompat-resources-1.3.1.aar (androidx.appcompat:appcompat-resources:1.3.1) with ExtractAarTransform
Transforming appcompat-resources-1.3.1.aar (androidx.appcompat:appcompat-resources:1.3.1) with AarTransform
Transforming drawerlayout-1.0.0.aar (androidx.drawerlayout:drawerlayout:1.0.0) with ExtractAarTransform
Transforming drawerlayout-1.0.0.aar (androidx.drawerlayout:drawerlayout:1.0.0) with AarTransform
Transforming coordinatorlayout-1.1.0.aar (androidx.coordinatorlayout:coordinatorlayout:1.1.0) with ExtractAarTransform
Transforming coordinatorlayout-1.1.0.aar (androidx.coordinatorlayout:coordinatorlayout:1.1.0) with AarTransform
Transforming transition-1.2.0.aar (androidx.transition:transition:1.2.0) with ExtractAarTransform
Transforming transition-1.2.0.aar (androidx.transition:transition:1.2.0) with AarTransform
Transforming vectordrawable-animated-1.1.0.aar (androidx.vectordrawable:vectordrawable-animated:1.1.0) with ExtractAarTransform
Transforming vectordrawable-animated-1.1.0.aar (androidx.vectordrawable:vectordrawable-animated:1.1.0) with AarTransform
Transforming vectordrawable-1.1.0.aar (androidx.vectordrawable:vectordrawable:1.1.0) with ExtractAarTransform
Transforming vectordrawable-1.1.0.aar (androidx.vectordrawable:vectordrawable:1.1.0) with AarTransform
Transforming vectordrawable-1.1.0.aar (androidx.vectordrawable:vectordrawable:1.1.0) with ExtractAarTransform
Transforming vectordrawable-1.1.0.aar (androidx.vectordrawable:vectordrawable:1.1.0) with AarTransform
Transforming viewpager-1.0.0.aar (androidx.viewpager:viewpager:1.0.0) with ExtractAarTransform
Transforming viewpager-1.0.0.aar (androidx.viewpager:viewpager:1.0.0) with AarTransform
Transforming autofill-1.0.0.aar (androidx.autofill:autofill:1.0.0) with ExtractAarTransform
Transforming autofill-1.0.0.aar (androidx.autofill:autofill:1.0.0) with AarTransform
Transforming recycler-4.6.2.aar (io.noties.markwon:recycler:4.6.2) with ExtractAarTransform
Transforming recycler-4.6.2.aar (io.noties.markwon:recycler:4.6.2) with AarTransform
Transforming recyclerview-1.1.0.aar (androidx.recyclerview:recyclerview:1.1.0) with ExtractAarTransform
Transforming recyclerview-1.1.0.aar (androidx.recyclerview:recyclerview:1.1.0) with AarTransform
Transforming recyclerview-1.1.0.aar (androidx.recyclerview:recyclerview:1.1.0) with ExtractAarTransform
Transforming recyclerview-1.1.0.aar (androidx.recyclerview:recyclerview:1.1.0) with AarTransform
Transforming customview-1.0.0.aar (androidx.customview:customview:1.0.0) with ExtractAarTransform
Transforming customview-1.0.0.aar (androidx.customview:customview:1.0.0) with AarTransform
Transforming core-1.13.1.aar (androidx.core:core:1.13.1) with ExtractAarTransform
Transforming core-1.13.1.aar (androidx.core:core:1.13.1) with AarTransform
Transforming core-1.13.1.aar (androidx.core:core:1.13.1) with ExtractAarTransform
Transforming core-1.13.1.aar (androidx.core:core:1.13.1) with AarTransform
Transforming customview-poolingcontainer-1.0.0.aar (androidx.customview:customview-poolingcontainer:1.0.0) with ExtractAarTransform
Transforming customview-poolingcontainer-1.0.0.aar (androidx.customview:customview-poolingcontainer:1.0.0) with AarTransform
Transforming core-ktx-1.13.1.aar (androidx.core:core-ktx:1.13.1) with ExtractAarTransform
Transforming core-ktx-1.13.1.aar (androidx.core:core-ktx:1.13.1) with AarTransform
Transforming security-crypto-ktx-1.1.0-alpha06.aar (androidx.security:security-crypto-ktx:1.1.0-alpha06) with ExtractAarTransform
Transforming security-crypto-ktx-1.1.0-alpha06.aar (androidx.security:security-crypto-ktx:1.1.0-alpha06) with AarTransform
Transforming room-ktx-2.5.0.aar (androidx.room:room-ktx:2.5.0) with ExtractAarTransform
Transforming room-ktx-2.5.0.aar (androidx.room:room-ktx:2.5.0) with AarTransform
Transforming room-runtime-2.5.0.aar (androidx.room:room-runtime:2.5.0) with ExtractAarTransform
Transforming room-runtime-2.5.0.aar (androidx.room:room-runtime:2.5.0) with AarTransform
Transforming annotation-experimental-1.4.0.aar (androidx.annotation:annotation-experimental:1.4.0) with ExtractAarTransform
Transforming annotation-experimental-1.4.0.aar (androidx.annotation:annotation-experimental:1.4.0) with AarTransform
Transforming runtime-saveable-release.aar (androidx.compose.runtime:runtime-saveable-android:1.6.7) with ExtractAarTransform
Transforming runtime-saveable-release.aar (androidx.compose.runtime:runtime-saveable-android:1.6.7) with AarTransform
Transforming runtime-release.aar (androidx.compose.runtime:runtime-android:1.6.7) with ExtractAarTransform
Transforming runtime-release.aar (androidx.compose.runtime:runtime-android:1.6.7) with AarTransform
Transforming sqlite-framework-2.3.0.aar (androidx.sqlite:sqlite-framework:2.3.0) with ExtractAarTransform
Transforming sqlite-framework-2.3.0.aar (androidx.sqlite:sqlite-framework:2.3.0) with AarTransform
Transforming terminal-view-v0.118.3.aar (com.github.termux.termux-app:terminal-view:v0.118.3) with ExtractAarTransform
Transforming terminal-view-v0.118.3.aar (com.github.termux.termux-app:terminal-view:v0.118.3) with AarTransform
Transforming security-crypto-1.1.0-alpha06.aar (androidx.security:security-crypto:1.1.0-alpha06) with ExtractAarTransform
Transforming security-crypto-1.1.0-alpha06.aar (androidx.security:security-crypto:1.1.0-alpha06) with AarTransform
Transforming ext-strikethrough-4.6.2.aar (io.noties.markwon:ext-strikethrough:4.6.2) with ExtractAarTransform
Transforming ext-strikethrough-4.6.2.aar (io.noties.markwon:ext-strikethrough:4.6.2) with AarTransform
Transforming linkify-4.6.2.aar (io.noties.markwon:linkify:4.6.2) with ExtractAarTransform
Transforming linkify-4.6.2.aar (io.noties.markwon:linkify:4.6.2) with AarTransform
Transforming core-4.6.2.aar (io.noties.markwon:core:4.6.2) with ExtractAarTransform
Transforming core-4.6.2.aar (io.noties.markwon:core:4.6.2) with AarTransform
Transforming interpolator-1.0.0.aar (androidx.interpolator:interpolator:1.0.0) with ExtractAarTransform
Transforming interpolator-1.0.0.aar (androidx.interpolator:interpolator:1.0.0) with AarTransform
Transforming interpolator-1.0.0.aar (androidx.interpolator:interpolator:1.0.0) with ExtractAarTransform
Transforming interpolator-1.0.0.aar (androidx.interpolator:interpolator:1.0.0) with AarTransform
Transforming versionedparcelable-1.1.1.aar (androidx.versionedparcelable:versionedparcelable:1.1.1) with ExtractAarTransform
Transforming versionedparcelable-1.1.1.aar (androidx.versionedparcelable:versionedparcelable:1.1.1) with AarTransform
Transforming cursoradapter-1.0.0.aar (androidx.cursoradapter:cursoradapter:1.0.0) with ExtractAarTransform
Transforming cursoradapter-1.0.0.aar (androidx.cursoradapter:cursoradapter:1.0.0) with AarTransform
Transforming cardview-1.0.0.aar (androidx.cardview:cardview:1.0.0) with ExtractAarTransform
Transforming cardview-1.0.0.aar (androidx.cardview:cardview:1.0.0) with AarTransform
Transforming transport-backend-cct-3.1.8.aar (com.google.android.datatransport:transport-backend-cct:3.1.8) with ExtractAarTransform
Transforming transport-backend-cct-3.1.8.aar (com.google.android.datatransport:transport-backend-cct:3.1.8) with AarTransform
Transforming transport-runtime-3.1.8.aar (com.google.android.datatransport:transport-runtime:3.1.8) with ExtractAarTransform
Transforming transport-runtime-3.1.8.aar (com.google.android.datatransport:transport-runtime:3.1.8) with AarTransform
Transforming transport-api-3.0.0.aar (com.google.android.datatransport:transport-api:3.0.0) with ExtractAarTransform
Transforming transport-api-3.0.0.aar (com.google.android.datatransport:transport-api:3.0.0) with AarTransform
Transforming profileinstaller-1.3.1.aar (androidx.profileinstaller:profileinstaller:1.3.1) with ExtractAarTransform
Transforming profileinstaller-1.3.1.aar (androidx.profileinstaller:profileinstaller:1.3.1) with AarTransform
Transforming startup-runtime-1.1.1.aar (androidx.startup:startup-runtime:1.1.1) with ExtractAarTransform
Transforming startup-runtime-1.1.1.aar (androidx.startup:startup-runtime:1.1.1) with AarTransform
Transforming tracing-1.0.0.aar (androidx.tracing:tracing:1.0.0) with ExtractAarTransform
Transforming tracing-1.0.0.aar (androidx.tracing:tracing:1.0.0) with AarTransform
Transforming firebase-encoders-json-18.0.0.aar (com.google.firebase:firebase-encoders-json:18.0.0) with ExtractAarTransform
Transforming firebase-encoders-json-18.0.0.aar (com.google.firebase:firebase-encoders-json:18.0.0) with AarTransform
Transforming core-runtime-2.2.0.aar (androidx.arch.core:core-runtime:2.2.0) with ExtractAarTransform
Transforming core-runtime-2.2.0.aar (androidx.arch.core:core-runtime:2.2.0) with AarTransform
Transforming sqlite-2.3.0.aar (androidx.sqlite:sqlite:2.3.0) with ExtractAarTransform
Transforming sqlite-2.3.0.aar (androidx.sqlite:sqlite:2.3.0) with AarTransform
Transforming documentfile-1.0.0.aar (androidx.documentfile:documentfile:1.0.0) with ExtractAarTransform
Transforming documentfile-1.0.0.aar (androidx.documentfile:documentfile:1.0.0) with AarTransform
Transforming localbroadcastmanager-1.0.0.aar (androidx.localbroadcastmanager:localbroadcastmanager:1.0.0) with ExtractAarTransform
Transforming localbroadcastmanager-1.0.0.aar (androidx.localbroadcastmanager:localbroadcastmanager:1.0.0) with AarTransform
Transforming print-1.0.0.aar (androidx.print:print:1.0.0) with ExtractAarTransform
Transforming print-1.0.0.aar (androidx.print:print:1.0.0) with AarTransform
Transforming terminal-emulator-v0.118.3.aar (com.github.termux.termux-app:terminal-emulator:v0.118.3) with ExtractAarTransform
Transforming terminal-emulator-v0.118.3.aar (com.github.termux.termux-app:terminal-emulator:v0.118.3) with AarTransform
Transforming hiddenapibypass-6.1.aar (org.lsposed.hiddenapibypass:hiddenapibypass:6.1) with ExtractAarTransform
Transforming hiddenapibypass-6.1.aar (org.lsposed.hiddenapibypass:hiddenapibypass:6.1) with AarTransform
Transforming termux-shared-v0.118.3.aar (com.github.termux.termux-app:termux-shared:v0.118.3) with ExtractAarTransform
Transforming termux-shared-v0.118.3.aar (com.github.termux.termux-app:termux-shared:v0.118.3) with AarTransform
Transforming material-1.4.0.aar (com.google.android.material:material:1.4.0) with ExtractAarTransform
Transforming material-1.4.0.aar (com.google.android.material:material:1.4.0) with AarTransform
Transforming constraintlayout-2.0.1.aar (androidx.constraintlayout:constraintlayout:2.0.1) with ExtractAarTransform
Transforming constraintlayout-2.0.1.aar (androidx.constraintlayout:constraintlayout:2.0.1) with AarTransform
Transforming appcompat-1.3.1.aar (androidx.appcompat:appcompat:1.3.1) with ExtractAarTransform
Transforming appcompat-1.3.1.aar (androidx.appcompat:appcompat:1.3.1) with AarTransform
Transforming window-1.0.0-alpha09.aar (androidx.window:window:1.0.0-alpha09) with ExtractAarTransform
Transforming window-1.0.0-alpha09.aar (androidx.window:window:1.0.0-alpha09) with AarTransform
Transforming googleid-1.1.0.aar (com.google.android.libraries.identity.googleid:googleid:1.1.0) with ExtractAarTransform
Transforming googleid-1.1.0.aar (com.google.android.libraries.identity.googleid:googleid:1.1.0) with AarTransform
Transforming credentials-1.2.1.aar (androidx.credentials:credentials:1.2.1) with ExtractAarTransform
Transforming credentials-1.2.1.aar (androidx.credentials:credentials:1.2.1) with AarTransform
Transforming credentials-1.2.1.aar (androidx.credentials:credentials:1.2.1) with ExtractAarTransform
Transforming credentials-1.2.1.aar (androidx.credentials:credentials:1.2.1) with AarTransform
Transforming credentials-play-services-auth-1.2.1.aar (androidx.credentials:credentials-play-services-auth:1.2.1) with ExtractAarTransform
Transforming credentials-play-services-auth-1.2.1.aar (androidx.credentials:credentials-play-services-auth:1.2.1) with AarTransform
Transforming play-services-auth-21.1.1.aar (com.google.android.gms:play-services-auth:21.1.1) with ExtractAarTransform
Transforming play-services-auth-21.1.1.aar (com.google.android.gms:play-services-auth:21.1.1) with AarTransform
Transforming billing-ktx-6.2.0.aar (com.android.billingclient:billing-ktx:6.2.0) with ExtractAarTransform
Transforming billing-ktx-6.2.0.aar (com.android.billingclient:billing-ktx:6.2.0) with AarTransform
Transforming billing-6.2.0.aar (com.android.billingclient:billing:6.2.0) with ExtractAarTransform
Transforming billing-6.2.0.aar (com.android.billingclient:billing:6.2.0) with AarTransform
Transforming play-services-fido-20.1.0.aar (com.google.android.gms:play-services-fido:20.1.0) with ExtractAarTransform
Transforming play-services-fido-20.1.0.aar (com.google.android.gms:play-services-fido:20.1.0) with AarTransform
Transforming play-services-fido-20.1.0.aar (com.google.android.gms:play-services-fido:20.1.0) with ExtractAarTransform
Transforming play-services-fido-20.1.0.aar (com.google.android.gms:play-services-fido:20.1.0) with AarTransform
Transforming play-services-auth-api-phone-18.0.2.aar (com.google.android.gms:play-services-auth-api-phone:18.0.2) with ExtractAarTransform
Transforming play-services-auth-api-phone-18.0.2.aar (com.google.android.gms:play-services-auth-api-phone:18.0.2) with AarTransform
Transforming play-services-auth-base-18.0.10.aar (com.google.android.gms:play-services-auth-base:18.0.10) with ExtractAarTransform
Transforming play-services-auth-base-18.0.10.aar (com.google.android.gms:play-services-auth-base:18.0.10) with AarTransform
Transforming play-services-location-19.0.0.aar (com.google.android.gms:play-services-location:19.0.0) with ExtractAarTransform
Transforming play-services-location-19.0.0.aar (com.google.android.gms:play-services-location:19.0.0) with AarTransform
Transforming play-services-base-18.3.0.aar (com.google.android.gms:play-services-base:18.3.0) with ExtractAarTransform
Transforming play-services-base-18.3.0.aar (com.google.android.gms:play-services-base:18.3.0) with AarTransform
Transforming play-services-tasks-18.1.0.aar (com.google.android.gms:play-services-tasks:18.1.0) with ExtractAarTransform
Transforming play-services-tasks-18.1.0.aar (com.google.android.gms:play-services-tasks:18.1.0) with AarTransform
Transforming play-services-places-placereport-17.0.0.aar (com.google.android.gms:play-services-places-placereport:17.0.0) with ExtractAarTransform
Transforming play-services-places-placereport-17.0.0.aar (com.google.android.gms:play-services-places-placereport:17.0.0) with AarTransform
Transforming play-services-basement-18.3.0.aar (com.google.android.gms:play-services-basement:18.3.0) with ExtractAarTransform
Transforming play-services-basement-18.3.0.aar (com.google.android.gms:play-services-basement:18.3.0) with AarTransform
Transforming viewpager2-1.0.0.aar (androidx.viewpager2:viewpager2:1.0.0) with ExtractAarTransform
Transforming viewpager2-1.0.0.aar (androidx.viewpager2:viewpager2:1.0.0) with AarTransform
Transforming fragment-1.5.7.aar (androidx.fragment:fragment:1.5.7) with ExtractAarTransform
Transforming fragment-1.5.7.aar (androidx.fragment:fragment:1.5.7) with AarTransform
Transforming fragment-1.5.7.aar (androidx.fragment:fragment:1.5.7) with ExtractAarTransform
Transforming fragment-1.5.7.aar (androidx.fragment:fragment:1.5.7) with AarTransform
Transforming dynamicanimation-1.0.0.aar (androidx.dynamicanimation:dynamicanimation:1.0.0) with ExtractAarTransform
Transforming dynamicanimation-1.0.0.aar (androidx.dynamicanimation:dynamicanimation:1.0.0) with AarTransform
Transforming legacy-support-core-utils-1.0.0.aar (androidx.legacy:legacy-support-core-utils:1.0.0) with ExtractAarTransform
Transforming legacy-support-core-utils-1.0.0.aar (androidx.legacy:legacy-support-core-utils:1.0.0) with AarTransform
Transforming loader-1.1.0.aar (androidx.loader:loader:1.1.0) with ExtractAarTransform
Transforming loader-1.1.0.aar (androidx.loader:loader:1.1.0) with AarTransform
Transforming loader-1.1.0.aar (androidx.loader:loader:1.1.0) with ExtractAarTransform
Transforming loader-1.1.0.aar (androidx.loader:loader:1.1.0) with AarTransform
Transforming work-runtime-ktx-2.9.0.aar (androidx.work:work-runtime-ktx:2.9.0) with ExtractAarTransform
Transforming work-runtime-ktx-2.9.0.aar (androidx.work:work-runtime-ktx:2.9.0) with AarTransform
Transforming work-runtime-2.9.0.aar (androidx.work:work-runtime:2.9.0) with ExtractAarTransform
Transforming work-runtime-2.9.0.aar (androidx.work:work-runtime:2.9.0) with AarTransform
Transforming navigation-common-2.7.7.aar (androidx.navigation:navigation-common:2.7.7) with ExtractAarTransform
Transforming navigation-common-2.7.7.aar (androidx.navigation:navigation-common:2.7.7) with AarTransform
Transforming navigation-runtime-2.7.7.aar (androidx.navigation:navigation-runtime:2.7.7) with ExtractAarTransform
Transforming navigation-runtime-2.7.7.aar (androidx.navigation:navigation-runtime:2.7.7) with AarTransform
Transforming navigation-common-ktx-2.7.7.aar (androidx.navigation:navigation-common-ktx:2.7.7) with ExtractAarTransform
Transforming navigation-common-ktx-2.7.7.aar (androidx.navigation:navigation-common-ktx:2.7.7) with AarTransform
Transforming navigation-runtime-ktx-2.7.7.aar (androidx.navigation:navigation-runtime-ktx:2.7.7) with ExtractAarTransform
Transforming navigation-runtime-ktx-2.7.7.aar (androidx.navigation:navigation-runtime-ktx:2.7.7) with AarTransform
Transforming navigation-compose-2.7.7.aar (androidx.navigation:navigation-compose:2.7.7) with ExtractAarTransform
Transforming navigation-compose-2.7.7.aar (androidx.navigation:navigation-compose:2.7.7) with AarTransform
Transforming material3-release.aar (androidx.compose.material3:material3-android:1.2.1) with ExtractAarTransform
Transforming material3-release.aar (androidx.compose.material3:material3-android:1.2.1) with AarTransform
Transforming savedstate-ktx-1.2.1.aar (androidx.savedstate:savedstate-ktx:1.2.1) with ExtractAarTransform
Transforming savedstate-ktx-1.2.1.aar (androidx.savedstate:savedstate-ktx:1.2.1) with AarTransform
Transforming material-ripple-release.aar (androidx.compose.material:material-ripple-android:1.6.7) with ExtractAarTransform
Transforming material-ripple-release.aar (androidx.compose.material:material-ripple-android:1.6.7) with AarTransform
Transforming material-icons-core-release.aar (androidx.compose.material:material-icons-core-android:1.6.7) with ExtractAarTransform
Transforming material-icons-core-release.aar (androidx.compose.material:material-icons-core-android:1.6.7) with AarTransform
Transforming material-icons-extended-release.aar (androidx.compose.material:material-icons-extended-android:1.6.7) with ExtractAarTransform
Transforming material-icons-extended-release.aar (androidx.compose.material:material-icons-extended-android:1.6.7) with AarTransform
Transforming material-release.aar (androidx.compose.material:material-android:1.6.7) with ExtractAarTransform
Transforming material-release.aar (androidx.compose.material:material-android:1.6.7) with AarTransform
Transforming savedstate-1.2.1.aar (androidx.savedstate:savedstate:1.2.1) with ExtractAarTransform
Transforming savedstate-1.2.1.aar (androidx.savedstate:savedstate:1.2.1) with AarTransform
Transforming foundation-release.aar (androidx.compose.foundation:foundation-android:1.6.7) with ExtractAarTransform
Transforming foundation-release.aar (androidx.compose.foundation:foundation-android:1.6.7) with AarTransform
Transforming foundation-layout-release.aar (androidx.compose.foundation:foundation-layout-android:1.6.7) with ExtractAarTransform
Transforming foundation-layout-release.aar (androidx.compose.foundation:foundation-layout-android:1.6.7) with AarTransform
Transforming animation-core-release.aar (androidx.compose.animation:animation-core-android:1.6.7) with ExtractAarTransform
Transforming animation-core-release.aar (androidx.compose.animation:animation-core-android:1.6.7) with AarTransform
Transforming animation-release.aar (androidx.compose.animation:animation-android:1.6.7) with ExtractAarTransform
Transforming animation-release.aar (androidx.compose.animation:animation-android:1.6.7) with AarTransform
Transforming ui-tooling-data-release.aar (androidx.compose.ui:ui-tooling-data-android:1.6.7) with ExtractAarTransform
Transforming ui-tooling-data-release.aar (androidx.compose.ui:ui-tooling-data-android:1.6.7) with AarTransform
Transforming ui-unit-release.aar (androidx.compose.ui:ui-unit-android:1.6.7) with ExtractAarTransform
Transforming ui-unit-release.aar (androidx.compose.ui:ui-unit-android:1.6.7) with AarTransform
Transforming ui-geometry-release.aar (androidx.compose.ui:ui-geometry-android:1.6.7) with ExtractAarTransform
Transforming ui-geometry-release.aar (androidx.compose.ui:ui-geometry-android:1.6.7) with AarTransform
Transforming ui-util-release.aar (androidx.compose.ui:ui-util-android:1.6.7) with ExtractAarTransform
Transforming ui-util-release.aar (androidx.compose.ui:ui-util-android:1.6.7) with AarTransform
Transforming ui-tooling-preview-release.aar (androidx.compose.ui:ui-tooling-preview-android:1.6.7) with ExtractAarTransform
Transforming ui-tooling-preview-release.aar (androidx.compose.ui:ui-tooling-preview-android:1.6.7) with AarTransform
Transforming ui-graphics-release.aar (androidx.compose.ui:ui-graphics-android:1.6.7) with ExtractAarTransform
Transforming ui-graphics-release.aar (androidx.compose.ui:ui-graphics-android:1.6.7) with AarTransform
Transforming ui-text-release.aar (androidx.compose.ui:ui-text-android:1.6.7) with ExtractAarTransform
Transforming ui-text-release.aar (androidx.compose.ui:ui-text-android:1.6.7) with AarTransform
Transforming emoji2-1.3.0.aar (androidx.emoji2:emoji2:1.3.0) with ExtractAarTransform
Transforming emoji2-1.3.0.aar (androidx.emoji2:emoji2:1.3.0) with AarTransform
Transforming lifecycle-process-2.8.0.aar (androidx.lifecycle:lifecycle-process:2.8.0) with ExtractAarTransform
Transforming lifecycle-process-2.8.0.aar (androidx.lifecycle:lifecycle-process:2.8.0) with AarTransform
Transforming lifecycle-livedata-core-ktx-2.8.0.aar (androidx.lifecycle:lifecycle-livedata-core-ktx:2.8.0) with ExtractAarTransform
Transforming lifecycle-livedata-core-ktx-2.8.0.aar (androidx.lifecycle:lifecycle-livedata-core-ktx:2.8.0) with AarTransform
Transforming lifecycle-viewmodel-2.8.0.aar (androidx.lifecycle:lifecycle-viewmodel:2.8.0) with ExtractAarTransform
Transforming lifecycle-viewmodel-2.8.0.aar (androidx.lifecycle:lifecycle-viewmodel:2.8.0) with AarTransform
Transforming lifecycle-viewmodel-release.aar (androidx.lifecycle:lifecycle-viewmodel-android:2.8.0) with ExtractAarTransform
Transforming lifecycle-viewmodel-release.aar (androidx.lifecycle:lifecycle-viewmodel-android:2.8.0) with AarTransform
Transforming lifecycle-runtime-release.aar (androidx.lifecycle:lifecycle-runtime-android:2.8.0) with ExtractAarTransform
Transforming lifecycle-runtime-release.aar (androidx.lifecycle:lifecycle-runtime-android:2.8.0) with AarTransform
Transforming lifecycle-service-2.8.0.aar (androidx.lifecycle:lifecycle-service:2.8.0) with ExtractAarTransform
Transforming lifecycle-service-2.8.0.aar (androidx.lifecycle:lifecycle-service:2.8.0) with AarTransform
Transforming lifecycle-livedata-2.8.0.aar (androidx.lifecycle:lifecycle-livedata:2.8.0) with ExtractAarTransform
Transforming lifecycle-livedata-2.8.0.aar (androidx.lifecycle:lifecycle-livedata:2.8.0) with AarTransform
Transforming lifecycle-livedata-core-2.8.0.aar (androidx.lifecycle:lifecycle-livedata-core:2.8.0) with ExtractAarTransform
Transforming lifecycle-livedata-core-2.8.0.aar (androidx.lifecycle:lifecycle-livedata-core:2.8.0) with AarTransform
Transforming lifecycle-livedata-core-2.8.0.aar (androidx.lifecycle:lifecycle-livedata-core:2.8.0) with ExtractAarTransform
Transforming lifecycle-livedata-core-2.8.0.aar (androidx.lifecycle:lifecycle-livedata-core:2.8.0) with AarTransform
Transforming lifecycle-viewmodel-savedstate-2.8.0.aar (androidx.lifecycle:lifecycle-viewmodel-savedstate:2.8.0) with ExtractAarTransform
Transforming lifecycle-viewmodel-savedstate-2.8.0.aar (androidx.lifecycle:lifecycle-viewmodel-savedstate:2.8.0) with AarTransform
Transforming lifecycle-viewmodel-ktx-2.8.0.aar (androidx.lifecycle:lifecycle-viewmodel-ktx:2.8.0) with ExtractAarTransform
Transforming lifecycle-viewmodel-ktx-2.8.0.aar (androidx.lifecycle:lifecycle-viewmodel-ktx:2.8.0) with AarTransform
Transforming lifecycle-runtime-ktx-release.aar (androidx.lifecycle:lifecycle-runtime-ktx-android:2.8.0) with ExtractAarTransform
Transforming lifecycle-runtime-ktx-release.aar (androidx.lifecycle:lifecycle-runtime-ktx-android:2.8.0) with AarTransform
Transforming lifecycle-viewmodel-compose-release.aar (androidx.lifecycle:lifecycle-viewmodel-compose-android:2.8.0) with ExtractAarTransform
Transforming lifecycle-viewmodel-compose-release.aar (androidx.lifecycle:lifecycle-viewmodel-compose-android:2.8.0) with AarTransform
Transforming ui-release.aar (androidx.compose.ui:ui-android:1.6.7) with ExtractAarTransform
Transforming ui-release.aar (androidx.compose.ui:ui-android:1.6.7) with AarTransform
Transforming ui-test-manifest-1.6.7.aar (androidx.compose.ui:ui-test-manifest:1.6.7) with ExtractAarTransform
Transforming ui-test-manifest-1.6.7.aar (androidx.compose.ui:ui-test-manifest:1.6.7) with AarTransform
Transforming ui-tooling-release.aar (androidx.compose.ui:ui-tooling-android:1.6.7) with ExtractAarTransform
Transforming ui-tooling-release.aar (androidx.compose.ui:ui-tooling-android:1.6.7) with AarTransform
Transforming activity-compose-1.9.0.aar (androidx.activity:activity-compose:1.9.0) with ExtractAarTransform
Transforming activity-compose-1.9.0.aar (androidx.activity:activity-compose:1.9.0) with AarTransform
Transforming activity-ktx-1.9.0.aar (androidx.activity:activity-ktx:1.9.0) with ExtractAarTransform
Transforming activity-ktx-1.9.0.aar (androidx.activity:activity-ktx:1.9.0) with AarTransform
Transforming activity-1.9.0.aar (androidx.activity:activity:1.9.0) with ExtractAarTransform
Transforming activity-1.9.0.aar (androidx.activity:activity:1.9.0) with AarTransform
Transforming activity-1.9.0.aar (androidx.activity:activity:1.9.0) with ExtractAarTransform
Transforming activity-1.9.0.aar (androidx.activity:activity:1.9.0) with AarTransform
Transforming appcompat-resources-1.3.1.aar (androidx.appcompat:appcompat-resources:1.3.1) with ExtractAarTransform
Transforming appcompat-resources-1.3.1.aar (androidx.appcompat:appcompat-resources:1.3.1) with AarTransform
Transforming drawerlayout-1.0.0.aar (androidx.drawerlayout:drawerlayout:1.0.0) with ExtractAarTransform
Transforming drawerlayout-1.0.0.aar (androidx.drawerlayout:drawerlayout:1.0.0) with AarTransform
Transforming coordinatorlayout-1.1.0.aar (androidx.coordinatorlayout:coordinatorlayout:1.1.0) with ExtractAarTransform
Transforming coordinatorlayout-1.1.0.aar (androidx.coordinatorlayout:coordinatorlayout:1.1.0) with AarTransform
Transforming transition-1.2.0.aar (androidx.transition:transition:1.2.0) with ExtractAarTransform
Transforming transition-1.2.0.aar (androidx.transition:transition:1.2.0) with AarTransform
Transforming vectordrawable-animated-1.1.0.aar (androidx.vectordrawable:vectordrawable-animated:1.1.0) with ExtractAarTransform
Transforming vectordrawable-animated-1.1.0.aar (androidx.vectordrawable:vectordrawable-animated:1.1.0) with AarTransform
Transforming vectordrawable-1.1.0.aar (androidx.vectordrawable:vectordrawable:1.1.0) with ExtractAarTransform
Transforming vectordrawable-1.1.0.aar (androidx.vectordrawable:vectordrawable:1.1.0) with AarTransform
Transforming vectordrawable-1.1.0.aar (androidx.vectordrawable:vectordrawable:1.1.0) with ExtractAarTransform
Transforming vectordrawable-1.1.0.aar (androidx.vectordrawable:vectordrawable:1.1.0) with AarTransform
Transforming viewpager-1.0.0.aar (androidx.viewpager:viewpager:1.0.0) with ExtractAarTransform
Transforming viewpager-1.0.0.aar (androidx.viewpager:viewpager:1.0.0) with AarTransform
Transforming autofill-1.0.0.aar (androidx.autofill:autofill:1.0.0) with ExtractAarTransform
Transforming autofill-1.0.0.aar (androidx.autofill:autofill:1.0.0) with AarTransform
Transforming recycler-4.6.2.aar (io.noties.markwon:recycler:4.6.2) with ExtractAarTransform
Transforming recycler-4.6.2.aar (io.noties.markwon:recycler:4.6.2) with AarTransform
Transforming recyclerview-1.1.0.aar (androidx.recyclerview:recyclerview:1.1.0) with ExtractAarTransform
Transforming recyclerview-1.1.0.aar (androidx.recyclerview:recyclerview:1.1.0) with AarTransform
Transforming recyclerview-1.1.0.aar (androidx.recyclerview:recyclerview:1.1.0) with ExtractAarTransform
Transforming recyclerview-1.1.0.aar (androidx.recyclerview:recyclerview:1.1.0) with AarTransform
Transforming customview-1.0.0.aar (androidx.customview:customview:1.0.0) with ExtractAarTransform
Transforming customview-1.0.0.aar (androidx.customview:customview:1.0.0) with AarTransform
Transforming core-1.13.1.aar (androidx.core:core:1.13.1) with ExtractAarTransform
Transforming core-1.13.1.aar (androidx.core:core:1.13.1) with AarTransform
Transforming core-1.13.1.aar (androidx.core:core:1.13.1) with ExtractAarTransform
Transforming core-1.13.1.aar (androidx.core:core:1.13.1) with AarTransform
Transforming customview-poolingcontainer-1.0.0.aar (androidx.customview:customview-poolingcontainer:1.0.0) with ExtractAarTransform
Transforming customview-poolingcontainer-1.0.0.aar (androidx.customview:customview-poolingcontainer:1.0.0) with AarTransform
Transforming core-ktx-1.13.1.aar (androidx.core:core-ktx:1.13.1) with ExtractAarTransform
Transforming core-ktx-1.13.1.aar (androidx.core:core-ktx:1.13.1) with AarTransform
Transforming security-crypto-ktx-1.1.0-alpha06.aar (androidx.security:security-crypto-ktx:1.1.0-alpha06) with ExtractAarTransform
Transforming security-crypto-ktx-1.1.0-alpha06.aar (androidx.security:security-crypto-ktx:1.1.0-alpha06) with AarTransform
Transforming room-ktx-2.5.0.aar (androidx.room:room-ktx:2.5.0) with ExtractAarTransform
Transforming room-ktx-2.5.0.aar (androidx.room:room-ktx:2.5.0) with AarTransform
Transforming room-runtime-2.5.0.aar (androidx.room:room-runtime:2.5.0) with ExtractAarTransform
Transforming room-runtime-2.5.0.aar (androidx.room:room-runtime:2.5.0) with AarTransform
Transforming annotation-experimental-1.4.0.aar (androidx.annotation:annotation-experimental:1.4.0) with ExtractAarTransform
Transforming annotation-experimental-1.4.0.aar (androidx.annotation:annotation-experimental:1.4.0) with AarTransform
Transforming runtime-saveable-release.aar (androidx.compose.runtime:runtime-saveable-android:1.6.7) with ExtractAarTransform
Transforming runtime-saveable-release.aar (androidx.compose.runtime:runtime-saveable-android:1.6.7) with AarTransform
Transforming runtime-release.aar (androidx.compose.runtime:runtime-android:1.6.7) with ExtractAarTransform
Transforming runtime-release.aar (androidx.compose.runtime:runtime-android:1.6.7) with AarTransform
Transforming sqlite-framework-2.3.0.aar (androidx.sqlite:sqlite-framework:2.3.0) with ExtractAarTransform
Transforming sqlite-framework-2.3.0.aar (androidx.sqlite:sqlite-framework:2.3.0) with AarTransform
Transforming terminal-view-v0.118.3.aar (com.github.termux.termux-app:terminal-view:v0.118.3) with ExtractAarTransform
Transforming terminal-view-v0.118.3.aar (com.github.termux.termux-app:terminal-view:v0.118.3) with AarTransform
Transforming security-crypto-1.1.0-alpha06.aar (androidx.security:security-crypto:1.1.0-alpha06) with ExtractAarTransform
Transforming security-crypto-1.1.0-alpha06.aar (androidx.security:security-crypto:1.1.0-alpha06) with AarTransform
Transforming ext-strikethrough-4.6.2.aar (io.noties.markwon:ext-strikethrough:4.6.2) with ExtractAarTransform
Transforming ext-strikethrough-4.6.2.aar (io.noties.markwon:ext-strikethrough:4.6.2) with AarTransform
Transforming linkify-4.6.2.aar (io.noties.markwon:linkify:4.6.2) with ExtractAarTransform
Transforming linkify-4.6.2.aar (io.noties.markwon:linkify:4.6.2) with AarTransform
Transforming core-4.6.2.aar (io.noties.markwon:core:4.6.2) with ExtractAarTransform
Transforming core-4.6.2.aar (io.noties.markwon:core:4.6.2) with AarTransform
Transforming interpolator-1.0.0.aar (androidx.interpolator:interpolator:1.0.0) with ExtractAarTransform
Transforming interpolator-1.0.0.aar (androidx.interpolator:interpolator:1.0.0) with AarTransform
Transforming interpolator-1.0.0.aar (androidx.interpolator:interpolator:1.0.0) with ExtractAarTransform
Transforming interpolator-1.0.0.aar (androidx.interpolator:interpolator:1.0.0) with AarTransform
Transforming versionedparcelable-1.1.1.aar (androidx.versionedparcelable:versionedparcelable:1.1.1) with ExtractAarTransform
Transforming versionedparcelable-1.1.1.aar (androidx.versionedparcelable:versionedparcelable:1.1.1) with AarTransform
Transforming cursoradapter-1.0.0.aar (androidx.cursoradapter:cursoradapter:1.0.0) with ExtractAarTransform
Transforming cursoradapter-1.0.0.aar (androidx.cursoradapter:cursoradapter:1.0.0) with AarTransform
Transforming cardview-1.0.0.aar (androidx.cardview:cardview:1.0.0) with ExtractAarTransform
Transforming cardview-1.0.0.aar (androidx.cardview:cardview:1.0.0) with AarTransform
Transforming transport-backend-cct-3.1.8.aar (com.google.android.datatransport:transport-backend-cct:3.1.8) with ExtractAarTransform
Transforming transport-backend-cct-3.1.8.aar (com.google.android.datatransport:transport-backend-cct:3.1.8) with AarTransform
Transforming transport-runtime-3.1.8.aar (com.google.android.datatransport:transport-runtime:3.1.8) with ExtractAarTransform
Transforming transport-runtime-3.1.8.aar (com.google.android.datatransport:transport-runtime:3.1.8) with AarTransform
Transforming transport-api-3.0.0.aar (com.google.android.datatransport:transport-api:3.0.0) with ExtractAarTransform
Transforming transport-api-3.0.0.aar (com.google.android.datatransport:transport-api:3.0.0) with AarTransform
Transforming profileinstaller-1.3.1.aar (androidx.profileinstaller:profileinstaller:1.3.1) with ExtractAarTransform
Transforming profileinstaller-1.3.1.aar (androidx.profileinstaller:profileinstaller:1.3.1) with AarTransform
Transforming startup-runtime-1.1.1.aar (androidx.startup:startup-runtime:1.1.1) with ExtractAarTransform
Transforming startup-runtime-1.1.1.aar (androidx.startup:startup-runtime:1.1.1) with AarTransform
Transforming tracing-1.0.0.aar (androidx.tracing:tracing:1.0.0) with ExtractAarTransform
Transforming tracing-1.0.0.aar (androidx.tracing:tracing:1.0.0) with AarTransform
Transforming firebase-encoders-json-18.0.0.aar (com.google.firebase:firebase-encoders-json:18.0.0) with ExtractAarTransform
Transforming firebase-encoders-json-18.0.0.aar (com.google.firebase:firebase-encoders-json:18.0.0) with AarTransform
Transforming core-runtime-2.2.0.aar (androidx.arch.core:core-runtime:2.2.0) with ExtractAarTransform
Transforming core-runtime-2.2.0.aar (androidx.arch.core:core-runtime:2.2.0) with AarTransform
Transforming sqlite-2.3.0.aar (androidx.sqlite:sqlite:2.3.0) with ExtractAarTransform
Transforming sqlite-2.3.0.aar (androidx.sqlite:sqlite:2.3.0) with AarTransform
Transforming documentfile-1.0.0.aar (androidx.documentfile:documentfile:1.0.0) with ExtractAarTransform
Transforming documentfile-1.0.0.aar (androidx.documentfile:documentfile:1.0.0) with AarTransform
Transforming localbroadcastmanager-1.0.0.aar (androidx.localbroadcastmanager:localbroadcastmanager:1.0.0) with ExtractAarTransform
Transforming localbroadcastmanager-1.0.0.aar (androidx.localbroadcastmanager:localbroadcastmanager:1.0.0) with AarTransform
Transforming print-1.0.0.aar (androidx.print:print:1.0.0) with ExtractAarTransform
Transforming print-1.0.0.aar (androidx.print:print:1.0.0) with AarTransform
Transforming terminal-emulator-v0.118.3.aar (com.github.termux.termux-app:terminal-emulator:v0.118.3) with ExtractAarTransform
Transforming terminal-emulator-v0.118.3.aar (com.github.termux.termux-app:terminal-emulator:v0.118.3) with AarTransform
Transforming hiddenapibypass-6.1.aar (org.lsposed.hiddenapibypass:hiddenapibypass:6.1) with ExtractAarTransform
Transforming hiddenapibypass-6.1.aar (org.lsposed.hiddenapibypass:hiddenapibypass:6.1) with AarTransform
Caching disabled for task ':app:processDebugMainManifest' because:
  Build cache is disabled
Skipping task ':app:processDebugMainManifest' as it is up-to-date.
Resolve mutations for :app:processDebugManifest (Thread[#15968,Execution worker Thread 6,5,main]) started.
:app:processDebugManifest (Thread[#15967,Execution worker Thread 5,5,main]) started.

> Task :app:processDebugManifest UP-TO-DATE
Caching disabled for task ':app:processDebugManifest' because:
  Build cache is disabled
Skipping task ':app:processDebugManifest' as it is up-to-date.
Resolve mutations for :app:processDebugManifestForPackage (Thread[#15967,Execution worker Thread 5,5,main]) started.
:app:processDebugManifestForPackage (Thread[#15967,Execution worker Thread 5,5,main]) started.

> Task :app:processDebugManifestForPackage UP-TO-DATE
Custom actions are attached to task ':app:processDebugManifestForPackage'.
Caching disabled for task ':app:processDebugManifestForPackage' because:
  Build cache is disabled
Skipping task ':app:processDebugManifestForPackage' as it is up-to-date.
Resolve mutations for :app:processDebugResources (Thread[#15965,Execution worker Thread 3,5,main]) started.
:app:processDebugResources (Thread[#15965,Execution worker Thread 3,5,main]) started.

> Task :app:processDebugResources UP-TO-DATE
Transforming aapt2-8.7.2-12006047-linux.jar (com.android.tools.build:aapt2:8.7.2-12006047) with Aapt2Extractor
Transforming termux-shared-v0.118.3.aar (com.github.termux.termux-app:termux-shared:v0.118.3) with ExtractAarTransform
Transforming termux-shared-v0.118.3.aar (com.github.termux.termux-app:termux-shared:v0.118.3) with AarResourcesCompilerTransform
Transforming material-1.4.0.aar (com.google.android.material:material:1.4.0) with ExtractAarTransform
Transforming material-1.4.0.aar (com.google.android.material:material:1.4.0) with AarResourcesCompilerTransform
Transforming constraintlayout-2.0.1.aar (androidx.constraintlayout:constraintlayout:2.0.1) with ExtractAarTransform
Transforming constraintlayout-2.0.1.aar (androidx.constraintlayout:constraintlayout:2.0.1) with AarResourcesCompilerTransform
Transforming appcompat-1.3.1.aar (androidx.appcompat:appcompat:1.3.1) with ExtractAarTransform
Transforming appcompat-1.3.1.aar (androidx.appcompat:appcompat:1.3.1) with AarResourcesCompilerTransform
Transforming window-1.0.0-alpha09.aar (androidx.window:window:1.0.0-alpha09) with ExtractAarTransform
Transforming window-1.0.0-alpha09.aar (androidx.window:window:1.0.0-alpha09) with AarResourcesCompilerTransform
Transforming googleid-1.1.0.aar (com.google.android.libraries.identity.googleid:googleid:1.1.0) with ExtractAarTransform
Transforming googleid-1.1.0.aar (com.google.android.libraries.identity.googleid:googleid:1.1.0) with AarResourcesCompilerTransform
Transforming credentials-1.2.1.aar (androidx.credentials:credentials:1.2.1) with ExtractAarTransform
Transforming credentials-1.2.1.aar (androidx.credentials:credentials:1.2.1) with AarResourcesCompilerTransform
Transforming credentials-1.2.1.aar (androidx.credentials:credentials:1.2.1) with ExtractAarTransform
Transforming credentials-1.2.1.aar (androidx.credentials:credentials:1.2.1) with AarResourcesCompilerTransform
Transforming credentials-play-services-auth-1.2.1.aar (androidx.credentials:credentials-play-services-auth:1.2.1) with ExtractAarTransform
Transforming credentials-play-services-auth-1.2.1.aar (androidx.credentials:credentials-play-services-auth:1.2.1) with AarResourcesCompilerTransform
Transforming play-services-auth-21.1.1.aar (com.google.android.gms:play-services-auth:21.1.1) with ExtractAarTransform
Transforming play-services-auth-21.1.1.aar (com.google.android.gms:play-services-auth:21.1.1) with AarResourcesCompilerTransform
Transforming billing-ktx-6.2.0.aar (com.android.billingclient:billing-ktx:6.2.0) with ExtractAarTransform
Transforming billing-ktx-6.2.0.aar (com.android.billingclient:billing-ktx:6.2.0) with AarResourcesCompilerTransform
Transforming billing-6.2.0.aar (com.android.billingclient:billing:6.2.0) with ExtractAarTransform
Transforming billing-6.2.0.aar (com.android.billingclient:billing:6.2.0) with AarResourcesCompilerTransform
Transforming play-services-fido-20.1.0.aar (com.google.android.gms:play-services-fido:20.1.0) with ExtractAarTransform
Transforming play-services-fido-20.1.0.aar (com.google.android.gms:play-services-fido:20.1.0) with AarResourcesCompilerTransform
Transforming play-services-fido-20.1.0.aar (com.google.android.gms:play-services-fido:20.1.0) with ExtractAarTransform
Transforming play-services-fido-20.1.0.aar (com.google.android.gms:play-services-fido:20.1.0) with AarResourcesCompilerTransform
Transforming play-services-auth-api-phone-18.0.2.aar (com.google.android.gms:play-services-auth-api-phone:18.0.2) with ExtractAarTransform
Transforming play-services-auth-api-phone-18.0.2.aar (com.google.android.gms:play-services-auth-api-phone:18.0.2) with AarResourcesCompilerTransform
Transforming play-services-auth-base-18.0.10.aar (com.google.android.gms:play-services-auth-base:18.0.10) with ExtractAarTransform
Transforming play-services-auth-base-18.0.10.aar (com.google.android.gms:play-services-auth-base:18.0.10) with AarResourcesCompilerTransform
Transforming play-services-location-19.0.0.aar (com.google.android.gms:play-services-location:19.0.0) with ExtractAarTransform
Transforming play-services-location-19.0.0.aar (com.google.android.gms:play-services-location:19.0.0) with AarResourcesCompilerTransform
Transforming play-services-base-18.3.0.aar (com.google.android.gms:play-services-base:18.3.0) with ExtractAarTransform
Transforming play-services-base-18.3.0.aar (com.google.android.gms:play-services-base:18.3.0) with AarResourcesCompilerTransform
Transforming play-services-tasks-18.1.0.aar (com.google.android.gms:play-services-tasks:18.1.0) with ExtractAarTransform
Transforming play-services-tasks-18.1.0.aar (com.google.android.gms:play-services-tasks:18.1.0) with AarResourcesCompilerTransform
Transforming play-services-places-placereport-17.0.0.aar (com.google.android.gms:play-services-places-placereport:17.0.0) with ExtractAarTransform
Transforming play-services-places-placereport-17.0.0.aar (com.google.android.gms:play-services-places-placereport:17.0.0) with AarResourcesCompilerTransform
Transforming play-services-basement-18.3.0.aar (com.google.android.gms:play-services-basement:18.3.0) with ExtractAarTransform
Transforming play-services-basement-18.3.0.aar (com.google.android.gms:play-services-basement:18.3.0) with AarResourcesCompilerTransform
Transforming viewpager2-1.0.0.aar (androidx.viewpager2:viewpager2:1.0.0) with ExtractAarTransform
Transforming viewpager2-1.0.0.aar (androidx.viewpager2:viewpager2:1.0.0) with AarResourcesCompilerTransform
Transforming fragment-1.5.7.aar (androidx.fragment:fragment:1.5.7) with ExtractAarTransform
Transforming fragment-1.5.7.aar (androidx.fragment:fragment:1.5.7) with AarResourcesCompilerTransform
Transforming fragment-1.5.7.aar (androidx.fragment:fragment:1.5.7) with ExtractAarTransform
Transforming fragment-1.5.7.aar (androidx.fragment:fragment:1.5.7) with AarResourcesCompilerTransform
Transforming dynamicanimation-1.0.0.aar (androidx.dynamicanimation:dynamicanimation:1.0.0) with ExtractAarTransform
Transforming dynamicanimation-1.0.0.aar (androidx.dynamicanimation:dynamicanimation:1.0.0) with AarResourcesCompilerTransform
Transforming legacy-support-core-utils-1.0.0.aar (androidx.legacy:legacy-support-core-utils:1.0.0) with ExtractAarTransform
Transforming legacy-support-core-utils-1.0.0.aar (androidx.legacy:legacy-support-core-utils:1.0.0) with AarResourcesCompilerTransform
Transforming loader-1.1.0.aar (androidx.loader:loader:1.1.0) with ExtractAarTransform
Transforming loader-1.1.0.aar (androidx.loader:loader:1.1.0) with AarResourcesCompilerTransform
Transforming loader-1.1.0.aar (androidx.loader:loader:1.1.0) with ExtractAarTransform
Transforming loader-1.1.0.aar (androidx.loader:loader:1.1.0) with AarResourcesCompilerTransform
Transforming work-runtime-ktx-2.9.0.aar (androidx.work:work-runtime-ktx:2.9.0) with ExtractAarTransform
Transforming work-runtime-ktx-2.9.0.aar (androidx.work:work-runtime-ktx:2.9.0) with AarResourcesCompilerTransform
Transforming work-runtime-2.9.0.aar (androidx.work:work-runtime:2.9.0) with ExtractAarTransform
Transforming work-runtime-2.9.0.aar (androidx.work:work-runtime:2.9.0) with AarResourcesCompilerTransform
Transforming navigation-common-2.7.7.aar (androidx.navigation:navigation-common:2.7.7) with ExtractAarTransform
Transforming navigation-common-2.7.7.aar (androidx.navigation:navigation-common:2.7.7) with AarResourcesCompilerTransform
Transforming navigation-runtime-2.7.7.aar (androidx.navigation:navigation-runtime:2.7.7) with ExtractAarTransform
Transforming navigation-runtime-2.7.7.aar (androidx.navigation:navigation-runtime:2.7.7) with AarResourcesCompilerTransform
Transforming navigation-common-ktx-2.7.7.aar (androidx.navigation:navigation-common-ktx:2.7.7) with ExtractAarTransform
Transforming navigation-common-ktx-2.7.7.aar (androidx.navigation:navigation-common-ktx:2.7.7) with AarResourcesCompilerTransform
Transforming navigation-runtime-ktx-2.7.7.aar (androidx.navigation:navigation-runtime-ktx:2.7.7) with ExtractAarTransform
Transforming navigation-runtime-ktx-2.7.7.aar (androidx.navigation:navigation-runtime-ktx:2.7.7) with AarResourcesCompilerTransform
Transforming navigation-compose-2.7.7.aar (androidx.navigation:navigation-compose:2.7.7) with ExtractAarTransform
Transforming navigation-compose-2.7.7.aar (androidx.navigation:navigation-compose:2.7.7) with AarResourcesCompilerTransform
Transforming material3-release.aar (androidx.compose.material3:material3-android:1.2.1) with ExtractAarTransform
Transforming material3-release.aar (androidx.compose.material3:material3-android:1.2.1) with AarResourcesCompilerTransform
Transforming savedstate-ktx-1.2.1.aar (androidx.savedstate:savedstate-ktx:1.2.1) with ExtractAarTransform
Transforming savedstate-ktx-1.2.1.aar (androidx.savedstate:savedstate-ktx:1.2.1) with AarResourcesCompilerTransform
Transforming material-ripple-release.aar (androidx.compose.material:material-ripple-android:1.6.7) with ExtractAarTransform
Transforming material-ripple-release.aar (androidx.compose.material:material-ripple-android:1.6.7) with AarResourcesCompilerTransform
Transforming material-icons-core-release.aar (androidx.compose.material:material-icons-core-android:1.6.7) with ExtractAarTransform
Transforming material-icons-core-release.aar (androidx.compose.material:material-icons-core-android:1.6.7) with AarResourcesCompilerTransform
Transforming material-icons-extended-release.aar (androidx.compose.material:material-icons-extended-android:1.6.7) with ExtractAarTransform
Transforming material-icons-extended-release.aar (androidx.compose.material:material-icons-extended-android:1.6.7) with AarResourcesCompilerTransform
Transforming material-release.aar (androidx.compose.material:material-android:1.6.7) with ExtractAarTransform
Transforming material-release.aar (androidx.compose.material:material-android:1.6.7) with AarResourcesCompilerTransform
Transforming savedstate-1.2.1.aar (androidx.savedstate:savedstate:1.2.1) with ExtractAarTransform
Transforming savedstate-1.2.1.aar (androidx.savedstate:savedstate:1.2.1) with AarResourcesCompilerTransform
Transforming foundation-release.aar (androidx.compose.foundation:foundation-android:1.6.7) with ExtractAarTransform
Transforming foundation-release.aar (androidx.compose.foundation:foundation-android:1.6.7) with AarResourcesCompilerTransform
Transforming foundation-layout-release.aar (androidx.compose.foundation:foundation-layout-android:1.6.7) with ExtractAarTransform
Transforming foundation-layout-release.aar (androidx.compose.foundation:foundation-layout-android:1.6.7) with AarResourcesCompilerTransform
Transforming animation-core-release.aar (androidx.compose.animation:animation-core-android:1.6.7) with ExtractAarTransform
Transforming animation-core-release.aar (androidx.compose.animation:animation-core-android:1.6.7) with AarResourcesCompilerTransform
Transforming animation-release.aar (androidx.compose.animation:animation-android:1.6.7) with ExtractAarTransform
Transforming animation-release.aar (androidx.compose.animation:animation-android:1.6.7) with AarResourcesCompilerTransform
Transforming ui-tooling-data-release.aar (androidx.compose.ui:ui-tooling-data-android:1.6.7) with ExtractAarTransform
Transforming ui-tooling-data-release.aar (androidx.compose.ui:ui-tooling-data-android:1.6.7) with AarResourcesCompilerTransform
Transforming ui-unit-release.aar (androidx.compose.ui:ui-unit-android:1.6.7) with ExtractAarTransform
Transforming ui-unit-release.aar (androidx.compose.ui:ui-unit-android:1.6.7) with AarResourcesCompilerTransform
Transforming ui-geometry-release.aar (androidx.compose.ui:ui-geometry-android:1.6.7) with ExtractAarTransform
Transforming ui-geometry-release.aar (androidx.compose.ui:ui-geometry-android:1.6.7) with AarResourcesCompilerTransform
Transforming ui-util-release.aar (androidx.compose.ui:ui-util-android:1.6.7) with ExtractAarTransform
Transforming ui-util-release.aar (androidx.compose.ui:ui-util-android:1.6.7) with AarResourcesCompilerTransform
Transforming ui-tooling-preview-release.aar (androidx.compose.ui:ui-tooling-preview-android:1.6.7) with ExtractAarTransform
Transforming ui-tooling-preview-release.aar (androidx.compose.ui:ui-tooling-preview-android:1.6.7) with AarResourcesCompilerTransform
Transforming ui-graphics-release.aar (androidx.compose.ui:ui-graphics-android:1.6.7) with ExtractAarTransform
Transforming ui-graphics-release.aar (androidx.compose.ui:ui-graphics-android:1.6.7) with AarResourcesCompilerTransform
Transforming ui-text-release.aar (androidx.compose.ui:ui-text-android:1.6.7) with ExtractAarTransform
Transforming ui-text-release.aar (androidx.compose.ui:ui-text-android:1.6.7) with AarResourcesCompilerTransform
Transforming emoji2-1.3.0.aar (androidx.emoji2:emoji2:1.3.0) with ExtractAarTransform
Transforming emoji2-1.3.0.aar (androidx.emoji2:emoji2:1.3.0) with AarResourcesCompilerTransform
Transforming lifecycle-process-2.8.0.aar (androidx.lifecycle:lifecycle-process:2.8.0) with ExtractAarTransform
Transforming lifecycle-process-2.8.0.aar (androidx.lifecycle:lifecycle-process:2.8.0) with AarResourcesCompilerTransform
Transforming lifecycle-livedata-core-ktx-2.8.0.aar (androidx.lifecycle:lifecycle-livedata-core-ktx:2.8.0) with ExtractAarTransform
Transforming lifecycle-livedata-core-ktx-2.8.0.aar (androidx.lifecycle:lifecycle-livedata-core-ktx:2.8.0) with AarResourcesCompilerTransform
Transforming lifecycle-viewmodel-2.8.0.aar (androidx.lifecycle:lifecycle-viewmodel:2.8.0) with ExtractAarTransform
Transforming lifecycle-viewmodel-2.8.0.aar (androidx.lifecycle:lifecycle-viewmodel:2.8.0) with AarResourcesCompilerTransform
Transforming lifecycle-viewmodel-release.aar (androidx.lifecycle:lifecycle-viewmodel-android:2.8.0) with ExtractAarTransform
Transforming lifecycle-viewmodel-release.aar (androidx.lifecycle:lifecycle-viewmodel-android:2.8.0) with AarResourcesCompilerTransform
Transforming lifecycle-runtime-release.aar (androidx.lifecycle:lifecycle-runtime-android:2.8.0) with ExtractAarTransform
Transforming lifecycle-runtime-release.aar (androidx.lifecycle:lifecycle-runtime-android:2.8.0) with AarResourcesCompilerTransform
Transforming lifecycle-service-2.8.0.aar (androidx.lifecycle:lifecycle-service:2.8.0) with ExtractAarTransform
Transforming lifecycle-service-2.8.0.aar (androidx.lifecycle:lifecycle-service:2.8.0) with AarResourcesCompilerTransform
Transforming lifecycle-livedata-2.8.0.aar (androidx.lifecycle:lifecycle-livedata:2.8.0) with ExtractAarTransform
Transforming lifecycle-livedata-2.8.0.aar (androidx.lifecycle:lifecycle-livedata:2.8.0) with AarResourcesCompilerTransform
Transforming lifecycle-livedata-core-2.8.0.aar (androidx.lifecycle:lifecycle-livedata-core:2.8.0) with ExtractAarTransform
Transforming lifecycle-livedata-core-2.8.0.aar (androidx.lifecycle:lifecycle-livedata-core:2.8.0) with AarResourcesCompilerTransform
Transforming lifecycle-livedata-core-2.8.0.aar (androidx.lifecycle:lifecycle-livedata-core:2.8.0) with ExtractAarTransform
Transforming lifecycle-livedata-core-2.8.0.aar (androidx.lifecycle:lifecycle-livedata-core:2.8.0) with AarResourcesCompilerTransform
Transforming lifecycle-viewmodel-savedstate-2.8.0.aar (androidx.lifecycle:lifecycle-viewmodel-savedstate:2.8.0) with ExtractAarTransform
Transforming lifecycle-viewmodel-savedstate-2.8.0.aar (androidx.lifecycle:lifecycle-viewmodel-savedstate:2.8.0) with AarResourcesCompilerTransform
Transforming lifecycle-viewmodel-ktx-2.8.0.aar (androidx.lifecycle:lifecycle-viewmodel-ktx:2.8.0) with ExtractAarTransform
Transforming lifecycle-viewmodel-ktx-2.8.0.aar (androidx.lifecycle:lifecycle-viewmodel-ktx:2.8.0) with AarResourcesCompilerTransform
Transforming lifecycle-runtime-ktx-release.aar (androidx.lifecycle:lifecycle-runtime-ktx-android:2.8.0) with ExtractAarTransform
Transforming lifecycle-runtime-ktx-release.aar (androidx.lifecycle:lifecycle-runtime-ktx-android:2.8.0) with AarResourcesCompilerTransform
Transforming lifecycle-viewmodel-compose-release.aar (androidx.lifecycle:lifecycle-viewmodel-compose-android:2.8.0) with ExtractAarTransform
Transforming lifecycle-viewmodel-compose-release.aar (androidx.lifecycle:lifecycle-viewmodel-compose-android:2.8.0) with AarResourcesCompilerTransform
Transforming ui-release.aar (androidx.compose.ui:ui-android:1.6.7) with ExtractAarTransform
Transforming ui-release.aar (androidx.compose.ui:ui-android:1.6.7) with AarResourcesCompilerTransform
Transforming ui-test-manifest-1.6.7.aar (androidx.compose.ui:ui-test-manifest:1.6.7) with ExtractAarTransform
Transforming ui-test-manifest-1.6.7.aar (androidx.compose.ui:ui-test-manifest:1.6.7) with AarResourcesCompilerTransform
Transforming ui-tooling-release.aar (androidx.compose.ui:ui-tooling-android:1.6.7) with ExtractAarTransform
Transforming ui-tooling-release.aar (androidx.compose.ui:ui-tooling-android:1.6.7) with AarResourcesCompilerTransform
Transforming activity-compose-1.9.0.aar (androidx.activity:activity-compose:1.9.0) with ExtractAarTransform
Transforming activity-compose-1.9.0.aar (androidx.activity:activity-compose:1.9.0) with AarResourcesCompilerTransform
Transforming activity-ktx-1.9.0.aar (androidx.activity:activity-ktx:1.9.0) with ExtractAarTransform
Transforming activity-ktx-1.9.0.aar (androidx.activity:activity-ktx:1.9.0) with AarResourcesCompilerTransform
Transforming activity-1.9.0.aar (androidx.activity:activity:1.9.0) with ExtractAarTransform
Transforming activity-1.9.0.aar (androidx.activity:activity:1.9.0) with AarResourcesCompilerTransform
Transforming activity-1.9.0.aar (androidx.activity:activity:1.9.0) with ExtractAarTransform
Transforming activity-1.9.0.aar (androidx.activity:activity:1.9.0) with AarResourcesCompilerTransform
Transforming appcompat-resources-1.3.1.aar (androidx.appcompat:appcompat-resources:1.3.1) with ExtractAarTransform
Transforming appcompat-resources-1.3.1.aar (androidx.appcompat:appcompat-resources:1.3.1) with AarResourcesCompilerTransform
Transforming drawerlayout-1.0.0.aar (androidx.drawerlayout:drawerlayout:1.0.0) with ExtractAarTransform
Transforming drawerlayout-1.0.0.aar (androidx.drawerlayout:drawerlayout:1.0.0) with AarResourcesCompilerTransform
Transforming coordinatorlayout-1.1.0.aar (androidx.coordinatorlayout:coordinatorlayout:1.1.0) with ExtractAarTransform
Transforming coordinatorlayout-1.1.0.aar (androidx.coordinatorlayout:coordinatorlayout:1.1.0) with AarResourcesCompilerTransform
Transforming transition-1.2.0.aar (androidx.transition:transition:1.2.0) with ExtractAarTransform
Transforming transition-1.2.0.aar (androidx.transition:transition:1.2.0) with AarResourcesCompilerTransform
Transforming vectordrawable-animated-1.1.0.aar (androidx.vectordrawable:vectordrawable-animated:1.1.0) with ExtractAarTransform
Transforming vectordrawable-animated-1.1.0.aar (androidx.vectordrawable:vectordrawable-animated:1.1.0) with AarResourcesCompilerTransform
Transforming vectordrawable-1.1.0.aar (androidx.vectordrawable:vectordrawable:1.1.0) with ExtractAarTransform
Transforming vectordrawable-1.1.0.aar (androidx.vectordrawable:vectordrawable:1.1.0) with AarResourcesCompilerTransform
Transforming vectordrawable-1.1.0.aar (androidx.vectordrawable:vectordrawable:1.1.0) with ExtractAarTransform
Transforming vectordrawable-1.1.0.aar (androidx.vectordrawable:vectordrawable:1.1.0) with AarResourcesCompilerTransform
Transforming viewpager-1.0.0.aar (androidx.viewpager:viewpager:1.0.0) with ExtractAarTransform
Transforming viewpager-1.0.0.aar (androidx.viewpager:viewpager:1.0.0) with AarResourcesCompilerTransform
Transforming autofill-1.0.0.aar (androidx.autofill:autofill:1.0.0) with ExtractAarTransform
Transforming autofill-1.0.0.aar (androidx.autofill:autofill:1.0.0) with AarResourcesCompilerTransform
Transforming recycler-4.6.2.aar (io.noties.markwon:recycler:4.6.2) with ExtractAarTransform
Transforming recycler-4.6.2.aar (io.noties.markwon:recycler:4.6.2) with AarResourcesCompilerTransform
Transforming recyclerview-1.1.0.aar (androidx.recyclerview:recyclerview:1.1.0) with ExtractAarTransform
Transforming recyclerview-1.1.0.aar (androidx.recyclerview:recyclerview:1.1.0) with AarResourcesCompilerTransform
Transforming recyclerview-1.1.0.aar (androidx.recyclerview:recyclerview:1.1.0) with ExtractAarTransform
Transforming recyclerview-1.1.0.aar (androidx.recyclerview:recyclerview:1.1.0) with AarResourcesCompilerTransform
Transforming customview-1.0.0.aar (androidx.customview:customview:1.0.0) with ExtractAarTransform
Transforming customview-1.0.0.aar (androidx.customview:customview:1.0.0) with AarResourcesCompilerTransform
Transforming core-1.13.1.aar (androidx.core:core:1.13.1) with ExtractAarTransform
Transforming core-1.13.1.aar (androidx.core:core:1.13.1) with AarResourcesCompilerTransform
Transforming core-1.13.1.aar (androidx.core:core:1.13.1) with ExtractAarTransform
Transforming core-1.13.1.aar (androidx.core:core:1.13.1) with AarResourcesCompilerTransform
Transforming customview-poolingcontainer-1.0.0.aar (androidx.customview:customview-poolingcontainer:1.0.0) with ExtractAarTransform
Transforming customview-poolingcontainer-1.0.0.aar (androidx.customview:customview-poolingcontainer:1.0.0) with AarResourcesCompilerTransform
Transforming core-ktx-1.13.1.aar (androidx.core:core-ktx:1.13.1) with ExtractAarTransform
Transforming core-ktx-1.13.1.aar (androidx.core:core-ktx:1.13.1) with AarResourcesCompilerTransform
Transforming security-crypto-ktx-1.1.0-alpha06.aar (androidx.security:security-crypto-ktx:1.1.0-alpha06) with ExtractAarTransform
Transforming security-crypto-ktx-1.1.0-alpha06.aar (androidx.security:security-crypto-ktx:1.1.0-alpha06) with AarResourcesCompilerTransform
Transforming room-ktx-2.5.0.aar (androidx.room:room-ktx:2.5.0) with ExtractAarTransform
Transforming room-ktx-2.5.0.aar (androidx.room:room-ktx:2.5.0) with AarResourcesCompilerTransform
Transforming room-runtime-2.5.0.aar (androidx.room:room-runtime:2.5.0) with ExtractAarTransform
Transforming room-runtime-2.5.0.aar (androidx.room:room-runtime:2.5.0) with AarResourcesCompilerTransform
Transforming annotation-experimental-1.4.0.aar (androidx.annotation:annotation-experimental:1.4.0) with ExtractAarTransform
Transforming annotation-experimental-1.4.0.aar (androidx.annotation:annotation-experimental:1.4.0) with AarResourcesCompilerTransform
Transforming runtime-saveable-release.aar (androidx.compose.runtime:runtime-saveable-android:1.6.7) with ExtractAarTransform
Transforming runtime-saveable-release.aar (androidx.compose.runtime:runtime-saveable-android:1.6.7) with AarResourcesCompilerTransform
Transforming runtime-release.aar (androidx.compose.runtime:runtime-android:1.6.7) with ExtractAarTransform
Transforming runtime-release.aar (androidx.compose.runtime:runtime-android:1.6.7) with AarResourcesCompilerTransform
Transforming sqlite-framework-2.3.0.aar (androidx.sqlite:sqlite-framework:2.3.0) with ExtractAarTransform
Transforming sqlite-framework-2.3.0.aar (androidx.sqlite:sqlite-framework:2.3.0) with AarResourcesCompilerTransform
Transforming terminal-view-v0.118.3.aar (com.github.termux.termux-app:terminal-view:v0.118.3) with ExtractAarTransform
Transforming terminal-view-v0.118.3.aar (com.github.termux.termux-app:terminal-view:v0.118.3) with AarResourcesCompilerTransform
Transforming security-crypto-1.1.0-alpha06.aar (androidx.security:security-crypto:1.1.0-alpha06) with ExtractAarTransform
Transforming security-crypto-1.1.0-alpha06.aar (androidx.security:security-crypto:1.1.0-alpha06) with AarResourcesCompilerTransform
Transforming ext-strikethrough-4.6.2.aar (io.noties.markwon:ext-strikethrough:4.6.2) with ExtractAarTransform
Transforming ext-strikethrough-4.6.2.aar (io.noties.markwon:ext-strikethrough:4.6.2) with AarResourcesCompilerTransform
Transforming linkify-4.6.2.aar (io.noties.markwon:linkify:4.6.2) with ExtractAarTransform
Transforming linkify-4.6.2.aar (io.noties.markwon:linkify:4.6.2) with AarResourcesCompilerTransform
Transforming core-4.6.2.aar (io.noties.markwon:core:4.6.2) with ExtractAarTransform
Transforming core-4.6.2.aar (io.noties.markwon:core:4.6.2) with AarResourcesCompilerTransform
Transforming interpolator-1.0.0.aar (androidx.interpolator:interpolator:1.0.0) with ExtractAarTransform
Transforming interpolator-1.0.0.aar (androidx.interpolator:interpolator:1.0.0) with AarResourcesCompilerTransform
Transforming interpolator-1.0.0.aar (androidx.interpolator:interpolator:1.0.0) with ExtractAarTransform
Transforming interpolator-1.0.0.aar (androidx.interpolator:interpolator:1.0.0) with AarResourcesCompilerTransform
Transforming versionedparcelable-1.1.1.aar (androidx.versionedparcelable:versionedparcelable:1.1.1) with ExtractAarTransform
Transforming versionedparcelable-1.1.1.aar (androidx.versionedparcelable:versionedparcelable:1.1.1) with AarResourcesCompilerTransform
Transforming cursoradapter-1.0.0.aar (androidx.cursoradapter:cursoradapter:1.0.0) with ExtractAarTransform
Transforming cursoradapter-1.0.0.aar (androidx.cursoradapter:cursoradapter:1.0.0) with AarResourcesCompilerTransform
Transforming cardview-1.0.0.aar (androidx.cardview:cardview:1.0.0) with ExtractAarTransform
Transforming cardview-1.0.0.aar (androidx.cardview:cardview:1.0.0) with AarResourcesCompilerTransform
Transforming transport-backend-cct-3.1.8.aar (com.google.android.datatransport:transport-backend-cct:3.1.8) with ExtractAarTransform
Transforming transport-backend-cct-3.1.8.aar (com.google.android.datatransport:transport-backend-cct:3.1.8) with AarResourcesCompilerTransform
Transforming transport-runtime-3.1.8.aar (com.google.android.datatransport:transport-runtime:3.1.8) with ExtractAarTransform
Transforming transport-runtime-3.1.8.aar (com.google.android.datatransport:transport-runtime:3.1.8) with AarResourcesCompilerTransform
Transforming transport-api-3.0.0.aar (com.google.android.datatransport:transport-api:3.0.0) with ExtractAarTransform
Transforming transport-api-3.0.0.aar (com.google.android.datatransport:transport-api:3.0.0) with AarResourcesCompilerTransform
Transforming profileinstaller-1.3.1.aar (androidx.profileinstaller:profileinstaller:1.3.1) with ExtractAarTransform
Transforming profileinstaller-1.3.1.aar (androidx.profileinstaller:profileinstaller:1.3.1) with AarResourcesCompilerTransform
Transforming startup-runtime-1.1.1.aar (androidx.startup:startup-runtime:1.1.1) with ExtractAarTransform
Transforming startup-runtime-1.1.1.aar (androidx.startup:startup-runtime:1.1.1) with AarResourcesCompilerTransform
Transforming tracing-1.0.0.aar (androidx.tracing:tracing:1.0.0) with ExtractAarTransform
Transforming tracing-1.0.0.aar (androidx.tracing:tracing:1.0.0) with AarResourcesCompilerTransform
Transforming firebase-encoders-json-18.0.0.aar (com.google.firebase:firebase-encoders-json:18.0.0) with ExtractAarTransform
Transforming firebase-encoders-json-18.0.0.aar (com.google.firebase:firebase-encoders-json:18.0.0) with AarResourcesCompilerTransform
Transforming core-runtime-2.2.0.aar (androidx.arch.core:core-runtime:2.2.0) with ExtractAarTransform
Transforming core-runtime-2.2.0.aar (androidx.arch.core:core-runtime:2.2.0) with AarResourcesCompilerTransform
Transforming sqlite-2.3.0.aar (androidx.sqlite:sqlite:2.3.0) with ExtractAarTransform
Transforming sqlite-2.3.0.aar (androidx.sqlite:sqlite:2.3.0) with AarResourcesCompilerTransform
Transforming documentfile-1.0.0.aar (androidx.documentfile:documentfile:1.0.0) with ExtractAarTransform
Transforming documentfile-1.0.0.aar (androidx.documentfile:documentfile:1.0.0) with AarResourcesCompilerTransform
Transforming localbroadcastmanager-1.0.0.aar (androidx.localbroadcastmanager:localbroadcastmanager:1.0.0) with ExtractAarTransform
Transforming localbroadcastmanager-1.0.0.aar (androidx.localbroadcastmanager:localbroadcastmanager:1.0.0) with AarResourcesCompilerTransform
Transforming print-1.0.0.aar (androidx.print:print:1.0.0) with ExtractAarTransform
Transforming print-1.0.0.aar (androidx.print:print:1.0.0) with AarResourcesCompilerTransform
Transforming terminal-emulator-v0.118.3.aar (com.github.termux.termux-app:terminal-emulator:v0.118.3) with ExtractAarTransform
Transforming terminal-emulator-v0.118.3.aar (com.github.termux.termux-app:terminal-emulator:v0.118.3) with AarResourcesCompilerTransform
Transforming hiddenapibypass-6.1.aar (org.lsposed.hiddenapibypass:hiddenapibypass:6.1) with ExtractAarTransform
Transforming hiddenapibypass-6.1.aar (org.lsposed.hiddenapibypass:hiddenapibypass:6.1) with AarResourcesCompilerTransform
Transforming termux-shared-v0.118.3.aar (com.github.termux.termux-app:termux-shared:v0.118.3) with ExtractAarTransform
Transforming termux-shared-v0.118.3.aar (com.github.termux.termux-app:termux-shared:v0.118.3) with LibrarySymbolTableTransform
Transforming material-1.4.0.aar (com.google.android.material:material:1.4.0) with ExtractAarTransform
Transforming material-1.4.0.aar (com.google.android.material:material:1.4.0) with LibrarySymbolTableTransform
Transforming constraintlayout-2.0.1.aar (androidx.constraintlayout:constraintlayout:2.0.1) with ExtractAarTransform
Transforming constraintlayout-2.0.1.aar (androidx.constraintlayout:constraintlayout:2.0.1) with LibrarySymbolTableTransform
Transforming appcompat-1.3.1.aar (androidx.appcompat:appcompat:1.3.1) with ExtractAarTransform
Transforming appcompat-1.3.1.aar (androidx.appcompat:appcompat:1.3.1) with LibrarySymbolTableTransform
Transforming window-1.0.0-alpha09.aar (androidx.window:window:1.0.0-alpha09) with ExtractAarTransform
Transforming window-1.0.0-alpha09.aar (androidx.window:window:1.0.0-alpha09) with LibrarySymbolTableTransform
Transforming googleid-1.1.0.aar (com.google.android.libraries.identity.googleid:googleid:1.1.0) with ExtractAarTransform
Transforming googleid-1.1.0.aar (com.google.android.libraries.identity.googleid:googleid:1.1.0) with LibrarySymbolTableTransform
Transforming credentials-1.2.1.aar (androidx.credentials:credentials:1.2.1) with ExtractAarTransform
Transforming credentials-1.2.1.aar (androidx.credentials:credentials:1.2.1) with LibrarySymbolTableTransform
Transforming credentials-1.2.1.aar (androidx.credentials:credentials:1.2.1) with ExtractAarTransform
Transforming credentials-1.2.1.aar (androidx.credentials:credentials:1.2.1) with LibrarySymbolTableTransform
Transforming credentials-play-services-auth-1.2.1.aar (androidx.credentials:credentials-play-services-auth:1.2.1) with ExtractAarTransform
Transforming credentials-play-services-auth-1.2.1.aar (androidx.credentials:credentials-play-services-auth:1.2.1) with LibrarySymbolTableTransform
Transforming play-services-auth-21.1.1.aar (com.google.android.gms:play-services-auth:21.1.1) with ExtractAarTransform
Transforming play-services-auth-21.1.1.aar (com.google.android.gms:play-services-auth:21.1.1) with LibrarySymbolTableTransform
Transforming billing-ktx-6.2.0.aar (com.android.billingclient:billing-ktx:6.2.0) with ExtractAarTransform
Transforming billing-ktx-6.2.0.aar (com.android.billingclient:billing-ktx:6.2.0) with LibrarySymbolTableTransform
Transforming billing-6.2.0.aar (com.android.billingclient:billing:6.2.0) with ExtractAarTransform
Transforming billing-6.2.0.aar (com.android.billingclient:billing:6.2.0) with LibrarySymbolTableTransform
Transforming play-services-fido-20.1.0.aar (com.google.android.gms:play-services-fido:20.1.0) with ExtractAarTransform
Transforming play-services-fido-20.1.0.aar (com.google.android.gms:play-services-fido:20.1.0) with LibrarySymbolTableTransform
Transforming play-services-fido-20.1.0.aar (com.google.android.gms:play-services-fido:20.1.0) with ExtractAarTransform
Transforming play-services-fido-20.1.0.aar (com.google.android.gms:play-services-fido:20.1.0) with LibrarySymbolTableTransform
Transforming play-services-auth-api-phone-18.0.2.aar (com.google.android.gms:play-services-auth-api-phone:18.0.2) with ExtractAarTransform
Transforming play-services-auth-api-phone-18.0.2.aar (com.google.android.gms:play-services-auth-api-phone:18.0.2) with LibrarySymbolTableTransform
Transforming play-services-auth-base-18.0.10.aar (com.google.android.gms:play-services-auth-base:18.0.10) with ExtractAarTransform
Transforming play-services-auth-base-18.0.10.aar (com.google.android.gms:play-services-auth-base:18.0.10) with LibrarySymbolTableTransform
Transforming play-services-location-19.0.0.aar (com.google.android.gms:play-services-location:19.0.0) with ExtractAarTransform
Transforming play-services-location-19.0.0.aar (com.google.android.gms:play-services-location:19.0.0) with LibrarySymbolTableTransform
Transforming play-services-base-18.3.0.aar (com.google.android.gms:play-services-base:18.3.0) with ExtractAarTransform
Transforming play-services-base-18.3.0.aar (com.google.android.gms:play-services-base:18.3.0) with LibrarySymbolTableTransform
Transforming play-services-tasks-18.1.0.aar (com.google.android.gms:play-services-tasks:18.1.0) with ExtractAarTransform
Transforming play-services-tasks-18.1.0.aar (com.google.android.gms:play-services-tasks:18.1.0) with LibrarySymbolTableTransform
Transforming play-services-places-placereport-17.0.0.aar (com.google.android.gms:play-services-places-placereport:17.0.0) with ExtractAarTransform
Transforming play-services-places-placereport-17.0.0.aar (com.google.android.gms:play-services-places-placereport:17.0.0) with LibrarySymbolTableTransform
Transforming play-services-basement-18.3.0.aar (com.google.android.gms:play-services-basement:18.3.0) with ExtractAarTransform
Transforming play-services-basement-18.3.0.aar (com.google.android.gms:play-services-basement:18.3.0) with LibrarySymbolTableTransform
Transforming viewpager2-1.0.0.aar (androidx.viewpager2:viewpager2:1.0.0) with ExtractAarTransform
Transforming viewpager2-1.0.0.aar (androidx.viewpager2:viewpager2:1.0.0) with LibrarySymbolTableTransform
Transforming fragment-1.5.7.aar (androidx.fragment:fragment:1.5.7) with ExtractAarTransform
Transforming fragment-1.5.7.aar (androidx.fragment:fragment:1.5.7) with LibrarySymbolTableTransform
Transforming fragment-1.5.7.aar (androidx.fragment:fragment:1.5.7) with ExtractAarTransform
Transforming fragment-1.5.7.aar (androidx.fragment:fragment:1.5.7) with LibrarySymbolTableTransform
Transforming dynamicanimation-1.0.0.aar (androidx.dynamicanimation:dynamicanimation:1.0.0) with ExtractAarTransform
Transforming dynamicanimation-1.0.0.aar (androidx.dynamicanimation:dynamicanimation:1.0.0) with LibrarySymbolTableTransform
Transforming legacy-support-core-utils-1.0.0.aar (androidx.legacy:legacy-support-core-utils:1.0.0) with ExtractAarTransform
Transforming legacy-support-core-utils-1.0.0.aar (androidx.legacy:legacy-support-core-utils:1.0.0) with LibrarySymbolTableTransform
Transforming loader-1.1.0.aar (androidx.loader:loader:1.1.0) with ExtractAarTransform
Transforming loader-1.1.0.aar (androidx.loader:loader:1.1.0) with LibrarySymbolTableTransform
Transforming loader-1.1.0.aar (androidx.loader:loader:1.1.0) with ExtractAarTransform
Transforming loader-1.1.0.aar (androidx.loader:loader:1.1.0) with LibrarySymbolTableTransform
Transforming work-runtime-ktx-2.9.0.aar (androidx.work:work-runtime-ktx:2.9.0) with ExtractAarTransform
Transforming work-runtime-ktx-2.9.0.aar (androidx.work:work-runtime-ktx:2.9.0) with LibrarySymbolTableTransform
Transforming work-runtime-2.9.0.aar (androidx.work:work-runtime:2.9.0) with ExtractAarTransform
Transforming work-runtime-2.9.0.aar (androidx.work:work-runtime:2.9.0) with LibrarySymbolTableTransform
Transforming navigation-common-2.7.7.aar (androidx.navigation:navigation-common:2.7.7) with ExtractAarTransform
Transforming navigation-common-2.7.7.aar (androidx.navigation:navigation-common:2.7.7) with LibrarySymbolTableTransform
Transforming navigation-runtime-2.7.7.aar (androidx.navigation:navigation-runtime:2.7.7) with ExtractAarTransform
Transforming navigation-runtime-2.7.7.aar (androidx.navigation:navigation-runtime:2.7.7) with LibrarySymbolTableTransform
Transforming navigation-common-ktx-2.7.7.aar (androidx.navigation:navigation-common-ktx:2.7.7) with ExtractAarTransform
Transforming navigation-common-ktx-2.7.7.aar (androidx.navigation:navigation-common-ktx:2.7.7) with LibrarySymbolTableTransform
Transforming navigation-runtime-ktx-2.7.7.aar (androidx.navigation:navigation-runtime-ktx:2.7.7) with ExtractAarTransform
Transforming navigation-runtime-ktx-2.7.7.aar (androidx.navigation:navigation-runtime-ktx:2.7.7) with LibrarySymbolTableTransform
Transforming navigation-compose-2.7.7.aar (androidx.navigation:navigation-compose:2.7.7) with ExtractAarTransform
Transforming navigation-compose-2.7.7.aar (androidx.navigation:navigation-compose:2.7.7) with LibrarySymbolTableTransform
Transforming material3-release.aar (androidx.compose.material3:material3-android:1.2.1) with ExtractAarTransform
Transforming material3-release.aar (androidx.compose.material3:material3-android:1.2.1) with LibrarySymbolTableTransform
Transforming savedstate-ktx-1.2.1.aar (androidx.savedstate:savedstate-ktx:1.2.1) with ExtractAarTransform
Transforming savedstate-ktx-1.2.1.aar (androidx.savedstate:savedstate-ktx:1.2.1) with LibrarySymbolTableTransform
Transforming material-ripple-release.aar (androidx.compose.material:material-ripple-android:1.6.7) with ExtractAarTransform
Transforming material-ripple-release.aar (androidx.compose.material:material-ripple-android:1.6.7) with LibrarySymbolTableTransform
Transforming material-icons-core-release.aar (androidx.compose.material:material-icons-core-android:1.6.7) with ExtractAarTransform
Transforming material-icons-core-release.aar (androidx.compose.material:material-icons-core-android:1.6.7) with LibrarySymbolTableTransform
Transforming material-icons-extended-release.aar (androidx.compose.material:material-icons-extended-android:1.6.7) with ExtractAarTransform
Transforming material-icons-extended-release.aar (androidx.compose.material:material-icons-extended-android:1.6.7) with LibrarySymbolTableTransform
Transforming material-release.aar (androidx.compose.material:material-android:1.6.7) with ExtractAarTransform
Transforming material-release.aar (androidx.compose.material:material-android:1.6.7) with LibrarySymbolTableTransform
Transforming savedstate-1.2.1.aar (androidx.savedstate:savedstate:1.2.1) with ExtractAarTransform
Transforming savedstate-1.2.1.aar (androidx.savedstate:savedstate:1.2.1) with LibrarySymbolTableTransform
Transforming foundation-release.aar (androidx.compose.foundation:foundation-android:1.6.7) with ExtractAarTransform
Transforming foundation-release.aar (androidx.compose.foundation:foundation-android:1.6.7) with LibrarySymbolTableTransform
Transforming foundation-layout-release.aar (androidx.compose.foundation:foundation-layout-android:1.6.7) with ExtractAarTransform
Transforming foundation-layout-release.aar (androidx.compose.foundation:foundation-layout-android:1.6.7) with LibrarySymbolTableTransform
Transforming animation-core-release.aar (androidx.compose.animation:animation-core-android:1.6.7) with ExtractAarTransform
Transforming animation-core-release.aar (androidx.compose.animation:animation-core-android:1.6.7) with LibrarySymbolTableTransform
Transforming animation-release.aar (androidx.compose.animation:animation-android:1.6.7) with ExtractAarTransform
Transforming animation-release.aar (androidx.compose.animation:animation-android:1.6.7) with LibrarySymbolTableTransform
Transforming ui-tooling-data-release.aar (androidx.compose.ui:ui-tooling-data-android:1.6.7) with ExtractAarTransform
Transforming ui-tooling-data-release.aar (androidx.compose.ui:ui-tooling-data-android:1.6.7) with LibrarySymbolTableTransform
Transforming ui-unit-release.aar (androidx.compose.ui:ui-unit-android:1.6.7) with ExtractAarTransform
Transforming ui-unit-release.aar (androidx.compose.ui:ui-unit-android:1.6.7) with LibrarySymbolTableTransform
Transforming ui-geometry-release.aar (androidx.compose.ui:ui-geometry-android:1.6.7) with ExtractAarTransform
Transforming ui-geometry-release.aar (androidx.compose.ui:ui-geometry-android:1.6.7) with LibrarySymbolTableTransform
Transforming ui-util-release.aar (androidx.compose.ui:ui-util-android:1.6.7) with ExtractAarTransform
Transforming ui-util-release.aar (androidx.compose.ui:ui-util-android:1.6.7) with LibrarySymbolTableTransform
Transforming ui-tooling-preview-release.aar (androidx.compose.ui:ui-tooling-preview-android:1.6.7) with ExtractAarTransform
Transforming ui-tooling-preview-release.aar (androidx.compose.ui:ui-tooling-preview-android:1.6.7) with LibrarySymbolTableTransform
Transforming ui-graphics-release.aar (androidx.compose.ui:ui-graphics-android:1.6.7) with ExtractAarTransform
Transforming ui-graphics-release.aar (androidx.compose.ui:ui-graphics-android:1.6.7) with LibrarySymbolTableTransform
Transforming ui-text-release.aar (androidx.compose.ui:ui-text-android:1.6.7) with ExtractAarTransform
Transforming ui-text-release.aar (androidx.compose.ui:ui-text-android:1.6.7) with LibrarySymbolTableTransform
Transforming emoji2-1.3.0.aar (androidx.emoji2:emoji2:1.3.0) with ExtractAarTransform
Transforming emoji2-1.3.0.aar (androidx.emoji2:emoji2:1.3.0) with LibrarySymbolTableTransform
Transforming lifecycle-process-2.8.0.aar (androidx.lifecycle:lifecycle-process:2.8.0) with ExtractAarTransform
Transforming lifecycle-process-2.8.0.aar (androidx.lifecycle:lifecycle-process:2.8.0) with LibrarySymbolTableTransform
Transforming lifecycle-livedata-core-ktx-2.8.0.aar (androidx.lifecycle:lifecycle-livedata-core-ktx:2.8.0) with ExtractAarTransform
Transforming lifecycle-livedata-core-ktx-2.8.0.aar (androidx.lifecycle:lifecycle-livedata-core-ktx:2.8.0) with LibrarySymbolTableTransform
Transforming lifecycle-viewmodel-2.8.0.aar (androidx.lifecycle:lifecycle-viewmodel:2.8.0) with ExtractAarTransform
Transforming lifecycle-viewmodel-2.8.0.aar (androidx.lifecycle:lifecycle-viewmodel:2.8.0) with LibrarySymbolTableTransform
Transforming lifecycle-viewmodel-release.aar (androidx.lifecycle:lifecycle-viewmodel-android:2.8.0) with ExtractAarTransform
Transforming lifecycle-viewmodel-release.aar (androidx.lifecycle:lifecycle-viewmodel-android:2.8.0) with LibrarySymbolTableTransform
Transforming lifecycle-runtime-release.aar (androidx.lifecycle:lifecycle-runtime-android:2.8.0) with ExtractAarTransform
Transforming lifecycle-runtime-release.aar (androidx.lifecycle:lifecycle-runtime-android:2.8.0) with LibrarySymbolTableTransform
Transforming lifecycle-service-2.8.0.aar (androidx.lifecycle:lifecycle-service:2.8.0) with ExtractAarTransform
Transforming lifecycle-service-2.8.0.aar (androidx.lifecycle:lifecycle-service:2.8.0) with LibrarySymbolTableTransform
Transforming lifecycle-livedata-2.8.0.aar (androidx.lifecycle:lifecycle-livedata:2.8.0) with ExtractAarTransform
Transforming lifecycle-livedata-2.8.0.aar (androidx.lifecycle:lifecycle-livedata:2.8.0) with LibrarySymbolTableTransform
Transforming lifecycle-livedata-core-2.8.0.aar (androidx.lifecycle:lifecycle-livedata-core:2.8.0) with ExtractAarTransform
Transforming lifecycle-livedata-core-2.8.0.aar (androidx.lifecycle:lifecycle-livedata-core:2.8.0) with LibrarySymbolTableTransform
Transforming lifecycle-livedata-core-2.8.0.aar (androidx.lifecycle:lifecycle-livedata-core:2.8.0) with ExtractAarTransform
Transforming lifecycle-livedata-core-2.8.0.aar (androidx.lifecycle:lifecycle-livedata-core:2.8.0) with LibrarySymbolTableTransform
Transforming lifecycle-viewmodel-savedstate-2.8.0.aar (androidx.lifecycle:lifecycle-viewmodel-savedstate:2.8.0) with ExtractAarTransform
Transforming lifecycle-viewmodel-savedstate-2.8.0.aar (androidx.lifecycle:lifecycle-viewmodel-savedstate:2.8.0) with LibrarySymbolTableTransform
Transforming lifecycle-viewmodel-ktx-2.8.0.aar (androidx.lifecycle:lifecycle-viewmodel-ktx:2.8.0) with ExtractAarTransform
Transforming lifecycle-viewmodel-ktx-2.8.0.aar (androidx.lifecycle:lifecycle-viewmodel-ktx:2.8.0) with LibrarySymbolTableTransform
Transforming lifecycle-runtime-ktx-release.aar (androidx.lifecycle:lifecycle-runtime-ktx-android:2.8.0) with ExtractAarTransform
Transforming lifecycle-runtime-ktx-release.aar (androidx.lifecycle:lifecycle-runtime-ktx-android:2.8.0) with LibrarySymbolTableTransform
Transforming lifecycle-viewmodel-compose-release.aar (androidx.lifecycle:lifecycle-viewmodel-compose-android:2.8.0) with ExtractAarTransform
Transforming lifecycle-viewmodel-compose-release.aar (androidx.lifecycle:lifecycle-viewmodel-compose-android:2.8.0) with LibrarySymbolTableTransform
Transforming ui-release.aar (androidx.compose.ui:ui-android:1.6.7) with ExtractAarTransform
Transforming ui-release.aar (androidx.compose.ui:ui-android:1.6.7) with LibrarySymbolTableTransform
Transforming ui-test-manifest-1.6.7.aar (androidx.compose.ui:ui-test-manifest:1.6.7) with ExtractAarTransform
Transforming ui-test-manifest-1.6.7.aar (androidx.compose.ui:ui-test-manifest:1.6.7) with LibrarySymbolTableTransform
Transforming ui-tooling-release.aar (androidx.compose.ui:ui-tooling-android:1.6.7) with ExtractAarTransform
Transforming ui-tooling-release.aar (androidx.compose.ui:ui-tooling-android:1.6.7) with LibrarySymbolTableTransform
Transforming activity-compose-1.9.0.aar (androidx.activity:activity-compose:1.9.0) with ExtractAarTransform
Transforming activity-compose-1.9.0.aar (androidx.activity:activity-compose:1.9.0) with LibrarySymbolTableTransform
Transforming activity-ktx-1.9.0.aar (androidx.activity:activity-ktx:1.9.0) with ExtractAarTransform
Transforming activity-ktx-1.9.0.aar (androidx.activity:activity-ktx:1.9.0) with LibrarySymbolTableTransform
Transforming activity-1.9.0.aar (androidx.activity:activity:1.9.0) with ExtractAarTransform
Transforming activity-1.9.0.aar (androidx.activity:activity:1.9.0) with LibrarySymbolTableTransform
Transforming activity-1.9.0.aar (androidx.activity:activity:1.9.0) with ExtractAarTransform
Transforming activity-1.9.0.aar (androidx.activity:activity:1.9.0) with LibrarySymbolTableTransform
Transforming appcompat-resources-1.3.1.aar (androidx.appcompat:appcompat-resources:1.3.1) with ExtractAarTransform
Transforming appcompat-resources-1.3.1.aar (androidx.appcompat:appcompat-resources:1.3.1) with LibrarySymbolTableTransform
Transforming drawerlayout-1.0.0.aar (androidx.drawerlayout:drawerlayout:1.0.0) with ExtractAarTransform
Transforming drawerlayout-1.0.0.aar (androidx.drawerlayout:drawerlayout:1.0.0) with LibrarySymbolTableTransform
Transforming coordinatorlayout-1.1.0.aar (androidx.coordinatorlayout:coordinatorlayout:1.1.0) with ExtractAarTransform
Transforming coordinatorlayout-1.1.0.aar (androidx.coordinatorlayout:coordinatorlayout:1.1.0) with LibrarySymbolTableTransform
Transforming transition-1.2.0.aar (androidx.transition:transition:1.2.0) with ExtractAarTransform
Transforming transition-1.2.0.aar (androidx.transition:transition:1.2.0) with LibrarySymbolTableTransform
Transforming vectordrawable-animated-1.1.0.aar (androidx.vectordrawable:vectordrawable-animated:1.1.0) with ExtractAarTransform
Transforming vectordrawable-animated-1.1.0.aar (androidx.vectordrawable:vectordrawable-animated:1.1.0) with LibrarySymbolTableTransform
Transforming vectordrawable-1.1.0.aar (androidx.vectordrawable:vectordrawable:1.1.0) with ExtractAarTransform
Transforming vectordrawable-1.1.0.aar (androidx.vectordrawable:vectordrawable:1.1.0) with LibrarySymbolTableTransform
Transforming vectordrawable-1.1.0.aar (androidx.vectordrawable:vectordrawable:1.1.0) with ExtractAarTransform
Transforming vectordrawable-1.1.0.aar (androidx.vectordrawable:vectordrawable:1.1.0) with LibrarySymbolTableTransform
Transforming viewpager-1.0.0.aar (androidx.viewpager:viewpager:1.0.0) with ExtractAarTransform
Transforming viewpager-1.0.0.aar (androidx.viewpager:viewpager:1.0.0) with LibrarySymbolTableTransform
Transforming autofill-1.0.0.aar (androidx.autofill:autofill:1.0.0) with ExtractAarTransform
Transforming autofill-1.0.0.aar (androidx.autofill:autofill:1.0.0) with LibrarySymbolTableTransform
Transforming recycler-4.6.2.aar (io.noties.markwon:recycler:4.6.2) with ExtractAarTransform
Transforming recycler-4.6.2.aar (io.noties.markwon:recycler:4.6.2) with LibrarySymbolTableTransform
Transforming recyclerview-1.1.0.aar (androidx.recyclerview:recyclerview:1.1.0) with ExtractAarTransform
Transforming recyclerview-1.1.0.aar (androidx.recyclerview:recyclerview:1.1.0) with LibrarySymbolTableTransform
Transforming recyclerview-1.1.0.aar (androidx.recyclerview:recyclerview:1.1.0) with ExtractAarTransform
Transforming recyclerview-1.1.0.aar (androidx.recyclerview:recyclerview:1.1.0) with LibrarySymbolTableTransform
Transforming customview-1.0.0.aar (androidx.customview:customview:1.0.0) with ExtractAarTransform
Transforming customview-1.0.0.aar (androidx.customview:customview:1.0.0) with LibrarySymbolTableTransform
Transforming core-1.13.1.aar (androidx.core:core:1.13.1) with ExtractAarTransform
Transforming core-1.13.1.aar (androidx.core:core:1.13.1) with LibrarySymbolTableTransform
Transforming core-1.13.1.aar (androidx.core:core:1.13.1) with ExtractAarTransform
Transforming core-1.13.1.aar (androidx.core:core:1.13.1) with LibrarySymbolTableTransform
Transforming customview-poolingcontainer-1.0.0.aar (androidx.customview:customview-poolingcontainer:1.0.0) with ExtractAarTransform
Transforming customview-poolingcontainer-1.0.0.aar (androidx.customview:customview-poolingcontainer:1.0.0) with LibrarySymbolTableTransform
Transforming core-ktx-1.13.1.aar (androidx.core:core-ktx:1.13.1) with ExtractAarTransform
Transforming core-ktx-1.13.1.aar (androidx.core:core-ktx:1.13.1) with LibrarySymbolTableTransform
Transforming security-crypto-ktx-1.1.0-alpha06.aar (androidx.security:security-crypto-ktx:1.1.0-alpha06) with ExtractAarTransform
Transforming security-crypto-ktx-1.1.0-alpha06.aar (androidx.security:security-crypto-ktx:1.1.0-alpha06) with LibrarySymbolTableTransform
Transforming room-ktx-2.5.0.aar (androidx.room:room-ktx:2.5.0) with ExtractAarTransform
Transforming room-ktx-2.5.0.aar (androidx.room:room-ktx:2.5.0) with LibrarySymbolTableTransform
Transforming room-runtime-2.5.0.aar (androidx.room:room-runtime:2.5.0) with ExtractAarTransform
Transforming room-runtime-2.5.0.aar (androidx.room:room-runtime:2.5.0) with LibrarySymbolTableTransform
Transforming annotation-experimental-1.4.0.aar (androidx.annotation:annotation-experimental:1.4.0) with ExtractAarTransform
Transforming annotation-experimental-1.4.0.aar (androidx.annotation:annotation-experimental:1.4.0) with LibrarySymbolTableTransform
Transforming runtime-saveable-release.aar (androidx.compose.runtime:runtime-saveable-android:1.6.7) with ExtractAarTransform
Transforming runtime-saveable-release.aar (androidx.compose.runtime:runtime-saveable-android:1.6.7) with LibrarySymbolTableTransform
Transforming runtime-release.aar (androidx.compose.runtime:runtime-android:1.6.7) with ExtractAarTransform
Transforming runtime-release.aar (androidx.compose.runtime:runtime-android:1.6.7) with LibrarySymbolTableTransform
Transforming sqlite-framework-2.3.0.aar (androidx.sqlite:sqlite-framework:2.3.0) with ExtractAarTransform
Transforming sqlite-framework-2.3.0.aar (androidx.sqlite:sqlite-framework:2.3.0) with LibrarySymbolTableTransform
Transforming terminal-view-v0.118.3.aar (com.github.termux.termux-app:terminal-view:v0.118.3) with ExtractAarTransform
Transforming terminal-view-v0.118.3.aar (com.github.termux.termux-app:terminal-view:v0.118.3) with LibrarySymbolTableTransform
Transforming security-crypto-1.1.0-alpha06.aar (androidx.security:security-crypto:1.1.0-alpha06) with ExtractAarTransform
Transforming security-crypto-1.1.0-alpha06.aar (androidx.security:security-crypto:1.1.0-alpha06) with LibrarySymbolTableTransform
Transforming ext-strikethrough-4.6.2.aar (io.noties.markwon:ext-strikethrough:4.6.2) with ExtractAarTransform
Transforming ext-strikethrough-4.6.2.aar (io.noties.markwon:ext-strikethrough:4.6.2) with LibrarySymbolTableTransform
Transforming linkify-4.6.2.aar (io.noties.markwon:linkify:4.6.2) with ExtractAarTransform
Transforming linkify-4.6.2.aar (io.noties.markwon:linkify:4.6.2) with LibrarySymbolTableTransform
Transforming core-4.6.2.aar (io.noties.markwon:core:4.6.2) with ExtractAarTransform
Transforming core-4.6.2.aar (io.noties.markwon:core:4.6.2) with LibrarySymbolTableTransform
Transforming interpolator-1.0.0.aar (androidx.interpolator:interpolator:1.0.0) with ExtractAarTransform
Transforming interpolator-1.0.0.aar (androidx.interpolator:interpolator:1.0.0) with LibrarySymbolTableTransform
Transforming interpolator-1.0.0.aar (androidx.interpolator:interpolator:1.0.0) with ExtractAarTransform
Transforming interpolator-1.0.0.aar (androidx.interpolator:interpolator:1.0.0) with LibrarySymbolTableTransform
Transforming versionedparcelable-1.1.1.aar (androidx.versionedparcelable:versionedparcelable:1.1.1) with ExtractAarTransform
Transforming versionedparcelable-1.1.1.aar (androidx.versionedparcelable:versionedparcelable:1.1.1) with LibrarySymbolTableTransform
Transforming cursoradapter-1.0.0.aar (androidx.cursoradapter:cursoradapter:1.0.0) with ExtractAarTransform
Transforming cursoradapter-1.0.0.aar (androidx.cursoradapter:cursoradapter:1.0.0) with LibrarySymbolTableTransform
Transforming cardview-1.0.0.aar (androidx.cardview:cardview:1.0.0) with ExtractAarTransform
Transforming cardview-1.0.0.aar (androidx.cardview:cardview:1.0.0) with LibrarySymbolTableTransform
Transforming transport-backend-cct-3.1.8.aar (com.google.android.datatransport:transport-backend-cct:3.1.8) with ExtractAarTransform
Transforming transport-backend-cct-3.1.8.aar (com.google.android.datatransport:transport-backend-cct:3.1.8) with LibrarySymbolTableTransform
Transforming transport-runtime-3.1.8.aar (com.google.android.datatransport:transport-runtime:3.1.8) with ExtractAarTransform
Transforming transport-runtime-3.1.8.aar (com.google.android.datatransport:transport-runtime:3.1.8) with LibrarySymbolTableTransform
Transforming transport-api-3.0.0.aar (com.google.android.datatransport:transport-api:3.0.0) with ExtractAarTransform
Transforming transport-api-3.0.0.aar (com.google.android.datatransport:transport-api:3.0.0) with LibrarySymbolTableTransform
Transforming profileinstaller-1.3.1.aar (androidx.profileinstaller:profileinstaller:1.3.1) with ExtractAarTransform
Transforming profileinstaller-1.3.1.aar (androidx.profileinstaller:profileinstaller:1.3.1) with LibrarySymbolTableTransform
Transforming startup-runtime-1.1.1.aar (androidx.startup:startup-runtime:1.1.1) with ExtractAarTransform
Transforming startup-runtime-1.1.1.aar (androidx.startup:startup-runtime:1.1.1) with LibrarySymbolTableTransform
Transforming tracing-1.0.0.aar (androidx.tracing:tracing:1.0.0) with ExtractAarTransform
Transforming tracing-1.0.0.aar (androidx.tracing:tracing:1.0.0) with LibrarySymbolTableTransform
Transforming firebase-encoders-json-18.0.0.aar (com.google.firebase:firebase-encoders-json:18.0.0) with ExtractAarTransform
Transforming firebase-encoders-json-18.0.0.aar (com.google.firebase:firebase-encoders-json:18.0.0) with LibrarySymbolTableTransform
Transforming core-runtime-2.2.0.aar (androidx.arch.core:core-runtime:2.2.0) with ExtractAarTransform
Transforming core-runtime-2.2.0.aar (androidx.arch.core:core-runtime:2.2.0) with LibrarySymbolTableTransform
Transforming sqlite-2.3.0.aar (androidx.sqlite:sqlite:2.3.0) with ExtractAarTransform
Transforming sqlite-2.3.0.aar (androidx.sqlite:sqlite:2.3.0) with LibrarySymbolTableTransform
Transforming documentfile-1.0.0.aar (androidx.documentfile:documentfile:1.0.0) with ExtractAarTransform
Transforming documentfile-1.0.0.aar (androidx.documentfile:documentfile:1.0.0) with LibrarySymbolTableTransform
Transforming localbroadcastmanager-1.0.0.aar (androidx.localbroadcastmanager:localbroadcastmanager:1.0.0) with ExtractAarTransform
Transforming localbroadcastmanager-1.0.0.aar (androidx.localbroadcastmanager:localbroadcastmanager:1.0.0) with LibrarySymbolTableTransform
Transforming print-1.0.0.aar (androidx.print:print:1.0.0) with ExtractAarTransform
Transforming print-1.0.0.aar (androidx.print:print:1.0.0) with LibrarySymbolTableTransform
Transforming terminal-emulator-v0.118.3.aar (com.github.termux.termux-app:terminal-emulator:v0.118.3) with ExtractAarTransform
Transforming terminal-emulator-v0.118.3.aar (com.github.termux.termux-app:terminal-emulator:v0.118.3) with LibrarySymbolTableTransform
Transforming hiddenapibypass-6.1.aar (org.lsposed.hiddenapibypass:hiddenapibypass:6.1) with ExtractAarTransform
Transforming hiddenapibypass-6.1.aar (org.lsposed.hiddenapibypass:hiddenapibypass:6.1) with LibrarySymbolTableTransform
Caching disabled for task ':app:processDebugResources' because:
  Build cache is disabled
Skipping task ':app:processDebugResources' as it is up-to-date.
Resolve mutations for :app:compileDebugKotlin (Thread[#15965,Execution worker Thread 3,5,main]) started.
:app:compileDebugKotlin (Thread[#15965,Execution worker Thread 3,5,main]) started.

> Task :app:compileDebugKotlin UP-TO-DATE
Transforming navigation-common-2.7.7.aar (androidx.navigation:navigation-common:2.7.7) with AarToClassTransform
Transforming navigation-runtime-2.7.7.aar (androidx.navigation:navigation-runtime:2.7.7) with AarToClassTransform
Transforming navigation-common-ktx-2.7.7.aar (androidx.navigation:navigation-common-ktx:2.7.7) with AarToClassTransform
Transforming navigation-runtime-ktx-2.7.7.aar (androidx.navigation:navigation-runtime-ktx:2.7.7) with AarToClassTransform
Transforming navigation-compose-2.7.7.aar (androidx.navigation:navigation-compose:2.7.7) with AarToClassTransform
Transforming play-services-auth-21.1.1.aar (com.google.android.gms:play-services-auth:21.1.1) with AarToClassTransform
Transforming billing-ktx-6.2.0.aar (com.android.billingclient:billing-ktx:6.2.0) with AarToClassTransform
Transforming billing-6.2.0.aar (com.android.billingclient:billing:6.2.0) with AarToClassTransform
Transforming play-services-auth-api-phone-18.0.2.aar (com.google.android.gms:play-services-auth-api-phone:18.0.2) with AarToClassTransform
Transforming play-services-auth-base-18.0.10.aar (com.google.android.gms:play-services-auth-base:18.0.10) with AarToClassTransform
Transforming play-services-fido-20.1.0.aar (com.google.android.gms:play-services-fido:20.1.0) with AarToClassTransform
Transforming play-services-location-19.0.0.aar (com.google.android.gms:play-services-location:19.0.0) with AarToClassTransform
Transforming play-services-base-18.3.0.aar (com.google.android.gms:play-services-base:18.3.0) with AarToClassTransform
Transforming play-services-tasks-18.1.0.aar (com.google.android.gms:play-services-tasks:18.1.0) with AarToClassTransform
Transforming play-services-places-placereport-17.0.0.aar (com.google.android.gms:play-services-places-placereport:17.0.0) with AarToClassTransform
Transforming play-services-basement-18.3.0.aar (com.google.android.gms:play-services-basement:18.3.0) with AarToClassTransform
Transforming fragment-1.5.7.aar (androidx.fragment:fragment:1.5.7) with AarToClassTransform
Transforming loader-1.1.0.aar (androidx.loader:loader:1.1.0) with AarToClassTransform
Transforming loader-1.1.0.aar (androidx.loader:loader:1.1.0) with AarToClassTransform
Transforming work-runtime-ktx-2.9.0.aar (androidx.work:work-runtime-ktx:2.9.0) with AarToClassTransform
Transforming work-runtime-2.9.0.aar (androidx.work:work-runtime:2.9.0) with AarToClassTransform
Transforming viewpager-1.0.0.aar (androidx.viewpager:viewpager:1.0.0) with AarToClassTransform
Transforming customview-1.0.0.aar (androidx.customview:customview:1.0.0) with AarToClassTransform
Transforming core-1.13.1.aar (androidx.core:core:1.13.1) with AarToClassTransform
Transforming core-1.13.1.aar (androidx.core:core:1.13.1) with AarToClassTransform
Transforming lifecycle-livedata-core-ktx-2.8.0.aar (androidx.lifecycle:lifecycle-livedata-core-ktx:2.8.0) with AarToClassTransform
Transforming lifecycle-runtime-release.aar (androidx.lifecycle:lifecycle-runtime-android:2.8.0) with AarToClassTransform
Transforming lifecycle-livedata-2.8.0.aar (androidx.lifecycle:lifecycle-livedata:2.8.0) with AarToClassTransform
Transforming lifecycle-livedata-core-2.8.0.aar (androidx.lifecycle:lifecycle-livedata-core:2.8.0) with AarToClassTransform
Transforming lifecycle-livedata-core-2.8.0.aar (androidx.lifecycle:lifecycle-livedata-core:2.8.0) with AarToClassTransform
Transforming lifecycle-viewmodel-2.8.0.aar (androidx.lifecycle:lifecycle-viewmodel:2.8.0) with AarToClassTransform
Transforming lifecycle-viewmodel-release.aar (androidx.lifecycle:lifecycle-viewmodel-android:2.8.0) with AarToClassTransform
Transforming lifecycle-viewmodel-ktx-2.8.0.aar (androidx.lifecycle:lifecycle-viewmodel-ktx:2.8.0) with AarToClassTransform
Transforming lifecycle-viewmodel-savedstate-2.8.0.aar (androidx.lifecycle:lifecycle-viewmodel-savedstate:2.8.0) with AarToClassTransform
Transforming lifecycle-common-jvm-2.8.0.jar (androidx.lifecycle:lifecycle-common-jvm:2.8.0) with IdentityTransform
Transforming lifecycle-runtime-ktx-release.aar (androidx.lifecycle:lifecycle-runtime-ktx-android:2.8.0) with AarToClassTransform
Transforming lifecycle-viewmodel-compose-release.aar (androidx.lifecycle:lifecycle-viewmodel-compose-android:2.8.0) with AarToClassTransform
Transforming material3-release.aar (androidx.compose.material3:material3-android:1.2.1) with AarToClassTransform
Transforming foundation-layout-release.aar (androidx.compose.foundation:foundation-layout-android:1.6.7) with AarToClassTransform
Transforming material-icons-core-release.aar (androidx.compose.material:material-icons-core-android:1.6.7) with AarToClassTransform
Transforming material-icons-extended-release.aar (androidx.compose.material:material-icons-extended-android:1.6.7) with AarToClassTransform
Transforming material-ripple-release.aar (androidx.compose.material:material-ripple-android:1.6.7) with AarToClassTransform
Transforming foundation-release.aar (androidx.compose.foundation:foundation-android:1.6.7) with AarToClassTransform
Transforming animation-core-release.aar (androidx.compose.animation:animation-core-android:1.6.7) with AarToClassTransform
Transforming animation-release.aar (androidx.compose.animation:animation-android:1.6.7) with AarToClassTransform
Transforming ui-util-release.aar (androidx.compose.ui:ui-util-android:1.6.7) with AarToClassTransform
Transforming ui-unit-release.aar (androidx.compose.ui:ui-unit-android:1.6.7) with AarToClassTransform
Transforming ui-text-release.aar (androidx.compose.ui:ui-text-android:1.6.7) with AarToClassTransform
Transforming ui-geometry-release.aar (androidx.compose.ui:ui-geometry-android:1.6.7) with AarToClassTransform
Transforming ui-tooling-data-release.aar (androidx.compose.ui:ui-tooling-data-android:1.6.7) with AarToClassTransform
Transforming ui-tooling-preview-release.aar (androidx.compose.ui:ui-tooling-preview-android:1.6.7) with AarToClassTransform
Transforming ui-graphics-release.aar (androidx.compose.ui:ui-graphics-android:1.6.7) with AarToClassTransform
Transforming ui-release.aar (androidx.compose.ui:ui-android:1.6.7) with AarToClassTransform
Transforming ui-tooling-release.aar (androidx.compose.ui:ui-tooling-android:1.6.7) with AarToClassTransform
Transforming ui-test-manifest-1.6.7.aar (androidx.compose.ui:ui-test-manifest:1.6.7) with AarToClassTransform
Transforming activity-1.9.0.aar (androidx.activity:activity:1.9.0) with AarToClassTransform
Transforming activity-1.9.0.aar (androidx.activity:activity:1.9.0) with AarToClassTransform
Transforming activity-compose-1.9.0.aar (androidx.activity:activity-compose:1.9.0) with AarToClassTransform
Transforming activity-ktx-1.9.0.aar (androidx.activity:activity-ktx:1.9.0) with AarToClassTransform
Transforming core-ktx-1.13.1.aar (androidx.core:core-ktx:1.13.1) with AarToClassTransform
Transforming security-crypto-ktx-1.1.0-alpha06.aar (androidx.security:security-crypto-ktx:1.1.0-alpha06) with AarToClassTransform
Transforming credentials-play-services-auth-1.2.1.aar (androidx.credentials:credentials-play-services-auth:1.2.1) with AarToClassTransform
Transforming googleid-1.1.0.aar (com.google.android.libraries.identity.googleid:googleid:1.1.0) with AarToClassTransform
Transforming credentials-1.2.1.aar (androidx.credentials:credentials:1.2.1) with AarToClassTransform
Transforming credentials-1.2.1.aar (androidx.credentials:credentials:1.2.1) with AarToClassTransform
Transforming runtime-saveable-release.aar (androidx.compose.runtime:runtime-saveable-android:1.6.7) with AarToClassTransform
Transforming runtime-release.aar (androidx.compose.runtime:runtime-android:1.6.7) with AarToClassTransform
Transforming kotlinx-serialization-core-jvm-1.6.3.jar (org.jetbrains.kotlinx:kotlinx-serialization-core-jvm:1.6.3) with IdentityTransform
Transforming kotlinx-serialization-json-jvm-1.6.3.jar (org.jetbrains.kotlinx:kotlinx-serialization-json-jvm:1.6.3) with IdentityTransform
Transforming kotlinx-coroutines-android-1.7.3.jar (org.jetbrains.kotlinx:kotlinx-coroutines-android:1.7.3) with IdentityTransform
Transforming kotlinx-coroutines-core-jvm-1.7.3.jar (org.jetbrains.kotlinx:kotlinx-coroutines-core-jvm:1.7.3) with IdentityTransform
Transforming savedstate-ktx-1.2.1.aar (androidx.savedstate:savedstate-ktx:1.2.1) with AarToClassTransform
Transforming savedstate-1.2.1.aar (androidx.savedstate:savedstate:1.2.1) with AarToClassTransform
Transforming security-crypto-1.1.0-alpha06.aar (androidx.security:security-crypto:1.1.0-alpha06) with AarToClassTransform
Transforming kotlin-stdlib-jdk8-1.8.20.jar (org.jetbrains.kotlin:kotlin-stdlib-jdk8:1.8.20) with IdentityTransform
Transforming versionedparcelable-1.1.1.aar (androidx.versionedparcelable:versionedparcelable:1.1.1) with AarToClassTransform
Transforming transport-backend-cct-3.1.8.aar (com.google.android.datatransport:transport-backend-cct:3.1.8) with AarToClassTransform
Transforming transport-runtime-3.1.8.aar (com.google.android.datatransport:transport-runtime:3.1.8) with AarToClassTransform
Transforming transport-api-3.0.0.aar (com.google.android.datatransport:transport-api:3.0.0) with AarToClassTransform
Transforming firebase-encoders-json-18.0.0.aar (com.google.firebase:firebase-encoders-json:18.0.0) with AarToClassTransform
Transforming firebase-encoders-proto-16.0.0.jar (com.google.firebase:firebase-encoders-proto:16.0.0) with IdentityTransform
Transforming core-runtime-2.2.0.aar (androidx.arch.core:core-runtime:2.2.0) with AarToClassTransform
Transforming collection-jvm-1.4.0.jar (androidx.collection:collection-jvm:1.4.0) with IdentityTransform
Transforming firebase-encoders-17.0.0.jar (com.google.firebase:firebase-encoders:17.0.0) with IdentityTransform
Transforming core-common-2.2.0.jar (androidx.arch.core:core-common:2.2.0) with IdentityTransform
Transforming annotation-jvm-1.8.0.jar (androidx.annotation:annotation-jvm:1.8.0) with IdentityTransform
Transforming annotation-experimental-1.4.0.aar (androidx.annotation:annotation-experimental:1.4.0) with AarToClassTransform
Transforming kotlin-stdlib-1.9.23.jar (org.jetbrains.kotlin:kotlin-stdlib:1.9.23) with IdentityTransform
Transforming jose4j-0.9.6.jar (org.bitbucket.b_c:jose4j:0.9.6) with IdentityTransform
Transforming jdom2-2.0.6.1.jar (org.jdom:jdom2:2.0.6.1) with IdentityTransform
Transforming kotlin-stdlib-jdk7-1.8.20.jar (org.jetbrains.kotlin:kotlin-stdlib-jdk7:1.8.20) with IdentityTransform
Transforming commons-io-2.14.0.jar (commons-io:commons-io:2.14.0) with IdentityTransform
Transforming protobuf-java-3.25.5.jar (com.google.protobuf:protobuf-java:3.25.5) with IdentityTransform
Transforming google-auth-library-oauth2-http-1.46.0.jar (com.google.auth:google-auth-library-oauth2-http:1.46.0) with IdentityTransform
Transforming google-api-services-drive-v3-rev20230822-2.0.0.jar (com.google.apis:google-api-services-drive:v3-rev20230822-2.0.0) with IdentityTransform
Transforming terminal-view-v0.118.3.aar (com.github.termux.termux-app:terminal-view:v0.118.3) with AarToClassTransform
Transforming termux-shared-v0.118.3.aar (com.github.termux.termux-app:termux-shared:v0.118.3) with AarToClassTransform
Transforming bcpkix-jdk18on-1.84.jar (org.bouncycastle:bcpkix-jdk18on:1.84) with IdentityTransform
Transforming bcutil-jdk18on-1.84.jar (org.bouncycastle:bcutil-jdk18on:1.84) with IdentityTransform
Transforming google-api-client-android-2.0.0.jar (com.google.api-client:google-api-client-android:2.0.0) with IdentityTransform
Transforming bcprov-jdk18on-1.84.jar (org.bouncycastle:bcprov-jdk18on:1.84) with IdentityTransform
Transforming startup-runtime-1.1.1.aar (androidx.startup:startup-runtime:1.1.1) with AarToClassTransform
Transforming slf4j-api-2.0.17.jar (org.slf4j:slf4j-api:2.0.17) with IdentityTransform
Transforming google-oauth-client-1.34.1.jar (com.google.oauth-client:google-oauth-client:1.34.1) with IdentityTransform
Transforming terminal-emulator-v0.118.3.aar (com.github.termux.termux-app:terminal-emulator:v0.118.3) with AarToClassTransform
Transforming javax.inject-1.jar (javax.inject:javax.inject:1) with IdentityTransform
Transforming google-http-client-gson-2.1.0.jar (com.google.http-client:google-http-client-gson:2.1.0) with IdentityTransform
Transforming httpclient-4.5.14.jar (org.apache.httpcomponents:httpclient:4.5.14) with IdentityTransform
Transforming httpcore-4.4.16.jar (org.apache.httpcomponents:httpcore:4.4.16) with IdentityTransform
Transforming google-http-client-apache-v2-1.42.3.jar (com.google.http-client:google-http-client-apache-v2:1.42.3) with IdentityTransform
Transforming jsr305-3.0.2.jar (com.google.code.findbugs:jsr305:3.0.2) with IdentityTransform
Transforming javax.annotation-api-1.3.2.jar (javax.annotation:javax.annotation-api:1.3.2) with IdentityTransform
Transforming google-http-client-2.1.0.jar (com.google.http-client:google-http-client:2.1.0) with IdentityTransform
Transforming api-common-2.53.0.jar (com.google.api:api-common:2.53.0) with IdentityTransform
Transforming google-api-client-2.2.0.jar (com.google.api-client:google-api-client:2.2.0) with IdentityTransform
Transforming netty-codec-4.1.132.Final.jar (io.netty:netty-codec:4.1.132.Final) with IdentityTransform
Transforming netty-transport-native-unix-common-4.1.132.Final.jar (io.netty:netty-transport-native-unix-common:4.1.132.Final) with IdentityTransform
Transforming netty-transport-4.1.132.Final.jar (io.netty:netty-transport:4.1.132.Final) with IdentityTransform
Transforming netty-buffer-4.1.132.Final.jar (io.netty:netty-buffer:4.1.132.Final) with IdentityTransform
Transforming netty-resolver-4.1.132.Final.jar (io.netty:netty-resolver:4.1.132.Final) with IdentityTransform
Transforming commons-net-3.10.0.jar (commons-net:commons-net:3.10.0) with IdentityTransform
Transforming guava-33.6.0-android.jar (com.google.guava:guava:33.6.0-jre) with IdentityTransform
Transforming slf4j-nop-2.0.12.jar (org.slf4j:slf4j-nop:2.0.12) with IdentityTransform
Transforming annotations-23.0.0.jar (org.jetbrains:annotations:23.0.0) with IdentityTransform
Transforming jspecify-1.0.0.jar (org.jspecify:jspecify:1.0.0) with IdentityTransform
Transforming sshj-0.40.0.jar (com.hierynomus:sshj:0.40.0) with IdentityTransform
Transforming error_prone_annotations-2.47.0.jar (com.google.errorprone:error_prone_annotations:2.47.0) with IdentityTransform
Transforming j2objc-annotations-3.1.jar (com.google.j2objc:j2objc-annotations:3.1) with IdentityTransform
Transforming commons-codec-1.15.jar (commons-codec:commons-codec:1.15) with IdentityTransform
Transforming opencensus-api-0.31.1.jar (io.opencensus:opencensus-api:0.31.1) with IdentityTransform
Transforming grpc-context-1.70.0.jar (io.grpc:grpc-context:1.70.0) with IdentityTransform
Transforming auto-value-annotations-1.11.0.jar (com.google.auto.value:auto-value-annotations:1.11.0) with IdentityTransform
Transforming google-auth-library-credentials-1.46.0.jar (com.google.auth:google-auth-library-credentials:1.46.0) with IdentityTransform
Transforming opencensus-contrib-http-util-0.31.1.jar (io.opencensus:opencensus-contrib-http-util:0.31.1) with IdentityTransform
Transforming netty-codec-http2-4.1.132.Final.jar (io.netty:netty-codec-http2:4.1.132.Final) with IdentityTransform
Transforming failureaccess-1.0.3.jar (com.google.guava:failureaccess:1.0.3) with IdentityTransform
Transforming gson-2.12.1.jar (com.google.code.gson:gson:2.12.1) with IdentityTransform
Transforming netty-common-4.1.132.Final.jar (io.netty:netty-common:4.1.132.Final) with IdentityTransform
Transforming netty-handler-4.1.132.Final.jar (io.netty:netty-handler:4.1.132.Final) with IdentityTransform
Transforming netty-codec-http-4.1.132.Final.jar (io.netty:netty-codec-http:4.1.132.Final) with IdentityTransform
Transforming R.jar with ClasspathEntrySnapshotTransform
Transforming navigation-common-2.7.7-api.jar with ClasspathEntrySnapshotTransform
Transforming navigation-runtime-2.7.7-api.jar with ClasspathEntrySnapshotTransform
Transforming navigation-common-ktx-2.7.7-api.jar with ClasspathEntrySnapshotTransform
Transforming navigation-runtime-ktx-2.7.7-api.jar with ClasspathEntrySnapshotTransform
Transforming navigation-compose-2.7.7-api.jar with ClasspathEntrySnapshotTransform
Transforming play-services-auth-21.1.1-api.jar with ClasspathEntrySnapshotTransform
Transforming billing-ktx-6.2.0-api.jar with ClasspathEntrySnapshotTransform
Transforming billing-6.2.0-api.jar with ClasspathEntrySnapshotTransform
Transforming play-services-auth-api-phone-18.0.2-api.jar with ClasspathEntrySnapshotTransform
Transforming play-services-auth-base-18.0.10-api.jar with ClasspathEntrySnapshotTransform
Transforming play-services-fido-20.1.0-api.jar with ClasspathEntrySnapshotTransform
Transforming play-services-location-19.0.0-api.jar with ClasspathEntrySnapshotTransform
Transforming play-services-base-18.3.0-api.jar with ClasspathEntrySnapshotTransform
Transforming play-services-tasks-18.1.0-api.jar with ClasspathEntrySnapshotTransform
Transforming play-services-places-placereport-17.0.0-api.jar with ClasspathEntrySnapshotTransform
Transforming play-services-basement-18.3.0-api.jar with ClasspathEntrySnapshotTransform
Transforming fragment-1.5.7-api.jar with ClasspathEntrySnapshotTransform
Transforming loader-1.1.0-api.jar with ClasspathEntrySnapshotTransform
Transforming work-runtime-ktx-2.9.0-api.jar with ClasspathEntrySnapshotTransform
Transforming work-runtime-2.9.0-api.jar with ClasspathEntrySnapshotTransform
Transforming viewpager-1.0.0-api.jar with ClasspathEntrySnapshotTransform
Transforming customview-1.0.0-api.jar with ClasspathEntrySnapshotTransform
Transforming core-1.13.1-api.jar with ClasspathEntrySnapshotTransform
Transforming lifecycle-livedata-core-ktx-2.8.0-api.jar with ClasspathEntrySnapshotTransform
Transforming lifecycle-common-jvm-2.8.0.jar with ClasspathEntrySnapshotTransform
Transforming lifecycle-runtime-release-api.jar with ClasspathEntrySnapshotTransform
Transforming lifecycle-livedata-2.8.0-api.jar with ClasspathEntrySnapshotTransform
Transforming lifecycle-livedata-core-2.8.0-api.jar with ClasspathEntrySnapshotTransform
Transforming lifecycle-viewmodel-2.8.0-api.jar with ClasspathEntrySnapshotTransform
Transforming lifecycle-viewmodel-release-api.jar with ClasspathEntrySnapshotTransform
Transforming lifecycle-viewmodel-ktx-2.8.0-api.jar with ClasspathEntrySnapshotTransform
Transforming lifecycle-viewmodel-savedstate-2.8.0-api.jar with ClasspathEntrySnapshotTransform
Transforming lifecycle-runtime-ktx-release-api.jar with ClasspathEntrySnapshotTransform
Transforming lifecycle-viewmodel-compose-release-api.jar with ClasspathEntrySnapshotTransform
Transforming material3-release-api.jar with ClasspathEntrySnapshotTransform
Transforming foundation-layout-release-api.jar with ClasspathEntrySnapshotTransform
Transforming material-icons-core-release-api.jar with ClasspathEntrySnapshotTransform
Transforming material-icons-extended-release-api.jar with ClasspathEntrySnapshotTransform
Transforming material-ripple-release-api.jar with ClasspathEntrySnapshotTransform
Transforming foundation-release-api.jar with ClasspathEntrySnapshotTransform
Transforming animation-core-release-api.jar with ClasspathEntrySnapshotTransform
Transforming animation-release-api.jar with ClasspathEntrySnapshotTransform
Transforming ui-util-release-api.jar with ClasspathEntrySnapshotTransform
Transforming ui-unit-release-api.jar with ClasspathEntrySnapshotTransform
Transforming ui-text-release-api.jar with ClasspathEntrySnapshotTransform
Transforming ui-geometry-release-api.jar with ClasspathEntrySnapshotTransform
Transforming ui-tooling-data-release-api.jar with ClasspathEntrySnapshotTransform
Transforming ui-tooling-preview-release-api.jar with ClasspathEntrySnapshotTransform
Transforming ui-graphics-release-api.jar with ClasspathEntrySnapshotTransform
Transforming ui-release-api.jar with ClasspathEntrySnapshotTransform
Transforming ui-tooling-release-api.jar with ClasspathEntrySnapshotTransform
Transforming ui-test-manifest-1.6.7-api.jar with ClasspathEntrySnapshotTransform
Transforming activity-1.9.0-api.jar with ClasspathEntrySnapshotTransform
Transforming activity-compose-1.9.0-api.jar with ClasspathEntrySnapshotTransform
Transforming activity-ktx-1.9.0-api.jar with ClasspathEntrySnapshotTransform
Transforming core-ktx-1.13.1-api.jar with ClasspathEntrySnapshotTransform
Transforming security-crypto-ktx-1.1.0-alpha06-api.jar with ClasspathEntrySnapshotTransform
Transforming credentials-play-services-auth-1.2.1-api.jar with ClasspathEntrySnapshotTransform
Transforming googleid-1.1.0-api.jar with ClasspathEntrySnapshotTransform
Transforming credentials-1.2.1-api.jar with ClasspathEntrySnapshotTransform
Transforming kotlinx-serialization-core-jvm-1.6.3.jar with ClasspathEntrySnapshotTransform
Transforming kotlinx-serialization-json-jvm-1.6.3.jar with ClasspathEntrySnapshotTransform
Transforming runtime-saveable-release-api.jar with ClasspathEntrySnapshotTransform
Transforming runtime-release-api.jar with ClasspathEntrySnapshotTransform
Transforming kotlinx-coroutines-core-jvm-1.7.3.jar with ClasspathEntrySnapshotTransform
Transforming kotlinx-coroutines-android-1.7.3.jar with ClasspathEntrySnapshotTransform
Transforming kotlin-stdlib-jdk8-1.8.20.jar with ClasspathEntrySnapshotTransform
Transforming savedstate-ktx-1.2.1-api.jar with ClasspathEntrySnapshotTransform
Transforming savedstate-1.2.1-api.jar with ClasspathEntrySnapshotTransform
Transforming security-crypto-1.1.0-alpha06-api.jar with ClasspathEntrySnapshotTransform
Transforming versionedparcelable-1.1.1-api.jar with ClasspathEntrySnapshotTransform
Transforming transport-backend-cct-3.1.8-api.jar with ClasspathEntrySnapshotTransform
Transforming transport-runtime-3.1.8-api.jar with ClasspathEntrySnapshotTransform
Transforming transport-api-3.0.0-api.jar with ClasspathEntrySnapshotTransform
Transforming firebase-encoders-json-18.0.0-api.jar with ClasspathEntrySnapshotTransform
Transforming firebase-encoders-proto-16.0.0.jar with ClasspathEntrySnapshotTransform
Transforming firebase-encoders-17.0.0.jar with ClasspathEntrySnapshotTransform
Transforming collection-jvm-1.4.0.jar with ClasspathEntrySnapshotTransform
Transforming core-runtime-2.2.0-api.jar with ClasspathEntrySnapshotTransform
Transforming core-common-2.2.0.jar with ClasspathEntrySnapshotTransform
Transforming annotation-jvm-1.8.0.jar with ClasspathEntrySnapshotTransform
Transforming annotation-experimental-1.4.0-api.jar with ClasspathEntrySnapshotTransform
Transforming kotlin-stdlib-jdk7-1.8.20.jar with ClasspathEntrySnapshotTransform
Transforming kotlin-stdlib-1.9.23.jar with ClasspathEntrySnapshotTransform
Transforming jose4j-0.9.6.jar with ClasspathEntrySnapshotTransform
Transforming jdom2-2.0.6.1.jar with ClasspathEntrySnapshotTransform
Transforming commons-io-2.14.0.jar with ClasspathEntrySnapshotTransform
Transforming protobuf-java-3.25.5.jar with ClasspathEntrySnapshotTransform
Transforming google-auth-library-oauth2-http-1.46.0.jar with ClasspathEntrySnapshotTransform
Transforming google-api-services-drive-v3-rev20230822-2.0.0.jar with ClasspathEntrySnapshotTransform
Transforming google-api-client-2.2.0.jar with ClasspathEntrySnapshotTransform
Transforming google-api-client-android-2.0.0.jar with ClasspathEntrySnapshotTransform
Transforming google-oauth-client-1.34.1.jar with ClasspathEntrySnapshotTransform
Transforming google-http-client-gson-2.1.0.jar with ClasspathEntrySnapshotTransform
Transforming google-http-client-apache-v2-1.42.3.jar with ClasspathEntrySnapshotTransform
Transforming google-http-client-2.1.0.jar with ClasspathEntrySnapshotTransform
Transforming api-common-2.53.0.jar with ClasspathEntrySnapshotTransform
Transforming opencensus-contrib-http-util-0.31.1.jar with ClasspathEntrySnapshotTransform
Transforming guava-33.6.0-android.jar with ClasspathEntrySnapshotTransform
Transforming netty-codec-http2-4.1.132.Final.jar with ClasspathEntrySnapshotTransform
Transforming netty-codec-http-4.1.132.Final.jar with ClasspathEntrySnapshotTransform
Transforming netty-handler-4.1.132.Final.jar with ClasspathEntrySnapshotTransform
Transforming netty-codec-4.1.132.Final.jar with ClasspathEntrySnapshotTransform
Transforming netty-transport-native-unix-common-4.1.132.Final.jar with ClasspathEntrySnapshotTransform
Transforming netty-transport-4.1.132.Final.jar with ClasspathEntrySnapshotTransform
Transforming netty-buffer-4.1.132.Final.jar with ClasspathEntrySnapshotTransform
Transforming netty-resolver-4.1.132.Final.jar with ClasspathEntrySnapshotTransform
Transforming netty-common-4.1.132.Final.jar with ClasspathEntrySnapshotTransform
Transforming commons-net-3.10.0.jar with ClasspathEntrySnapshotTransform
Transforming sshj-0.40.0.jar with ClasspathEntrySnapshotTransform
Transforming slf4j-nop-2.0.12.jar with ClasspathEntrySnapshotTransform
Transforming terminal-view-v0.118.3-api.jar with ClasspathEntrySnapshotTransform
Transforming termux-shared-v0.118.3-api.jar with ClasspathEntrySnapshotTransform
Transforming bcpkix-jdk18on-1.84.jar with ClasspathEntrySnapshotTransform
Transforming bcutil-jdk18on-1.84.jar with ClasspathEntrySnapshotTransform
Transforming bcprov-jdk18on-1.84.jar with ClasspathEntrySnapshotTransform
Transforming annotations-23.0.0.jar with ClasspathEntrySnapshotTransform
Transforming startup-runtime-1.1.1-api.jar with ClasspathEntrySnapshotTransform
Transforming slf4j-api-2.0.17.jar with ClasspathEntrySnapshotTransform
Transforming failureaccess-1.0.3.jar with ClasspathEntrySnapshotTransform
Transforming jspecify-1.0.0.jar with ClasspathEntrySnapshotTransform
Transforming gson-2.12.1.jar with ClasspathEntrySnapshotTransform
Transforming error_prone_annotations-2.47.0.jar with ClasspathEntrySnapshotTransform
Transforming j2objc-annotations-3.1.jar with ClasspathEntrySnapshotTransform
Transforming terminal-emulator-v0.118.3-api.jar with ClasspathEntrySnapshotTransform
Transforming javax.inject-1.jar with ClasspathEntrySnapshotTransform
Transforming httpclient-4.5.14.jar with ClasspathEntrySnapshotTransform
Transforming commons-codec-1.15.jar with ClasspathEntrySnapshotTransform
Transforming httpcore-4.4.16.jar with ClasspathEntrySnapshotTransform
Transforming jsr305-3.0.2.jar with ClasspathEntrySnapshotTransform
Transforming opencensus-api-0.31.1.jar with ClasspathEntrySnapshotTransform
Transforming grpc-context-1.70.0.jar with ClasspathEntrySnapshotTransform
Transforming auto-value-annotations-1.11.0.jar with ClasspathEntrySnapshotTransform
Transforming google-auth-library-credentials-1.46.0.jar with ClasspathEntrySnapshotTransform
Transforming javax.annotation-api-1.3.2.jar with ClasspathEntrySnapshotTransform
Transforming android.jar with ClasspathEntrySnapshotTransform
Transforming core-lambda-stubs.jar with ClasspathEntrySnapshotTransform
Caching disabled for task ':app:compileDebugKotlin' because:
  Build cache is disabled
Skipping task ':app:compileDebugKotlin' as it is up-to-date.
Resolve mutations for :app:javaPreCompileDebug (Thread[#15965,Execution worker Thread 3,5,main]) started.
:app:javaPreCompileDebug (Thread[#15965,Execution worker Thread 3,5,main]) started.

> Task :app:javaPreCompileDebug UP-TO-DATE
Caching disabled for task ':app:javaPreCompileDebug' because:
  Build cache is disabled
Skipping task ':app:javaPreCompileDebug' as it is up-to-date.
Resolve mutations for :app:compileDebugJavaWithJavac (Thread[#15965,Execution worker Thread 3,5,main]) started.
:app:compileDebugJavaWithJavac (Thread[#15965,Execution worker Thread 3,5,main]) started.

> Task :app:compileDebugJavaWithJavac UP-TO-DATE
Transforming core-for-system-modules.jar with JdkImageTransform
Transforming core-for-system-modules.jar with JdkImageTransform
Transforming core-for-system-modules.jar with JdkImageTransform
Transforming core-for-system-modules.jar with JdkImageTransform
Transforming core-for-system-modules.jar with JdkImageTransform
Transforming core-for-system-modules.jar with JdkImageTransform
Custom actions are attached to task ':app:compileDebugJavaWithJavac'.
Caching disabled for task ':app:compileDebugJavaWithJavac' because:
  Build cache is disabled
Skipping task ':app:compileDebugJavaWithJavac' as it is up-to-date.
No compile result for :app:compileDebugJavaWithJavac
Resolve mutations for :app:bundleDebugClassesToCompileJar (Thread[#15965,Execution worker Thread 3,5,main]) started.
:app:bundleDebugClassesToCompileJar (Thread[#15979,Execution worker Thread 16,5,main]) started.

> Task :app:bundleDebugClassesToCompileJar UP-TO-DATE
Caching disabled for task ':app:bundleDebugClassesToCompileJar' because:
  Build cache is disabled
  Caching has been disabled for the task
Skipping task ':app:bundleDebugClassesToCompileJar' as it is up-to-date.
work action resolve classes.jar (project :app) (Thread[#15979,Execution worker Thread 16,5,main]) started.
Resolve mutations for :app:preDebugAndroidTestBuild (Thread[#15979,Execution worker Thread 16,5,main]) started.
:app:preDebugAndroidTestBuild (Thread[#15979,Execution worker Thread 16,5,main]) started.

> Task :app:preDebugAndroidTestBuild SKIPPED
Skipping task ':app:preDebugAndroidTestBuild' as task onlyIf 'Task is enabled' is false.
Resolve mutations for :app:processDebugAndroidTestManifest (Thread[#15979,Execution worker Thread 16,5,main]) started.
:app:processDebugAndroidTestManifest (Thread[#15979,Execution worker Thread 16,5,main]) started.

> Task :app:processDebugAndroidTestManifest UP-TO-DATE
Transforming ui-test-release.aar (androidx.compose.ui:ui-test-android:1.6.7) with ExtractAarTransform
Transforming ui-test-junit4-release.aar (androidx.compose.ui:ui-test-junit4-android:1.6.7) with ExtractAarTransform
Transforming junit-1.2.1.aar (androidx.test.ext:junit:1.2.1) with ExtractAarTransform
Transforming espresso-intents-3.6.1.aar (androidx.test.espresso:espresso-intents:3.6.1) with ExtractAarTransform
Transforming ui-test-release.aar (androidx.compose.ui:ui-test-android:1.6.7) with AarTransform
Transforming espresso-intents-3.6.1.aar (androidx.test.espresso:espresso-intents:3.6.1) with AarTransform
Transforming junit-1.2.1.aar (androidx.test.ext:junit:1.2.1) with AarTransform
Transforming rules-1.7.0.aar (androidx.test:rules:1.7.0) with ExtractAarTransform
Transforming rules-1.7.0.aar (androidx.test:rules:1.7.0) with AarTransform
Transforming espresso-core-3.6.1.aar (androidx.test.espresso:espresso-core:3.6.1) with ExtractAarTransform
Transforming espresso-core-3.6.1.aar (androidx.test.espresso:espresso-core:3.6.1) with AarTransform
Transforming ui-test-junit4-release.aar (androidx.compose.ui:ui-test-junit4-android:1.6.7) with AarTransform
Transforming uiautomator-2.3.0.aar (androidx.test.uiautomator:uiautomator:2.3.0) with ExtractAarTransform
Transforming core-1.6.1.aar (androidx.test:core:1.6.1) with ExtractAarTransform
Transforming uiautomator-2.3.0.aar (androidx.test.uiautomator:uiautomator:2.3.0) with AarTransform
Transforming core-1.6.1.aar (androidx.test:core:1.6.1) with AarTransform
Transforming runner-1.7.0.aar (androidx.test:runner:1.7.0) with ExtractAarTransform
Transforming storage-1.6.0.aar (androidx.test.services:storage:1.6.0) with ExtractAarTransform
Transforming runner-1.7.0.aar (androidx.test:runner:1.7.0) with AarTransform
Transforming storage-1.6.0.aar (androidx.test.services:storage:1.6.0) with AarTransform
Transforming monitor-1.8.0.aar (androidx.test:monitor:1.8.0) with ExtractAarTransform
Transforming monitor-1.8.0.aar (androidx.test:monitor:1.8.0) with AarTransform
Transforming espresso-idling-resource-3.6.1.aar (androidx.test.espresso:espresso-idling-resource:3.6.1) with ExtractAarTransform
Transforming espresso-idling-resource-3.6.1.aar (androidx.test.espresso:espresso-idling-resource:3.6.1) with AarTransform
Transforming ui-test-release.aar (androidx.compose.ui:ui-test-android:1.6.7) with ExtractAarTransform
Transforming ui-test-release.aar (androidx.compose.ui:ui-test-android:1.6.7) with AarTransform
Transforming ui-test-junit4-release.aar (androidx.compose.ui:ui-test-junit4-android:1.6.7) with ExtractAarTransform
Transforming ui-test-junit4-release.aar (androidx.compose.ui:ui-test-junit4-android:1.6.7) with AarTransform
Transforming junit-1.2.1.aar (androidx.test.ext:junit:1.2.1) with ExtractAarTransform
Transforming junit-1.2.1.aar (androidx.test.ext:junit:1.2.1) with AarTransform
Transforming espresso-intents-3.6.1.aar (androidx.test.espresso:espresso-intents:3.6.1) with ExtractAarTransform
Transforming espresso-intents-3.6.1.aar (androidx.test.espresso:espresso-intents:3.6.1) with AarTransform
Transforming espresso-core-3.6.1.aar (androidx.test.espresso:espresso-core:3.6.1) with ExtractAarTransform
Transforming espresso-core-3.6.1.aar (androidx.test.espresso:espresso-core:3.6.1) with AarTransform
Transforming rules-1.7.0.aar (androidx.test:rules:1.7.0) with ExtractAarTransform
Transforming rules-1.7.0.aar (androidx.test:rules:1.7.0) with AarTransform
Transforming uiautomator-2.3.0.aar (androidx.test.uiautomator:uiautomator:2.3.0) with ExtractAarTransform
Transforming uiautomator-2.3.0.aar (androidx.test.uiautomator:uiautomator:2.3.0) with AarTransform
Transforming core-1.6.1.aar (androidx.test:core:1.6.1) with ExtractAarTransform
Transforming core-1.6.1.aar (androidx.test:core:1.6.1) with AarTransform
Transforming runner-1.7.0.aar (androidx.test:runner:1.7.0) with ExtractAarTransform
Transforming runner-1.7.0.aar (androidx.test:runner:1.7.0) with AarTransform
Transforming storage-1.6.0.aar (androidx.test.services:storage:1.6.0) with ExtractAarTransform
Transforming storage-1.6.0.aar (androidx.test.services:storage:1.6.0) with AarTransform
Transforming monitor-1.8.0.aar (androidx.test:monitor:1.8.0) with ExtractAarTransform
Transforming monitor-1.8.0.aar (androidx.test:monitor:1.8.0) with AarTransform
Transforming espresso-idling-resource-3.6.1.aar (androidx.test.espresso:espresso-idling-resource:3.6.1) with ExtractAarTransform
Transforming espresso-idling-resource-3.6.1.aar (androidx.test.espresso:espresso-idling-resource:3.6.1) with AarTransform
Caching disabled for task ':app:processDebugAndroidTestManifest' because:
  Build cache is disabled
  Caching has been disabled for the task
Skipping task ':app:processDebugAndroidTestManifest' as it is up-to-date.
Resolve mutations for :app:generateDebugAndroidTestBuildConfig (Thread[#15969,Execution worker Thread 7,5,main]) started.
:app:generateDebugAndroidTestBuildConfig (Thread[#15969,Execution worker Thread 7,5,main]) started.

> Task :app:generateDebugAndroidTestBuildConfig UP-TO-DATE
Caching disabled for task ':app:generateDebugAndroidTestBuildConfig' because:
  Build cache is disabled
Skipping task ':app:generateDebugAndroidTestBuildConfig' as it is up-to-date.
Resolve mutations for :app:checkDebugAndroidTestAarMetadata (Thread[#15969,Execution worker Thread 7,5,main]) started.
:app:checkDebugAndroidTestAarMetadata (Thread[#15969,Execution worker Thread 7,5,main]) started.

> Task :app:checkDebugAndroidTestAarMetadata UP-TO-DATE
Transforming ui-test-release.aar (androidx.compose.ui:ui-test-android:1.6.7) with ExtractAarTransform
Transforming ui-test-release.aar (androidx.compose.ui:ui-test-android:1.6.7) with AarTransform
Transforming ui-test-junit4-release.aar (androidx.compose.ui:ui-test-junit4-android:1.6.7) with ExtractAarTransform
Transforming ui-test-junit4-release.aar (androidx.compose.ui:ui-test-junit4-android:1.6.7) with AarTransform
Transforming junit-1.2.1.aar (androidx.test.ext:junit:1.2.1) with ExtractAarTransform
Transforming junit-1.2.1.aar (androidx.test.ext:junit:1.2.1) with AarTransform
Transforming espresso-intents-3.6.1.aar (androidx.test.espresso:espresso-intents:3.6.1) with ExtractAarTransform
Transforming espresso-intents-3.6.1.aar (androidx.test.espresso:espresso-intents:3.6.1) with AarTransform
Transforming espresso-core-3.6.1.aar (androidx.test.espresso:espresso-core:3.6.1) with ExtractAarTransform
Transforming espresso-core-3.6.1.aar (androidx.test.espresso:espresso-core:3.6.1) with AarTransform
Transforming rules-1.7.0.aar (androidx.test:rules:1.7.0) with ExtractAarTransform
Transforming rules-1.7.0.aar (androidx.test:rules:1.7.0) with AarTransform
Transforming uiautomator-2.3.0.aar (androidx.test.uiautomator:uiautomator:2.3.0) with ExtractAarTransform
Transforming uiautomator-2.3.0.aar (androidx.test.uiautomator:uiautomator:2.3.0) with AarTransform
Transforming core-1.6.1.aar (androidx.test:core:1.6.1) with ExtractAarTransform
Transforming core-1.6.1.aar (androidx.test:core:1.6.1) with AarTransform
Transforming runner-1.7.0.aar (androidx.test:runner:1.7.0) with ExtractAarTransform
Transforming runner-1.7.0.aar (androidx.test:runner:1.7.0) with AarTransform
Transforming storage-1.6.0.aar (androidx.test.services:storage:1.6.0) with ExtractAarTransform
Transforming storage-1.6.0.aar (androidx.test.services:storage:1.6.0) with AarTransform
Transforming monitor-1.8.0.aar (androidx.test:monitor:1.8.0) with ExtractAarTransform
Transforming monitor-1.8.0.aar (androidx.test:monitor:1.8.0) with AarTransform
Transforming espresso-idling-resource-3.6.1.aar (androidx.test.espresso:espresso-idling-resource:3.6.1) with ExtractAarTransform
Transforming espresso-idling-resource-3.6.1.aar (androidx.test.espresso:espresso-idling-resource:3.6.1) with AarTransform
Caching disabled for task ':app:checkDebugAndroidTestAarMetadata' because:
  Build cache is disabled
  Caching has been disabled for the task
Skipping task ':app:checkDebugAndroidTestAarMetadata' as it is up-to-date.
Resolve mutations for :app:generateDebugAndroidTestResValues (Thread[#15969,Execution worker Thread 7,5,main]) started.
:app:generateDebugAndroidTestResValues (Thread[#15969,Execution worker Thread 7,5,main]) started.

> Task :app:generateDebugAndroidTestResValues UP-TO-DATE
Caching disabled for task ':app:generateDebugAndroidTestResValues' because:
  Build cache is disabled
Skipping task ':app:generateDebugAndroidTestResValues' as it is up-to-date.
Resolve mutations for :app:mapDebugAndroidTestSourceSetPaths (Thread[#15969,Execution worker Thread 7,5,main]) started.
:app:mapDebugAndroidTestSourceSetPaths (Thread[#15969,Execution worker Thread 7,5,main]) started.

> Task :app:mapDebugAndroidTestSourceSetPaths UP-TO-DATE
Transforming ui-test-release.aar (androidx.compose.ui:ui-test-android:1.6.7) with ExtractAarTransform
Transforming ui-test-release.aar (androidx.compose.ui:ui-test-android:1.6.7) with AarTransform
Transforming ui-test-junit4-release.aar (androidx.compose.ui:ui-test-junit4-android:1.6.7) with ExtractAarTransform
Transforming ui-test-junit4-release.aar (androidx.compose.ui:ui-test-junit4-android:1.6.7) with AarTransform
Transforming junit-1.2.1.aar (androidx.test.ext:junit:1.2.1) with ExtractAarTransform
Transforming junit-1.2.1.aar (androidx.test.ext:junit:1.2.1) with AarTransform
Transforming espresso-intents-3.6.1.aar (androidx.test.espresso:espresso-intents:3.6.1) with ExtractAarTransform
Transforming espresso-intents-3.6.1.aar (androidx.test.espresso:espresso-intents:3.6.1) with AarTransform
Transforming espresso-core-3.6.1.aar (androidx.test.espresso:espresso-core:3.6.1) with ExtractAarTransform
Transforming espresso-core-3.6.1.aar (androidx.test.espresso:espresso-core:3.6.1) with AarTransform
Transforming rules-1.7.0.aar (androidx.test:rules:1.7.0) with ExtractAarTransform
Transforming rules-1.7.0.aar (androidx.test:rules:1.7.0) with AarTransform
Transforming uiautomator-2.3.0.aar (androidx.test.uiautomator:uiautomator:2.3.0) with ExtractAarTransform
Transforming uiautomator-2.3.0.aar (androidx.test.uiautomator:uiautomator:2.3.0) with AarTransform
Transforming core-1.6.1.aar (androidx.test:core:1.6.1) with ExtractAarTransform
Transforming core-1.6.1.aar (androidx.test:core:1.6.1) with AarTransform
Transforming runner-1.7.0.aar (androidx.test:runner:1.7.0) with ExtractAarTransform
Transforming runner-1.7.0.aar (androidx.test:runner:1.7.0) with AarTransform
Transforming storage-1.6.0.aar (androidx.test.services:storage:1.6.0) with ExtractAarTransform
Transforming storage-1.6.0.aar (androidx.test.services:storage:1.6.0) with AarTransform
Transforming monitor-1.8.0.aar (androidx.test:monitor:1.8.0) with ExtractAarTransform
Transforming monitor-1.8.0.aar (androidx.test:monitor:1.8.0) with AarTransform
Transforming espresso-idling-resource-3.6.1.aar (androidx.test.espresso:espresso-idling-resource:3.6.1) with ExtractAarTransform
Transforming espresso-idling-resource-3.6.1.aar (androidx.test.espresso:espresso-idling-resource:3.6.1) with AarTransform
Caching disabled for task ':app:mapDebugAndroidTestSourceSetPaths' because:
  Build cache is disabled
  Caching has been disabled for the task
Skipping task ':app:mapDebugAndroidTestSourceSetPaths' as it is up-to-date.
Resolve mutations for :app:generateDebugAndroidTestResources (Thread[#15969,Execution worker Thread 7,5,main]) started.
:app:generateDebugAndroidTestResources (Thread[#15969,Execution worker Thread 7,5,main]) started.

> Task :app:generateDebugAndroidTestResources UP-TO-DATE
Caching disabled for task ':app:generateDebugAndroidTestResources' because:
  Build cache is disabled
Skipping task ':app:generateDebugAndroidTestResources' as it is up-to-date.
Resolve mutations for :app:mergeDebugAndroidTestResources (Thread[#15969,Execution worker Thread 7,5,main]) started.
:app:mergeDebugAndroidTestResources (Thread[#15969,Execution worker Thread 7,5,main]) started.

> Task :app:mergeDebugAndroidTestResources UP-TO-DATE
Caching disabled for task ':app:mergeDebugAndroidTestResources' because:
  Build cache is disabled
Skipping task ':app:mergeDebugAndroidTestResources' as it is up-to-date.
Resolve mutations for :app:processDebugAndroidTestResources (Thread[#15969,Execution worker Thread 7,5,main]) started.
:app:processDebugAndroidTestResources (Thread[#15969,Execution worker Thread 7,5,main]) started.

> Task :app:processDebugAndroidTestResources UP-TO-DATE
Transforming ui-test-release.aar (androidx.compose.ui:ui-test-android:1.6.7) with ExtractAarTransform
Transforming ui-test-release.aar (androidx.compose.ui:ui-test-android:1.6.7) with AarResourcesCompilerTransform
Transforming ui-test-junit4-release.aar (androidx.compose.ui:ui-test-junit4-android:1.6.7) with ExtractAarTransform
Transforming ui-test-junit4-release.aar (androidx.compose.ui:ui-test-junit4-android:1.6.7) with AarResourcesCompilerTransform
Transforming junit-1.2.1.aar (androidx.test.ext:junit:1.2.1) with ExtractAarTransform
Transforming junit-1.2.1.aar (androidx.test.ext:junit:1.2.1) with AarResourcesCompilerTransform
Transforming espresso-intents-3.6.1.aar (androidx.test.espresso:espresso-intents:3.6.1) with ExtractAarTransform
Transforming espresso-intents-3.6.1.aar (androidx.test.espresso:espresso-intents:3.6.1) with AarResourcesCompilerTransform
Transforming espresso-core-3.6.1.aar (androidx.test.espresso:espresso-core:3.6.1) with ExtractAarTransform
Transforming espresso-core-3.6.1.aar (androidx.test.espresso:espresso-core:3.6.1) with AarResourcesCompilerTransform
Transforming rules-1.7.0.aar (androidx.test:rules:1.7.0) with ExtractAarTransform
Transforming rules-1.7.0.aar (androidx.test:rules:1.7.0) with AarResourcesCompilerTransform
Transforming uiautomator-2.3.0.aar (androidx.test.uiautomator:uiautomator:2.3.0) with ExtractAarTransform
Transforming uiautomator-2.3.0.aar (androidx.test.uiautomator:uiautomator:2.3.0) with AarResourcesCompilerTransform
Transforming core-1.6.1.aar (androidx.test:core:1.6.1) with ExtractAarTransform
Transforming core-1.6.1.aar (androidx.test:core:1.6.1) with AarResourcesCompilerTransform
Transforming runner-1.7.0.aar (androidx.test:runner:1.7.0) with ExtractAarTransform
Transforming runner-1.7.0.aar (androidx.test:runner:1.7.0) with AarResourcesCompilerTransform
Transforming storage-1.6.0.aar (androidx.test.services:storage:1.6.0) with ExtractAarTransform
Transforming storage-1.6.0.aar (androidx.test.services:storage:1.6.0) with AarResourcesCompilerTransform
Transforming monitor-1.8.0.aar (androidx.test:monitor:1.8.0) with ExtractAarTransform
Transforming monitor-1.8.0.aar (androidx.test:monitor:1.8.0) with AarResourcesCompilerTransform
Transforming espresso-idling-resource-3.6.1.aar (androidx.test.espresso:espresso-idling-resource:3.6.1) with ExtractAarTransform
Transforming espresso-idling-resource-3.6.1.aar (androidx.test.espresso:espresso-idling-resource:3.6.1) with AarResourcesCompilerTransform
Transforming ui-test-release.aar (androidx.compose.ui:ui-test-android:1.6.7) with ExtractAarTransform
Transforming ui-test-release.aar (androidx.compose.ui:ui-test-android:1.6.7) with LibrarySymbolTableTransform
Transforming ui-test-junit4-release.aar (androidx.compose.ui:ui-test-junit4-android:1.6.7) with ExtractAarTransform
Transforming ui-test-junit4-release.aar (androidx.compose.ui:ui-test-junit4-android:1.6.7) with LibrarySymbolTableTransform
Transforming junit-1.2.1.aar (androidx.test.ext:junit:1.2.1) with ExtractAarTransform
Transforming junit-1.2.1.aar (androidx.test.ext:junit:1.2.1) with LibrarySymbolTableTransform
Transforming espresso-intents-3.6.1.aar (androidx.test.espresso:espresso-intents:3.6.1) with ExtractAarTransform
Transforming espresso-intents-3.6.1.aar (androidx.test.espresso:espresso-intents:3.6.1) with LibrarySymbolTableTransform
Transforming espresso-core-3.6.1.aar (androidx.test.espresso:espresso-core:3.6.1) with ExtractAarTransform
Transforming espresso-core-3.6.1.aar (androidx.test.espresso:espresso-core:3.6.1) with LibrarySymbolTableTransform
Transforming rules-1.7.0.aar (androidx.test:rules:1.7.0) with ExtractAarTransform
Transforming rules-1.7.0.aar (androidx.test:rules:1.7.0) with LibrarySymbolTableTransform
Transforming uiautomator-2.3.0.aar (androidx.test.uiautomator:uiautomator:2.3.0) with ExtractAarTransform
Transforming uiautomator-2.3.0.aar (androidx.test.uiautomator:uiautomator:2.3.0) with LibrarySymbolTableTransform
Transforming core-1.6.1.aar (androidx.test:core:1.6.1) with ExtractAarTransform
Transforming core-1.6.1.aar (androidx.test:core:1.6.1) with LibrarySymbolTableTransform
Transforming runner-1.7.0.aar (androidx.test:runner:1.7.0) with ExtractAarTransform
Transforming runner-1.7.0.aar (androidx.test:runner:1.7.0) with LibrarySymbolTableTransform
Transforming storage-1.6.0.aar (androidx.test.services:storage:1.6.0) with ExtractAarTransform
Transforming storage-1.6.0.aar (androidx.test.services:storage:1.6.0) with LibrarySymbolTableTransform
Transforming monitor-1.8.0.aar (androidx.test:monitor:1.8.0) with ExtractAarTransform
Transforming monitor-1.8.0.aar (androidx.test:monitor:1.8.0) with LibrarySymbolTableTransform
Transforming espresso-idling-resource-3.6.1.aar (androidx.test.espresso:espresso-idling-resource:3.6.1) with ExtractAarTransform
Transforming espresso-idling-resource-3.6.1.aar (androidx.test.espresso:espresso-idling-resource:3.6.1) with LibrarySymbolTableTransform
Caching disabled for task ':app:processDebugAndroidTestResources' because:
  Build cache is disabled
Skipping task ':app:processDebugAndroidTestResources' as it is up-to-date.
Resolve mutations for :app:compileDebugAndroidTestKotlin (Thread[#15969,Execution worker Thread 7,5,main]) started.
:app:compileDebugAndroidTestKotlin (Thread[#15969,Execution worker Thread 7,5,main]) started.
Resolve mutations for :app:javaPreCompileDebugAndroidTest (Thread[#15980,Execution worker Thread 17,5,main]) started.
:app:javaPreCompileDebugAndroidTest (Thread[#15980,Execution worker Thread 17,5,main]) started.

> Task :app:javaPreCompileDebugAndroidTest UP-TO-DATE
Caching disabled for task ':app:javaPreCompileDebugAndroidTest' because:
  Build cache is disabled
Skipping task ':app:javaPreCompileDebugAndroidTest' as it is up-to-date.
Resolve mutations for :app:mergeDebugShaders (Thread[#15980,Execution worker Thread 17,5,main]) started.
:app:mergeDebugShaders (Thread[#15980,Execution worker Thread 17,5,main]) started.

> Task :app:mergeDebugShaders UP-TO-DATE
Caching disabled for task ':app:mergeDebugShaders' because:
  Build cache is disabled
  Simple merging task
Skipping task ':app:mergeDebugShaders' as it is up-to-date.
Resolve mutations for :app:compileDebugShaders (Thread[#15980,Execution worker Thread 17,5,main]) started.
:app:compileDebugShaders (Thread[#15980,Execution worker Thread 17,5,main]) started.

> Task :app:compileDebugShaders NO-SOURCE
Skipping task ':app:compileDebugShaders' as it has no source files and no previous output files.
Resolve mutations for :app:generateDebugAssets (Thread[#15980,Execution worker Thread 17,5,main]) started.
:app:generateDebugAssets (Thread[#15980,Execution worker Thread 17,5,main]) started.

> Task :app:generateDebugAssets UP-TO-DATE
Skipping task ':app:generateDebugAssets' as it has no actions.
Resolve mutations for :app:mergeDebugAssets (Thread[#15964,Execution worker Thread 2,5,main]) started.
:app:mergeDebugAssets (Thread[#15964,Execution worker Thread 2,5,main]) started.

> Task :app:mergeDebugAssets UP-TO-DATE
Transforming termux-shared-v0.118.3.aar (com.github.termux.termux-app:termux-shared:v0.118.3) with ExtractAarTransform
Transforming termux-shared-v0.118.3.aar (com.github.termux.termux-app:termux-shared:v0.118.3) with AarTransform
Transforming material-1.4.0.aar (com.google.android.material:material:1.4.0) with ExtractAarTransform
Transforming material-1.4.0.aar (com.google.android.material:material:1.4.0) with AarTransform
Transforming constraintlayout-2.0.1.aar (androidx.constraintlayout:constraintlayout:2.0.1) with ExtractAarTransform
Transforming constraintlayout-2.0.1.aar (androidx.constraintlayout:constraintlayout:2.0.1) with AarTransform
Transforming appcompat-1.3.1.aar (androidx.appcompat:appcompat:1.3.1) with ExtractAarTransform
Transforming appcompat-1.3.1.aar (androidx.appcompat:appcompat:1.3.1) with AarTransform
Transforming window-1.0.0-alpha09.aar (androidx.window:window:1.0.0-alpha09) with ExtractAarTransform
Transforming window-1.0.0-alpha09.aar (androidx.window:window:1.0.0-alpha09) with AarTransform
Transforming googleid-1.1.0.aar (com.google.android.libraries.identity.googleid:googleid:1.1.0) with ExtractAarTransform
Transforming googleid-1.1.0.aar (com.google.android.libraries.identity.googleid:googleid:1.1.0) with AarTransform
Transforming credentials-1.2.1.aar (androidx.credentials:credentials:1.2.1) with ExtractAarTransform
Transforming credentials-1.2.1.aar (androidx.credentials:credentials:1.2.1) with AarTransform
Transforming credentials-1.2.1.aar (androidx.credentials:credentials:1.2.1) with ExtractAarTransform
Transforming credentials-1.2.1.aar (androidx.credentials:credentials:1.2.1) with AarTransform
Transforming credentials-play-services-auth-1.2.1.aar (androidx.credentials:credentials-play-services-auth:1.2.1) with ExtractAarTransform
Transforming credentials-play-services-auth-1.2.1.aar (androidx.credentials:credentials-play-services-auth:1.2.1) with AarTransform
Transforming play-services-auth-21.1.1.aar (com.google.android.gms:play-services-auth:21.1.1) with ExtractAarTransform
Transforming play-services-auth-21.1.1.aar (com.google.android.gms:play-services-auth:21.1.1) with AarTransform
Transforming billing-ktx-6.2.0.aar (com.android.billingclient:billing-ktx:6.2.0) with ExtractAarTransform
Transforming billing-ktx-6.2.0.aar (com.android.billingclient:billing-ktx:6.2.0) with AarTransform
Transforming billing-6.2.0.aar (com.android.billingclient:billing:6.2.0) with ExtractAarTransform
Transforming billing-6.2.0.aar (com.android.billingclient:billing:6.2.0) with AarTransform
Transforming play-services-fido-20.1.0.aar (com.google.android.gms:play-services-fido:20.1.0) with ExtractAarTransform
Transforming play-services-fido-20.1.0.aar (com.google.android.gms:play-services-fido:20.1.0) with AarTransform
Transforming play-services-fido-20.1.0.aar (com.google.android.gms:play-services-fido:20.1.0) with ExtractAarTransform
Transforming play-services-fido-20.1.0.aar (com.google.android.gms:play-services-fido:20.1.0) with AarTransform
Transforming play-services-auth-api-phone-18.0.2.aar (com.google.android.gms:play-services-auth-api-phone:18.0.2) with ExtractAarTransform
Transforming play-services-auth-api-phone-18.0.2.aar (com.google.android.gms:play-services-auth-api-phone:18.0.2) with AarTransform
Transforming play-services-auth-base-18.0.10.aar (com.google.android.gms:play-services-auth-base:18.0.10) with ExtractAarTransform
Transforming play-services-auth-base-18.0.10.aar (com.google.android.gms:play-services-auth-base:18.0.10) with AarTransform
Transforming play-services-location-19.0.0.aar (com.google.android.gms:play-services-location:19.0.0) with ExtractAarTransform
Transforming play-services-location-19.0.0.aar (com.google.android.gms:play-services-location:19.0.0) with AarTransform
Transforming play-services-base-18.3.0.aar (com.google.android.gms:play-services-base:18.3.0) with ExtractAarTransform
Transforming play-services-base-18.3.0.aar (com.google.android.gms:play-services-base:18.3.0) with AarTransform
Transforming play-services-tasks-18.1.0.aar (com.google.android.gms:play-services-tasks:18.1.0) with ExtractAarTransform
Transforming play-services-tasks-18.1.0.aar (com.google.android.gms:play-services-tasks:18.1.0) with AarTransform
Transforming play-services-places-placereport-17.0.0.aar (com.google.android.gms:play-services-places-placereport:17.0.0) with ExtractAarTransform
Transforming play-services-places-placereport-17.0.0.aar (com.google.android.gms:play-services-places-placereport:17.0.0) with AarTransform
Transforming play-services-basement-18.3.0.aar (com.google.android.gms:play-services-basement:18.3.0) with ExtractAarTransform
Transforming play-services-basement-18.3.0.aar (com.google.android.gms:play-services-basement:18.3.0) with AarTransform
Transforming viewpager2-1.0.0.aar (androidx.viewpager2:viewpager2:1.0.0) with ExtractAarTransform
Transforming viewpager2-1.0.0.aar (androidx.viewpager2:viewpager2:1.0.0) with AarTransform
Transforming fragment-1.5.7.aar (androidx.fragment:fragment:1.5.7) with ExtractAarTransform
Transforming fragment-1.5.7.aar (androidx.fragment:fragment:1.5.7) with AarTransform
Transforming fragment-1.5.7.aar (androidx.fragment:fragment:1.5.7) with ExtractAarTransform
Transforming fragment-1.5.7.aar (androidx.fragment:fragment:1.5.7) with AarTransform
Transforming dynamicanimation-1.0.0.aar (androidx.dynamicanimation:dynamicanimation:1.0.0) with ExtractAarTransform
Transforming dynamicanimation-1.0.0.aar (androidx.dynamicanimation:dynamicanimation:1.0.0) with AarTransform
Transforming legacy-support-core-utils-1.0.0.aar (androidx.legacy:legacy-support-core-utils:1.0.0) with ExtractAarTransform
Transforming legacy-support-core-utils-1.0.0.aar (androidx.legacy:legacy-support-core-utils:1.0.0) with AarTransform
Transforming loader-1.1.0.aar (androidx.loader:loader:1.1.0) with ExtractAarTransform
Transforming loader-1.1.0.aar (androidx.loader:loader:1.1.0) with AarTransform
Transforming loader-1.1.0.aar (androidx.loader:loader:1.1.0) with ExtractAarTransform
Transforming loader-1.1.0.aar (androidx.loader:loader:1.1.0) with AarTransform
Transforming work-runtime-ktx-2.9.0.aar (androidx.work:work-runtime-ktx:2.9.0) with ExtractAarTransform
Transforming work-runtime-ktx-2.9.0.aar (androidx.work:work-runtime-ktx:2.9.0) with AarTransform
Transforming work-runtime-2.9.0.aar (androidx.work:work-runtime:2.9.0) with ExtractAarTransform
Transforming work-runtime-2.9.0.aar (androidx.work:work-runtime:2.9.0) with AarTransform
Transforming navigation-common-2.7.7.aar (androidx.navigation:navigation-common:2.7.7) with ExtractAarTransform
Transforming navigation-common-2.7.7.aar (androidx.navigation:navigation-common:2.7.7) with AarTransform
Transforming navigation-runtime-2.7.7.aar (androidx.navigation:navigation-runtime:2.7.7) with ExtractAarTransform
Transforming navigation-runtime-2.7.7.aar (androidx.navigation:navigation-runtime:2.7.7) with AarTransform
Transforming navigation-common-ktx-2.7.7.aar (androidx.navigation:navigation-common-ktx:2.7.7) with ExtractAarTransform
Transforming navigation-common-ktx-2.7.7.aar (androidx.navigation:navigation-common-ktx:2.7.7) with AarTransform
Transforming navigation-runtime-ktx-2.7.7.aar (androidx.navigation:navigation-runtime-ktx:2.7.7) with ExtractAarTransform
Transforming navigation-runtime-ktx-2.7.7.aar (androidx.navigation:navigation-runtime-ktx:2.7.7) with AarTransform
Transforming navigation-compose-2.7.7.aar (androidx.navigation:navigation-compose:2.7.7) with ExtractAarTransform
Transforming navigation-compose-2.7.7.aar (androidx.navigation:navigation-compose:2.7.7) with AarTransform
Transforming material3-release.aar (androidx.compose.material3:material3-android:1.2.1) with ExtractAarTransform
Transforming material3-release.aar (androidx.compose.material3:material3-android:1.2.1) with AarTransform
Transforming savedstate-ktx-1.2.1.aar (androidx.savedstate:savedstate-ktx:1.2.1) with ExtractAarTransform
Transforming savedstate-ktx-1.2.1.aar (androidx.savedstate:savedstate-ktx:1.2.1) with AarTransform
Transforming material-ripple-release.aar (androidx.compose.material:material-ripple-android:1.6.7) with ExtractAarTransform
Transforming material-ripple-release.aar (androidx.compose.material:material-ripple-android:1.6.7) with AarTransform
Transforming material-icons-core-release.aar (androidx.compose.material:material-icons-core-android:1.6.7) with ExtractAarTransform
Transforming material-icons-core-release.aar (androidx.compose.material:material-icons-core-android:1.6.7) with AarTransform
Transforming material-icons-extended-release.aar (androidx.compose.material:material-icons-extended-android:1.6.7) with ExtractAarTransform
Transforming material-icons-extended-release.aar (androidx.compose.material:material-icons-extended-android:1.6.7) with AarTransform
Transforming material-release.aar (androidx.compose.material:material-android:1.6.7) with ExtractAarTransform
Transforming material-release.aar (androidx.compose.material:material-android:1.6.7) with AarTransform
Transforming savedstate-1.2.1.aar (androidx.savedstate:savedstate:1.2.1) with ExtractAarTransform
Transforming savedstate-1.2.1.aar (androidx.savedstate:savedstate:1.2.1) with AarTransform
Transforming foundation-release.aar (androidx.compose.foundation:foundation-android:1.6.7) with ExtractAarTransform
Transforming foundation-release.aar (androidx.compose.foundation:foundation-android:1.6.7) with AarTransform
Transforming foundation-layout-release.aar (androidx.compose.foundation:foundation-layout-android:1.6.7) with ExtractAarTransform
Transforming foundation-layout-release.aar (androidx.compose.foundation:foundation-layout-android:1.6.7) with AarTransform
Transforming animation-core-release.aar (androidx.compose.animation:animation-core-android:1.6.7) with ExtractAarTransform
Transforming animation-core-release.aar (androidx.compose.animation:animation-core-android:1.6.7) with AarTransform
Transforming animation-release.aar (androidx.compose.animation:animation-android:1.6.7) with ExtractAarTransform
Transforming animation-release.aar (androidx.compose.animation:animation-android:1.6.7) with AarTransform
Transforming ui-tooling-data-release.aar (androidx.compose.ui:ui-tooling-data-android:1.6.7) with ExtractAarTransform
Transforming ui-tooling-data-release.aar (androidx.compose.ui:ui-tooling-data-android:1.6.7) with AarTransform
Transforming ui-unit-release.aar (androidx.compose.ui:ui-unit-android:1.6.7) with ExtractAarTransform
Transforming ui-unit-release.aar (androidx.compose.ui:ui-unit-android:1.6.7) with AarTransform
Transforming ui-geometry-release.aar (androidx.compose.ui:ui-geometry-android:1.6.7) with ExtractAarTransform
Transforming ui-geometry-release.aar (androidx.compose.ui:ui-geometry-android:1.6.7) with AarTransform
Transforming ui-util-release.aar (androidx.compose.ui:ui-util-android:1.6.7) with ExtractAarTransform
Transforming ui-util-release.aar (androidx.compose.ui:ui-util-android:1.6.7) with AarTransform
Transforming ui-tooling-preview-release.aar (androidx.compose.ui:ui-tooling-preview-android:1.6.7) with ExtractAarTransform
Transforming ui-tooling-preview-release.aar (androidx.compose.ui:ui-tooling-preview-android:1.6.7) with AarTransform
Transforming ui-graphics-release.aar (androidx.compose.ui:ui-graphics-android:1.6.7) with ExtractAarTransform
Transforming ui-graphics-release.aar (androidx.compose.ui:ui-graphics-android:1.6.7) with AarTransform
Transforming ui-text-release.aar (androidx.compose.ui:ui-text-android:1.6.7) with ExtractAarTransform
Transforming ui-text-release.aar (androidx.compose.ui:ui-text-android:1.6.7) with AarTransform
Transforming emoji2-1.3.0.aar (androidx.emoji2:emoji2:1.3.0) with ExtractAarTransform
Transforming emoji2-1.3.0.aar (androidx.emoji2:emoji2:1.3.0) with AarTransform
Transforming lifecycle-process-2.8.0.aar (androidx.lifecycle:lifecycle-process:2.8.0) with ExtractAarTransform
Transforming lifecycle-process-2.8.0.aar (androidx.lifecycle:lifecycle-process:2.8.0) with AarTransform
Transforming lifecycle-livedata-core-ktx-2.8.0.aar (androidx.lifecycle:lifecycle-livedata-core-ktx:2.8.0) with ExtractAarTransform
Transforming lifecycle-livedata-core-ktx-2.8.0.aar (androidx.lifecycle:lifecycle-livedata-core-ktx:2.8.0) with AarTransform
Transforming lifecycle-viewmodel-2.8.0.aar (androidx.lifecycle:lifecycle-viewmodel:2.8.0) with ExtractAarTransform
Transforming lifecycle-viewmodel-2.8.0.aar (androidx.lifecycle:lifecycle-viewmodel:2.8.0) with AarTransform
Transforming lifecycle-viewmodel-release.aar (androidx.lifecycle:lifecycle-viewmodel-android:2.8.0) with ExtractAarTransform
Transforming lifecycle-viewmodel-release.aar (androidx.lifecycle:lifecycle-viewmodel-android:2.8.0) with AarTransform
Transforming lifecycle-runtime-release.aar (androidx.lifecycle:lifecycle-runtime-android:2.8.0) with ExtractAarTransform
Transforming lifecycle-runtime-release.aar (androidx.lifecycle:lifecycle-runtime-android:2.8.0) with AarTransform
Transforming lifecycle-service-2.8.0.aar (androidx.lifecycle:lifecycle-service:2.8.0) with ExtractAarTransform
Transforming lifecycle-service-2.8.0.aar (androidx.lifecycle:lifecycle-service:2.8.0) with AarTransform
Transforming lifecycle-livedata-2.8.0.aar (androidx.lifecycle:lifecycle-livedata:2.8.0) with ExtractAarTransform
Transforming lifecycle-livedata-2.8.0.aar (androidx.lifecycle:lifecycle-livedata:2.8.0) with AarTransform
Transforming lifecycle-livedata-core-2.8.0.aar (androidx.lifecycle:lifecycle-livedata-core:2.8.0) with ExtractAarTransform
Transforming lifecycle-livedata-core-2.8.0.aar (androidx.lifecycle:lifecycle-livedata-core:2.8.0) with AarTransform
Transforming lifecycle-livedata-core-2.8.0.aar (androidx.lifecycle:lifecycle-livedata-core:2.8.0) with ExtractAarTransform
Transforming lifecycle-livedata-core-2.8.0.aar (androidx.lifecycle:lifecycle-livedata-core:2.8.0) with AarTransform
Transforming lifecycle-viewmodel-savedstate-2.8.0.aar (androidx.lifecycle:lifecycle-viewmodel-savedstate:2.8.0) with ExtractAarTransform
Transforming lifecycle-viewmodel-savedstate-2.8.0.aar (androidx.lifecycle:lifecycle-viewmodel-savedstate:2.8.0) with AarTransform
Transforming lifecycle-viewmodel-ktx-2.8.0.aar (androidx.lifecycle:lifecycle-viewmodel-ktx:2.8.0) with ExtractAarTransform
Transforming lifecycle-viewmodel-ktx-2.8.0.aar (androidx.lifecycle:lifecycle-viewmodel-ktx:2.8.0) with AarTransform
Transforming lifecycle-runtime-ktx-release.aar (androidx.lifecycle:lifecycle-runtime-ktx-android:2.8.0) with ExtractAarTransform
Transforming lifecycle-runtime-ktx-release.aar (androidx.lifecycle:lifecycle-runtime-ktx-android:2.8.0) with AarTransform
Transforming lifecycle-viewmodel-compose-release.aar (androidx.lifecycle:lifecycle-viewmodel-compose-android:2.8.0) with ExtractAarTransform
Transforming lifecycle-viewmodel-compose-release.aar (androidx.lifecycle:lifecycle-viewmodel-compose-android:2.8.0) with AarTransform
Transforming ui-release.aar (androidx.compose.ui:ui-android:1.6.7) with ExtractAarTransform
Transforming ui-release.aar (androidx.compose.ui:ui-android:1.6.7) with AarTransform
Transforming ui-test-manifest-1.6.7.aar (androidx.compose.ui:ui-test-manifest:1.6.7) with ExtractAarTransform
Transforming ui-test-manifest-1.6.7.aar (androidx.compose.ui:ui-test-manifest:1.6.7) with AarTransform
Transforming ui-tooling-release.aar (androidx.compose.ui:ui-tooling-android:1.6.7) with ExtractAarTransform
Transforming ui-tooling-release.aar (androidx.compose.ui:ui-tooling-android:1.6.7) with AarTransform
Transforming activity-compose-1.9.0.aar (androidx.activity:activity-compose:1.9.0) with ExtractAarTransform
Transforming activity-compose-1.9.0.aar (androidx.activity:activity-compose:1.9.0) with AarTransform
Transforming activity-ktx-1.9.0.aar (androidx.activity:activity-ktx:1.9.0) with ExtractAarTransform
Transforming activity-ktx-1.9.0.aar (androidx.activity:activity-ktx:1.9.0) with AarTransform
Transforming activity-1.9.0.aar (androidx.activity:activity:1.9.0) with ExtractAarTransform
Transforming activity-1.9.0.aar (androidx.activity:activity:1.9.0) with AarTransform
Transforming activity-1.9.0.aar (androidx.activity:activity:1.9.0) with ExtractAarTransform
Transforming activity-1.9.0.aar (androidx.activity:activity:1.9.0) with AarTransform
Transforming appcompat-resources-1.3.1.aar (androidx.appcompat:appcompat-resources:1.3.1) with ExtractAarTransform
Transforming appcompat-resources-1.3.1.aar (androidx.appcompat:appcompat-resources:1.3.1) with AarTransform
Transforming drawerlayout-1.0.0.aar (androidx.drawerlayout:drawerlayout:1.0.0) with ExtractAarTransform
Transforming drawerlayout-1.0.0.aar (androidx.drawerlayout:drawerlayout:1.0.0) with AarTransform
Transforming coordinatorlayout-1.1.0.aar (androidx.coordinatorlayout:coordinatorlayout:1.1.0) with ExtractAarTransform
Transforming coordinatorlayout-1.1.0.aar (androidx.coordinatorlayout:coordinatorlayout:1.1.0) with AarTransform
Transforming transition-1.2.0.aar (androidx.transition:transition:1.2.0) with ExtractAarTransform
Transforming transition-1.2.0.aar (androidx.transition:transition:1.2.0) with AarTransform
Transforming vectordrawable-animated-1.1.0.aar (androidx.vectordrawable:vectordrawable-animated:1.1.0) with ExtractAarTransform
Transforming vectordrawable-animated-1.1.0.aar (androidx.vectordrawable:vectordrawable-animated:1.1.0) with AarTransform
Transforming vectordrawable-1.1.0.aar (androidx.vectordrawable:vectordrawable:1.1.0) with ExtractAarTransform
Transforming vectordrawable-1.1.0.aar (androidx.vectordrawable:vectordrawable:1.1.0) with AarTransform
Transforming vectordrawable-1.1.0.aar (androidx.vectordrawable:vectordrawable:1.1.0) with ExtractAarTransform
Transforming vectordrawable-1.1.0.aar (androidx.vectordrawable:vectordrawable:1.1.0) with AarTransform
Transforming viewpager-1.0.0.aar (androidx.viewpager:viewpager:1.0.0) with ExtractAarTransform
Transforming viewpager-1.0.0.aar (androidx.viewpager:viewpager:1.0.0) with AarTransform
Transforming autofill-1.0.0.aar (androidx.autofill:autofill:1.0.0) with ExtractAarTransform
Transforming autofill-1.0.0.aar (androidx.autofill:autofill:1.0.0) with AarTransform
Transforming recycler-4.6.2.aar (io.noties.markwon:recycler:4.6.2) with ExtractAarTransform
Transforming recycler-4.6.2.aar (io.noties.markwon:recycler:4.6.2) with AarTransform
Transforming recyclerview-1.1.0.aar (androidx.recyclerview:recyclerview:1.1.0) with ExtractAarTransform
Transforming recyclerview-1.1.0.aar (androidx.recyclerview:recyclerview:1.1.0) with AarTransform
Transforming recyclerview-1.1.0.aar (androidx.recyclerview:recyclerview:1.1.0) with ExtractAarTransform
Transforming recyclerview-1.1.0.aar (androidx.recyclerview:recyclerview:1.1.0) with AarTransform
Transforming customview-1.0.0.aar (androidx.customview:customview:1.0.0) with ExtractAarTransform
Transforming customview-1.0.0.aar (androidx.customview:customview:1.0.0) with AarTransform
Transforming core-1.13.1.aar (androidx.core:core:1.13.1) with ExtractAarTransform
Transforming core-1.13.1.aar (androidx.core:core:1.13.1) with AarTransform
Transforming core-1.13.1.aar (androidx.core:core:1.13.1) with ExtractAarTransform
Transforming core-1.13.1.aar (androidx.core:core:1.13.1) with AarTransform
Transforming customview-poolingcontainer-1.0.0.aar (androidx.customview:customview-poolingcontainer:1.0.0) with ExtractAarTransform
Transforming customview-poolingcontainer-1.0.0.aar (androidx.customview:customview-poolingcontainer:1.0.0) with AarTransform
Transforming core-ktx-1.13.1.aar (androidx.core:core-ktx:1.13.1) with ExtractAarTransform
Transforming core-ktx-1.13.1.aar (androidx.core:core-ktx:1.13.1) with AarTransform
Transforming security-crypto-ktx-1.1.0-alpha06.aar (androidx.security:security-crypto-ktx:1.1.0-alpha06) with ExtractAarTransform
Transforming security-crypto-ktx-1.1.0-alpha06.aar (androidx.security:security-crypto-ktx:1.1.0-alpha06) with AarTransform
Transforming room-ktx-2.5.0.aar (androidx.room:room-ktx:2.5.0) with ExtractAarTransform
Transforming room-ktx-2.5.0.aar (androidx.room:room-ktx:2.5.0) with AarTransform
Transforming room-runtime-2.5.0.aar (androidx.room:room-runtime:2.5.0) with ExtractAarTransform
Transforming room-runtime-2.5.0.aar (androidx.room:room-runtime:2.5.0) with AarTransform
Transforming annotation-experimental-1.4.0.aar (androidx.annotation:annotation-experimental:1.4.0) with ExtractAarTransform
Transforming annotation-experimental-1.4.0.aar (androidx.annotation:annotation-experimental:1.4.0) with AarTransform
Transforming runtime-saveable-release.aar (androidx.compose.runtime:runtime-saveable-android:1.6.7) with ExtractAarTransform
Transforming runtime-saveable-release.aar (androidx.compose.runtime:runtime-saveable-android:1.6.7) with AarTransform
Transforming runtime-release.aar (androidx.compose.runtime:runtime-android:1.6.7) with ExtractAarTransform
Transforming runtime-release.aar (androidx.compose.runtime:runtime-android:1.6.7) with AarTransform
Transforming sqlite-framework-2.3.0.aar (androidx.sqlite:sqlite-framework:2.3.0) with ExtractAarTransform
Transforming sqlite-framework-2.3.0.aar (androidx.sqlite:sqlite-framework:2.3.0) with AarTransform
Transforming terminal-view-v0.118.3.aar (com.github.termux.termux-app:terminal-view:v0.118.3) with ExtractAarTransform
Transforming terminal-view-v0.118.3.aar (com.github.termux.termux-app:terminal-view:v0.118.3) with AarTransform
Transforming security-crypto-1.1.0-alpha06.aar (androidx.security:security-crypto:1.1.0-alpha06) with ExtractAarTransform
Transforming security-crypto-1.1.0-alpha06.aar (androidx.security:security-crypto:1.1.0-alpha06) with AarTransform
Transforming ext-strikethrough-4.6.2.aar (io.noties.markwon:ext-strikethrough:4.6.2) with ExtractAarTransform
Transforming ext-strikethrough-4.6.2.aar (io.noties.markwon:ext-strikethrough:4.6.2) with AarTransform
Transforming linkify-4.6.2.aar (io.noties.markwon:linkify:4.6.2) with ExtractAarTransform
Transforming linkify-4.6.2.aar (io.noties.markwon:linkify:4.6.2) with AarTransform
Transforming core-4.6.2.aar (io.noties.markwon:core:4.6.2) with ExtractAarTransform
Transforming core-4.6.2.aar (io.noties.markwon:core:4.6.2) with AarTransform
Transforming interpolator-1.0.0.aar (androidx.interpolator:interpolator:1.0.0) with ExtractAarTransform
Transforming interpolator-1.0.0.aar (androidx.interpolator:interpolator:1.0.0) with AarTransform
Transforming interpolator-1.0.0.aar (androidx.interpolator:interpolator:1.0.0) with ExtractAarTransform
Transforming interpolator-1.0.0.aar (androidx.interpolator:interpolator:1.0.0) with AarTransform
Transforming versionedparcelable-1.1.1.aar (androidx.versionedparcelable:versionedparcelable:1.1.1) with ExtractAarTransform
Transforming versionedparcelable-1.1.1.aar (androidx.versionedparcelable:versionedparcelable:1.1.1) with AarTransform
Transforming cursoradapter-1.0.0.aar (androidx.cursoradapter:cursoradapter:1.0.0) with ExtractAarTransform
Transforming cursoradapter-1.0.0.aar (androidx.cursoradapter:cursoradapter:1.0.0) with AarTransform
Transforming cardview-1.0.0.aar (androidx.cardview:cardview:1.0.0) with ExtractAarTransform
Transforming cardview-1.0.0.aar (androidx.cardview:cardview:1.0.0) with AarTransform
Transforming transport-backend-cct-3.1.8.aar (com.google.android.datatransport:transport-backend-cct:3.1.8) with ExtractAarTransform
Transforming transport-backend-cct-3.1.8.aar (com.google.android.datatransport:transport-backend-cct:3.1.8) with AarTransform
Transforming transport-runtime-3.1.8.aar (com.google.android.datatransport:transport-runtime:3.1.8) with ExtractAarTransform
Transforming transport-runtime-3.1.8.aar (com.google.android.datatransport:transport-runtime:3.1.8) with AarTransform
Transforming transport-api-3.0.0.aar (com.google.android.datatransport:transport-api:3.0.0) with ExtractAarTransform
Transforming transport-api-3.0.0.aar (com.google.android.datatransport:transport-api:3.0.0) with AarTransform
Transforming profileinstaller-1.3.1.aar (androidx.profileinstaller:profileinstaller:1.3.1) with ExtractAarTransform
Transforming profileinstaller-1.3.1.aar (androidx.profileinstaller:profileinstaller:1.3.1) with AarTransform
Transforming startup-runtime-1.1.1.aar (androidx.startup:startup-runtime:1.1.1) with ExtractAarTransform
Transforming startup-runtime-1.1.1.aar (androidx.startup:startup-runtime:1.1.1) with AarTransform
Transforming tracing-1.0.0.aar (androidx.tracing:tracing:1.0.0) with ExtractAarTransform
Transforming tracing-1.0.0.aar (androidx.tracing:tracing:1.0.0) with AarTransform
Transforming firebase-encoders-json-18.0.0.aar (com.google.firebase:firebase-encoders-json:18.0.0) with ExtractAarTransform
Transforming firebase-encoders-json-18.0.0.aar (com.google.firebase:firebase-encoders-json:18.0.0) with AarTransform
Transforming core-runtime-2.2.0.aar (androidx.arch.core:core-runtime:2.2.0) with ExtractAarTransform
Transforming core-runtime-2.2.0.aar (androidx.arch.core:core-runtime:2.2.0) with AarTransform
Transforming sqlite-2.3.0.aar (androidx.sqlite:sqlite:2.3.0) with ExtractAarTransform
Transforming sqlite-2.3.0.aar (androidx.sqlite:sqlite:2.3.0) with AarTransform
Transforming documentfile-1.0.0.aar (androidx.documentfile:documentfile:1.0.0) with ExtractAarTransform
Transforming documentfile-1.0.0.aar (androidx.documentfile:documentfile:1.0.0) with AarTransform
Transforming localbroadcastmanager-1.0.0.aar (androidx.localbroadcastmanager:localbroadcastmanager:1.0.0) with ExtractAarTransform
Transforming localbroadcastmanager-1.0.0.aar (androidx.localbroadcastmanager:localbroadcastmanager:1.0.0) with AarTransform
Transforming print-1.0.0.aar (androidx.print:print:1.0.0) with ExtractAarTransform
Transforming print-1.0.0.aar (androidx.print:print:1.0.0) with AarTransform
Transforming terminal-emulator-v0.118.3.aar (com.github.termux.termux-app:terminal-emulator:v0.118.3) with ExtractAarTransform
Transforming terminal-emulator-v0.118.3.aar (com.github.termux.termux-app:terminal-emulator:v0.118.3) with AarTransform
Transforming hiddenapibypass-6.1.aar (org.lsposed.hiddenapibypass:hiddenapibypass:6.1) with ExtractAarTransform
Transforming hiddenapibypass-6.1.aar (org.lsposed.hiddenapibypass:hiddenapibypass:6.1) with AarTransform
Caching disabled for task ':app:mergeDebugAssets' because:
  Build cache is disabled
  Simple merging task
Skipping task ':app:mergeDebugAssets' as it is up-to-date.
Resolve mutations for :app:compressDebugAssets (Thread[#15964,Execution worker Thread 2,5,main]) started.
:app:compressDebugAssets (Thread[#15972,Execution worker Thread 9,5,main]) started.

> Task :app:compressDebugAssets UP-TO-DATE
Caching disabled for task ':app:compressDebugAssets' because:
  Build cache is disabled
Skipping task ':app:compressDebugAssets' as it is up-to-date.
Resolve mutations for :app:desugarDebugFileDependencies (Thread[#15972,Execution worker Thread 9,5,main]) started.
:app:desugarDebugFileDependencies (Thread[#15972,Execution worker Thread 9,5,main]) started.

> Task :app:desugarDebugFileDependencies UP-TO-DATE
Caching disabled for task ':app:desugarDebugFileDependencies' because:
  Build cache is disabled
Skipping task ':app:desugarDebugFileDependencies' as it is up-to-date.
Resolve mutations for :app:dexBuilderDebug (Thread[#15978,Execution worker Thread 15,5,main]) started.
:app:dexBuilderDebug (Thread[#15978,Execution worker Thread 15,5,main]) started.

> Task :app:dexBuilderDebug UP-TO-DATE
Caching disabled for task ':app:dexBuilderDebug' because:
  Build cache is disabled
Skipping task ':app:dexBuilderDebug' as it is up-to-date.
Resolve mutations for :app:mergeDebugGlobalSynthetics (Thread[#15972,Execution worker Thread 9,5,main]) started.
:app:mergeDebugGlobalSynthetics (Thread[#15972,Execution worker Thread 9,5,main]) started.

> Task :app:mergeDebugGlobalSynthetics UP-TO-DATE
Transforming termux-shared-v0.118.3.aar (com.github.termux.termux-app:termux-shared:v0.118.3) with AarToClassTransform
Transforming termux-shared-v0.118.3.aar (com.github.termux.termux-app:termux-shared:v0.118.3) with IdentityTransform
Transforming termux-shared-v0.118.3.aar (com.github.termux.termux-app:termux-shared:v0.118.3) with DexingNoClasspathTransform
Transforming termux-shared-v0.118.3.aar (com.github.termux.termux-app:termux-shared:v0.118.3) with DexingOutputSplitTransform
Transforming material-1.4.0.aar (com.google.android.material:material:1.4.0) with AarToClassTransform
Transforming material-1.4.0.aar (com.google.android.material:material:1.4.0) with IdentityTransform
Transforming material-1.4.0.aar (com.google.android.material:material:1.4.0) with DexingNoClasspathTransform
Transforming material-1.4.0.aar (com.google.android.material:material:1.4.0) with DexingOutputSplitTransform
Transforming constraintlayout-2.0.1.aar (androidx.constraintlayout:constraintlayout:2.0.1) with AarToClassTransform
Transforming constraintlayout-2.0.1.aar (androidx.constraintlayout:constraintlayout:2.0.1) with IdentityTransform
Transforming constraintlayout-2.0.1.aar (androidx.constraintlayout:constraintlayout:2.0.1) with DexingNoClasspathTransform
Transforming constraintlayout-2.0.1.aar (androidx.constraintlayout:constraintlayout:2.0.1) with DexingOutputSplitTransform
Transforming appcompat-1.3.1.aar (androidx.appcompat:appcompat:1.3.1) with AarToClassTransform
Transforming appcompat-1.3.1.aar (androidx.appcompat:appcompat:1.3.1) with IdentityTransform
Transforming appcompat-1.3.1.aar (androidx.appcompat:appcompat:1.3.1) with DexingNoClasspathTransform
Transforming appcompat-1.3.1.aar (androidx.appcompat:appcompat:1.3.1) with DexingOutputSplitTransform
Transforming window-1.0.0-alpha09.aar (androidx.window:window:1.0.0-alpha09) with AarToClassTransform
Transforming window-1.0.0-alpha09.aar (androidx.window:window:1.0.0-alpha09) with IdentityTransform
Transforming window-1.0.0-alpha09.aar (androidx.window:window:1.0.0-alpha09) with DexingNoClasspathTransform
Transforming window-1.0.0-alpha09.aar (androidx.window:window:1.0.0-alpha09) with DexingOutputSplitTransform
Transforming googleid-1.1.0.aar (com.google.android.libraries.identity.googleid:googleid:1.1.0) with AarToClassTransform
Transforming googleid-1.1.0.aar (com.google.android.libraries.identity.googleid:googleid:1.1.0) with IdentityTransform
Transforming googleid-1.1.0.aar (com.google.android.libraries.identity.googleid:googleid:1.1.0) with DexingNoClasspathTransform
Transforming googleid-1.1.0.aar (com.google.android.libraries.identity.googleid:googleid:1.1.0) with DexingOutputSplitTransform
Transforming credentials-1.2.1.aar (androidx.credentials:credentials:1.2.1) with AarToClassTransform
Transforming credentials-1.2.1.aar (androidx.credentials:credentials:1.2.1) with IdentityTransform
Transforming credentials-1.2.1.aar (androidx.credentials:credentials:1.2.1) with DexingNoClasspathTransform
Transforming credentials-1.2.1.aar (androidx.credentials:credentials:1.2.1) with DexingOutputSplitTransform
Transforming credentials-1.2.1.aar (androidx.credentials:credentials:1.2.1) with AarToClassTransform
Transforming credentials-1.2.1.aar (androidx.credentials:credentials:1.2.1) with IdentityTransform
Transforming credentials-1.2.1.aar (androidx.credentials:credentials:1.2.1) with DexingNoClasspathTransform
Transforming credentials-1.2.1.aar (androidx.credentials:credentials:1.2.1) with DexingOutputSplitTransform
Transforming credentials-play-services-auth-1.2.1.aar (androidx.credentials:credentials-play-services-auth:1.2.1) with AarToClassTransform
Transforming credentials-play-services-auth-1.2.1.aar (androidx.credentials:credentials-play-services-auth:1.2.1) with IdentityTransform
Transforming credentials-play-services-auth-1.2.1.aar (androidx.credentials:credentials-play-services-auth:1.2.1) with DexingNoClasspathTransform
Transforming credentials-play-services-auth-1.2.1.aar (androidx.credentials:credentials-play-services-auth:1.2.1) with DexingOutputSplitTransform
Transforming play-services-auth-21.1.1.aar (com.google.android.gms:play-services-auth:21.1.1) with AarToClassTransform
Transforming play-services-auth-21.1.1.aar (com.google.android.gms:play-services-auth:21.1.1) with IdentityTransform
Transforming play-services-auth-21.1.1.aar (com.google.android.gms:play-services-auth:21.1.1) with DexingNoClasspathTransform
Transforming play-services-auth-21.1.1.aar (com.google.android.gms:play-services-auth:21.1.1) with DexingOutputSplitTransform
Transforming billing-ktx-6.2.0.aar (com.android.billingclient:billing-ktx:6.2.0) with AarToClassTransform
Transforming billing-ktx-6.2.0.aar (com.android.billingclient:billing-ktx:6.2.0) with IdentityTransform
Transforming billing-ktx-6.2.0.aar (com.android.billingclient:billing-ktx:6.2.0) with DexingNoClasspathTransform
Transforming billing-ktx-6.2.0.aar (com.android.billingclient:billing-ktx:6.2.0) with DexingOutputSplitTransform
Transforming billing-6.2.0.aar (com.android.billingclient:billing:6.2.0) with AarToClassTransform
Transforming billing-6.2.0.aar (com.android.billingclient:billing:6.2.0) with IdentityTransform
Transforming billing-6.2.0.aar (com.android.billingclient:billing:6.2.0) with DexingNoClasspathTransform
Transforming billing-6.2.0.aar (com.android.billingclient:billing:6.2.0) with DexingOutputSplitTransform
Transforming play-services-fido-20.1.0.aar (com.google.android.gms:play-services-fido:20.1.0) with AarToClassTransform
Transforming play-services-fido-20.1.0.aar (com.google.android.gms:play-services-fido:20.1.0) with IdentityTransform
Transforming play-services-fido-20.1.0.aar (com.google.android.gms:play-services-fido:20.1.0) with DexingNoClasspathTransform
Transforming play-services-fido-20.1.0.aar (com.google.android.gms:play-services-fido:20.1.0) with DexingOutputSplitTransform
Transforming play-services-fido-20.1.0.aar (com.google.android.gms:play-services-fido:20.1.0) with AarToClassTransform
Transforming play-services-fido-20.1.0.aar (com.google.android.gms:play-services-fido:20.1.0) with IdentityTransform
Transforming play-services-fido-20.1.0.aar (com.google.android.gms:play-services-fido:20.1.0) with DexingNoClasspathTransform
Transforming play-services-fido-20.1.0.aar (com.google.android.gms:play-services-fido:20.1.0) with DexingOutputSplitTransform
Transforming play-services-auth-api-phone-18.0.2.aar (com.google.android.gms:play-services-auth-api-phone:18.0.2) with AarToClassTransform
Transforming play-services-auth-api-phone-18.0.2.aar (com.google.android.gms:play-services-auth-api-phone:18.0.2) with IdentityTransform
Transforming play-services-auth-api-phone-18.0.2.aar (com.google.android.gms:play-services-auth-api-phone:18.0.2) with DexingNoClasspathTransform
Transforming play-services-auth-api-phone-18.0.2.aar (com.google.android.gms:play-services-auth-api-phone:18.0.2) with DexingOutputSplitTransform
Transforming play-services-auth-base-18.0.10.aar (com.google.android.gms:play-services-auth-base:18.0.10) with AarToClassTransform
Transforming play-services-auth-base-18.0.10.aar (com.google.android.gms:play-services-auth-base:18.0.10) with IdentityTransform
Transforming play-services-auth-base-18.0.10.aar (com.google.android.gms:play-services-auth-base:18.0.10) with DexingNoClasspathTransform
Transforming play-services-auth-base-18.0.10.aar (com.google.android.gms:play-services-auth-base:18.0.10) with DexingOutputSplitTransform
Transforming play-services-location-19.0.0.aar (com.google.android.gms:play-services-location:19.0.0) with AarToClassTransform
Transforming play-services-location-19.0.0.aar (com.google.android.gms:play-services-location:19.0.0) with IdentityTransform
Transforming play-services-location-19.0.0.aar (com.google.android.gms:play-services-location:19.0.0) with DexingNoClasspathTransform
Transforming play-services-location-19.0.0.aar (com.google.android.gms:play-services-location:19.0.0) with DexingOutputSplitTransform
Transforming play-services-base-18.3.0.aar (com.google.android.gms:play-services-base:18.3.0) with AarToClassTransform
Transforming play-services-base-18.3.0.aar (com.google.android.gms:play-services-base:18.3.0) with IdentityTransform
Transforming play-services-base-18.3.0.aar (com.google.android.gms:play-services-base:18.3.0) with DexingNoClasspathTransform
Transforming play-services-base-18.3.0.aar (com.google.android.gms:play-services-base:18.3.0) with DexingOutputSplitTransform
Transforming play-services-tasks-18.1.0.aar (com.google.android.gms:play-services-tasks:18.1.0) with AarToClassTransform
Transforming play-services-tasks-18.1.0.aar (com.google.android.gms:play-services-tasks:18.1.0) with IdentityTransform
Transforming play-services-tasks-18.1.0.aar (com.google.android.gms:play-services-tasks:18.1.0) with DexingNoClasspathTransform
Transforming play-services-tasks-18.1.0.aar (com.google.android.gms:play-services-tasks:18.1.0) with DexingOutputSplitTransform
Transforming play-services-places-placereport-17.0.0.aar (com.google.android.gms:play-services-places-placereport:17.0.0) with AarToClassTransform
Transforming play-services-places-placereport-17.0.0.aar (com.google.android.gms:play-services-places-placereport:17.0.0) with IdentityTransform
Transforming play-services-places-placereport-17.0.0.aar (com.google.android.gms:play-services-places-placereport:17.0.0) with DexingNoClasspathTransform
Transforming play-services-places-placereport-17.0.0.aar (com.google.android.gms:play-services-places-placereport:17.0.0) with DexingOutputSplitTransform
Transforming play-services-basement-18.3.0.aar (com.google.android.gms:play-services-basement:18.3.0) with AarToClassTransform
Transforming play-services-basement-18.3.0.aar (com.google.android.gms:play-services-basement:18.3.0) with IdentityTransform
Transforming play-services-basement-18.3.0.aar (com.google.android.gms:play-services-basement:18.3.0) with DexingNoClasspathTransform
Transforming play-services-basement-18.3.0.aar (com.google.android.gms:play-services-basement:18.3.0) with DexingOutputSplitTransform
Transforming viewpager2-1.0.0.aar (androidx.viewpager2:viewpager2:1.0.0) with AarToClassTransform
Transforming viewpager2-1.0.0.aar (androidx.viewpager2:viewpager2:1.0.0) with IdentityTransform
Transforming viewpager2-1.0.0.aar (androidx.viewpager2:viewpager2:1.0.0) with DexingNoClasspathTransform
Transforming viewpager2-1.0.0.aar (androidx.viewpager2:viewpager2:1.0.0) with DexingOutputSplitTransform
Transforming fragment-1.5.7.aar (androidx.fragment:fragment:1.5.7) with AarToClassTransform
Transforming fragment-1.5.7.aar (androidx.fragment:fragment:1.5.7) with IdentityTransform
Transforming fragment-1.5.7.aar (androidx.fragment:fragment:1.5.7) with DexingNoClasspathTransform
Transforming fragment-1.5.7.aar (androidx.fragment:fragment:1.5.7) with DexingOutputSplitTransform
Transforming fragment-1.5.7.aar (androidx.fragment:fragment:1.5.7) with AarToClassTransform
Transforming fragment-1.5.7.aar (androidx.fragment:fragment:1.5.7) with IdentityTransform
Transforming fragment-1.5.7.aar (androidx.fragment:fragment:1.5.7) with DexingNoClasspathTransform
Transforming fragment-1.5.7.aar (androidx.fragment:fragment:1.5.7) with DexingOutputSplitTransform
Transforming dynamicanimation-1.0.0.aar (androidx.dynamicanimation:dynamicanimation:1.0.0) with AarToClassTransform
Transforming dynamicanimation-1.0.0.aar (androidx.dynamicanimation:dynamicanimation:1.0.0) with IdentityTransform
Transforming dynamicanimation-1.0.0.aar (androidx.dynamicanimation:dynamicanimation:1.0.0) with DexingNoClasspathTransform
Transforming dynamicanimation-1.0.0.aar (androidx.dynamicanimation:dynamicanimation:1.0.0) with DexingOutputSplitTransform
Transforming legacy-support-core-utils-1.0.0.aar (androidx.legacy:legacy-support-core-utils:1.0.0) with AarToClassTransform
Transforming legacy-support-core-utils-1.0.0.aar (androidx.legacy:legacy-support-core-utils:1.0.0) with IdentityTransform
Transforming legacy-support-core-utils-1.0.0.aar (androidx.legacy:legacy-support-core-utils:1.0.0) with DexingNoClasspathTransform
Transforming legacy-support-core-utils-1.0.0.aar (androidx.legacy:legacy-support-core-utils:1.0.0) with DexingOutputSplitTransform
Transforming loader-1.1.0.aar (androidx.loader:loader:1.1.0) with AarToClassTransform
Transforming loader-1.1.0.aar (androidx.loader:loader:1.1.0) with IdentityTransform
Transforming loader-1.1.0.aar (androidx.loader:loader:1.1.0) with DexingNoClasspathTransform
Transforming loader-1.1.0.aar (androidx.loader:loader:1.1.0) with DexingOutputSplitTransform
Transforming loader-1.1.0.aar (androidx.loader:loader:1.1.0) with AarToClassTransform
Transforming loader-1.1.0.aar (androidx.loader:loader:1.1.0) with IdentityTransform
Transforming loader-1.1.0.aar (androidx.loader:loader:1.1.0) with DexingNoClasspathTransform
Transforming loader-1.1.0.aar (androidx.loader:loader:1.1.0) with DexingOutputSplitTransform
Transforming work-runtime-ktx-2.9.0.aar (androidx.work:work-runtime-ktx:2.9.0) with AarToClassTransform
Transforming work-runtime-ktx-2.9.0.aar (androidx.work:work-runtime-ktx:2.9.0) with IdentityTransform
Transforming work-runtime-ktx-2.9.0.aar (androidx.work:work-runtime-ktx:2.9.0) with DexingNoClasspathTransform
Transforming work-runtime-ktx-2.9.0.aar (androidx.work:work-runtime-ktx:2.9.0) with DexingOutputSplitTransform
Transforming work-runtime-2.9.0.aar (androidx.work:work-runtime:2.9.0) with AarToClassTransform
Transforming work-runtime-2.9.0.aar (androidx.work:work-runtime:2.9.0) with IdentityTransform
Transforming work-runtime-2.9.0.aar (androidx.work:work-runtime:2.9.0) with DexingNoClasspathTransform
Transforming work-runtime-2.9.0.aar (androidx.work:work-runtime:2.9.0) with DexingOutputSplitTransform
Transforming navigation-common-2.7.7.aar (androidx.navigation:navigation-common:2.7.7) with AarToClassTransform
Transforming navigation-common-2.7.7.aar (androidx.navigation:navigation-common:2.7.7) with IdentityTransform
Transforming navigation-common-2.7.7.aar (androidx.navigation:navigation-common:2.7.7) with DexingNoClasspathTransform
Transforming navigation-common-2.7.7.aar (androidx.navigation:navigation-common:2.7.7) with DexingOutputSplitTransform
Transforming navigation-runtime-2.7.7.aar (androidx.navigation:navigation-runtime:2.7.7) with AarToClassTransform
Transforming navigation-runtime-2.7.7.aar (androidx.navigation:navigation-runtime:2.7.7) with IdentityTransform
Transforming navigation-runtime-2.7.7.aar (androidx.navigation:navigation-runtime:2.7.7) with DexingNoClasspathTransform
Transforming navigation-runtime-2.7.7.aar (androidx.navigation:navigation-runtime:2.7.7) with DexingOutputSplitTransform
Transforming navigation-common-ktx-2.7.7.aar (androidx.navigation:navigation-common-ktx:2.7.7) with AarToClassTransform
Transforming navigation-common-ktx-2.7.7.aar (androidx.navigation:navigation-common-ktx:2.7.7) with IdentityTransform
Transforming navigation-common-ktx-2.7.7.aar (androidx.navigation:navigation-common-ktx:2.7.7) with DexingNoClasspathTransform
Transforming navigation-common-ktx-2.7.7.aar (androidx.navigation:navigation-common-ktx:2.7.7) with DexingOutputSplitTransform
Transforming navigation-runtime-ktx-2.7.7.aar (androidx.navigation:navigation-runtime-ktx:2.7.7) with AarToClassTransform
Transforming navigation-runtime-ktx-2.7.7.aar (androidx.navigation:navigation-runtime-ktx:2.7.7) with IdentityTransform
Transforming navigation-runtime-ktx-2.7.7.aar (androidx.navigation:navigation-runtime-ktx:2.7.7) with DexingNoClasspathTransform
Transforming navigation-runtime-ktx-2.7.7.aar (androidx.navigation:navigation-runtime-ktx:2.7.7) with DexingOutputSplitTransform
Transforming navigation-compose-2.7.7.aar (androidx.navigation:navigation-compose:2.7.7) with AarToClassTransform
Transforming navigation-compose-2.7.7.aar (androidx.navigation:navigation-compose:2.7.7) with IdentityTransform
Transforming navigation-compose-2.7.7.aar (androidx.navigation:navigation-compose:2.7.7) with DexingNoClasspathTransform
Transforming navigation-compose-2.7.7.aar (androidx.navigation:navigation-compose:2.7.7) with DexingOutputSplitTransform
Transforming material3-release.aar (androidx.compose.material3:material3-android:1.2.1) with AarToClassTransform
Transforming material3-release.aar (androidx.compose.material3:material3-android:1.2.1) with IdentityTransform
Transforming material3-release.aar (androidx.compose.material3:material3-android:1.2.1) with DexingNoClasspathTransform
Transforming material3-release.aar (androidx.compose.material3:material3-android:1.2.1) with DexingOutputSplitTransform
Transforming savedstate-ktx-1.2.1.aar (androidx.savedstate:savedstate-ktx:1.2.1) with AarToClassTransform
Transforming savedstate-ktx-1.2.1.aar (androidx.savedstate:savedstate-ktx:1.2.1) with IdentityTransform
Transforming savedstate-ktx-1.2.1.aar (androidx.savedstate:savedstate-ktx:1.2.1) with DexingNoClasspathTransform
Transforming savedstate-ktx-1.2.1.aar (androidx.savedstate:savedstate-ktx:1.2.1) with DexingOutputSplitTransform
Transforming material-ripple-release.aar (androidx.compose.material:material-ripple-android:1.6.7) with AarToClassTransform
Transforming material-ripple-release.aar (androidx.compose.material:material-ripple-android:1.6.7) with IdentityTransform
Transforming material-ripple-release.aar (androidx.compose.material:material-ripple-android:1.6.7) with DexingNoClasspathTransform
Transforming material-ripple-release.aar (androidx.compose.material:material-ripple-android:1.6.7) with DexingOutputSplitTransform
Transforming material-icons-core-release.aar (androidx.compose.material:material-icons-core-android:1.6.7) with AarToClassTransform
Transforming material-icons-core-release.aar (androidx.compose.material:material-icons-core-android:1.6.7) with IdentityTransform
Transforming material-icons-core-release.aar (androidx.compose.material:material-icons-core-android:1.6.7) with DexingNoClasspathTransform
Transforming material-icons-core-release.aar (androidx.compose.material:material-icons-core-android:1.6.7) with DexingOutputSplitTransform
Transforming material-icons-extended-release.aar (androidx.compose.material:material-icons-extended-android:1.6.7) with AarToClassTransform
Transforming material-icons-extended-release.aar (androidx.compose.material:material-icons-extended-android:1.6.7) with IdentityTransform
Transforming material-icons-extended-release.aar (androidx.compose.material:material-icons-extended-android:1.6.7) with DexingNoClasspathTransform
Transforming material-icons-extended-release.aar (androidx.compose.material:material-icons-extended-android:1.6.7) with DexingOutputSplitTransform
Transforming material-release.aar (androidx.compose.material:material-android:1.6.7) with AarToClassTransform
Transforming material-release.aar (androidx.compose.material:material-android:1.6.7) with IdentityTransform
Transforming material-release.aar (androidx.compose.material:material-android:1.6.7) with DexingNoClasspathTransform
Transforming material-release.aar (androidx.compose.material:material-android:1.6.7) with DexingOutputSplitTransform
Transforming savedstate-1.2.1.aar (androidx.savedstate:savedstate:1.2.1) with AarToClassTransform
Transforming savedstate-1.2.1.aar (androidx.savedstate:savedstate:1.2.1) with IdentityTransform
Transforming savedstate-1.2.1.aar (androidx.savedstate:savedstate:1.2.1) with DexingNoClasspathTransform
Transforming savedstate-1.2.1.aar (androidx.savedstate:savedstate:1.2.1) with DexingOutputSplitTransform
Transforming foundation-release.aar (androidx.compose.foundation:foundation-android:1.6.7) with AarToClassTransform
Transforming foundation-release.aar (androidx.compose.foundation:foundation-android:1.6.7) with IdentityTransform
Transforming foundation-release.aar (androidx.compose.foundation:foundation-android:1.6.7) with DexingNoClasspathTransform
Transforming foundation-release.aar (androidx.compose.foundation:foundation-android:1.6.7) with DexingOutputSplitTransform
Transforming foundation-layout-release.aar (androidx.compose.foundation:foundation-layout-android:1.6.7) with AarToClassTransform
Transforming foundation-layout-release.aar (androidx.compose.foundation:foundation-layout-android:1.6.7) with IdentityTransform
Transforming foundation-layout-release.aar (androidx.compose.foundation:foundation-layout-android:1.6.7) with DexingNoClasspathTransform
Transforming foundation-layout-release.aar (androidx.compose.foundation:foundation-layout-android:1.6.7) with DexingOutputSplitTransform
Transforming animation-core-release.aar (androidx.compose.animation:animation-core-android:1.6.7) with AarToClassTransform
Transforming animation-core-release.aar (androidx.compose.animation:animation-core-android:1.6.7) with IdentityTransform
Transforming animation-core-release.aar (androidx.compose.animation:animation-core-android:1.6.7) with DexingNoClasspathTransform
Transforming animation-core-release.aar (androidx.compose.animation:animation-core-android:1.6.7) with DexingOutputSplitTransform
Transforming animation-release.aar (androidx.compose.animation:animation-android:1.6.7) with AarToClassTransform
Transforming animation-release.aar (androidx.compose.animation:animation-android:1.6.7) with IdentityTransform
Transforming animation-release.aar (androidx.compose.animation:animation-android:1.6.7) with DexingNoClasspathTransform
Transforming animation-release.aar (androidx.compose.animation:animation-android:1.6.7) with DexingOutputSplitTransform
Transforming ui-tooling-data-release.aar (androidx.compose.ui:ui-tooling-data-android:1.6.7) with AarToClassTransform
Transforming ui-tooling-data-release.aar (androidx.compose.ui:ui-tooling-data-android:1.6.7) with IdentityTransform
Transforming ui-tooling-data-release.aar (androidx.compose.ui:ui-tooling-data-android:1.6.7) with DexingNoClasspathTransform
Transforming ui-tooling-data-release.aar (androidx.compose.ui:ui-tooling-data-android:1.6.7) with DexingOutputSplitTransform
Transforming ui-unit-release.aar (androidx.compose.ui:ui-unit-android:1.6.7) with AarToClassTransform
Transforming ui-unit-release.aar (androidx.compose.ui:ui-unit-android:1.6.7) with IdentityTransform
Transforming ui-unit-release.aar (androidx.compose.ui:ui-unit-android:1.6.7) with DexingNoClasspathTransform
Transforming ui-unit-release.aar (androidx.compose.ui:ui-unit-android:1.6.7) with DexingOutputSplitTransform
Transforming ui-geometry-release.aar (androidx.compose.ui:ui-geometry-android:1.6.7) with AarToClassTransform
Transforming ui-geometry-release.aar (androidx.compose.ui:ui-geometry-android:1.6.7) with IdentityTransform
Transforming ui-geometry-release.aar (androidx.compose.ui:ui-geometry-android:1.6.7) with DexingNoClasspathTransform
Transforming ui-geometry-release.aar (androidx.compose.ui:ui-geometry-android:1.6.7) with DexingOutputSplitTransform
Transforming ui-util-release.aar (androidx.compose.ui:ui-util-android:1.6.7) with AarToClassTransform
Transforming ui-util-release.aar (androidx.compose.ui:ui-util-android:1.6.7) with IdentityTransform
Transforming ui-util-release.aar (androidx.compose.ui:ui-util-android:1.6.7) with DexingNoClasspathTransform
Transforming ui-util-release.aar (androidx.compose.ui:ui-util-android:1.6.7) with DexingOutputSplitTransform
Transforming ui-tooling-preview-release.aar (androidx.compose.ui:ui-tooling-preview-android:1.6.7) with AarToClassTransform
Transforming ui-tooling-preview-release.aar (androidx.compose.ui:ui-tooling-preview-android:1.6.7) with IdentityTransform
Transforming ui-tooling-preview-release.aar (androidx.compose.ui:ui-tooling-preview-android:1.6.7) with DexingNoClasspathTransform
Transforming ui-tooling-preview-release.aar (androidx.compose.ui:ui-tooling-preview-android:1.6.7) with DexingOutputSplitTransform
Transforming ui-graphics-release.aar (androidx.compose.ui:ui-graphics-android:1.6.7) with AarToClassTransform
Transforming ui-graphics-release.aar (androidx.compose.ui:ui-graphics-android:1.6.7) with IdentityTransform
Transforming ui-graphics-release.aar (androidx.compose.ui:ui-graphics-android:1.6.7) with DexingNoClasspathTransform
Transforming ui-graphics-release.aar (androidx.compose.ui:ui-graphics-android:1.6.7) with DexingOutputSplitTransform
Transforming ui-text-release.aar (androidx.compose.ui:ui-text-android:1.6.7) with AarToClassTransform
Transforming ui-text-release.aar (androidx.compose.ui:ui-text-android:1.6.7) with IdentityTransform
Transforming ui-text-release.aar (androidx.compose.ui:ui-text-android:1.6.7) with DexingNoClasspathTransform
Transforming ui-text-release.aar (androidx.compose.ui:ui-text-android:1.6.7) with DexingOutputSplitTransform
Transforming emoji2-1.3.0.aar (androidx.emoji2:emoji2:1.3.0) with AarToClassTransform
Transforming emoji2-1.3.0.aar (androidx.emoji2:emoji2:1.3.0) with IdentityTransform
Transforming emoji2-1.3.0.aar (androidx.emoji2:emoji2:1.3.0) with DexingNoClasspathTransform
Transforming emoji2-1.3.0.aar (androidx.emoji2:emoji2:1.3.0) with DexingOutputSplitTransform
Transforming lifecycle-process-2.8.0.aar (androidx.lifecycle:lifecycle-process:2.8.0) with AarToClassTransform
Transforming lifecycle-process-2.8.0.aar (androidx.lifecycle:lifecycle-process:2.8.0) with IdentityTransform
Transforming lifecycle-process-2.8.0.aar (androidx.lifecycle:lifecycle-process:2.8.0) with DexingNoClasspathTransform
Transforming lifecycle-process-2.8.0.aar (androidx.lifecycle:lifecycle-process:2.8.0) with DexingOutputSplitTransform
Transforming lifecycle-livedata-core-ktx-2.8.0.aar (androidx.lifecycle:lifecycle-livedata-core-ktx:2.8.0) with AarToClassTransform
Transforming lifecycle-livedata-core-ktx-2.8.0.aar (androidx.lifecycle:lifecycle-livedata-core-ktx:2.8.0) with IdentityTransform
Transforming lifecycle-livedata-core-ktx-2.8.0.aar (androidx.lifecycle:lifecycle-livedata-core-ktx:2.8.0) with DexingNoClasspathTransform
Transforming lifecycle-livedata-core-ktx-2.8.0.aar (androidx.lifecycle:lifecycle-livedata-core-ktx:2.8.0) with DexingOutputSplitTransform
Transforming lifecycle-common-jvm-2.8.0.jar (androidx.lifecycle:lifecycle-common-jvm:2.8.0) with IdentityTransform
Transforming lifecycle-common-jvm-2.8.0.jar (androidx.lifecycle:lifecycle-common-jvm:2.8.0) with IdentityTransform
Transforming lifecycle-common-jvm-2.8.0.jar (androidx.lifecycle:lifecycle-common-jvm:2.8.0) with DexingNoClasspathTransform
Transforming lifecycle-common-jvm-2.8.0.jar (androidx.lifecycle:lifecycle-common-jvm:2.8.0) with DexingOutputSplitTransform
Transforming lifecycle-viewmodel-2.8.0.aar (androidx.lifecycle:lifecycle-viewmodel:2.8.0) with AarToClassTransform
Transforming lifecycle-viewmodel-2.8.0.aar (androidx.lifecycle:lifecycle-viewmodel:2.8.0) with IdentityTransform
Transforming lifecycle-viewmodel-2.8.0.aar (androidx.lifecycle:lifecycle-viewmodel:2.8.0) with DexingNoClasspathTransform
Transforming lifecycle-viewmodel-2.8.0.aar (androidx.lifecycle:lifecycle-viewmodel:2.8.0) with DexingOutputSplitTransform
Transforming lifecycle-viewmodel-release.aar (androidx.lifecycle:lifecycle-viewmodel-android:2.8.0) with AarToClassTransform
Transforming lifecycle-viewmodel-release.aar (androidx.lifecycle:lifecycle-viewmodel-android:2.8.0) with IdentityTransform
Transforming lifecycle-viewmodel-release.aar (androidx.lifecycle:lifecycle-viewmodel-android:2.8.0) with DexingNoClasspathTransform
Transforming lifecycle-viewmodel-release.aar (androidx.lifecycle:lifecycle-viewmodel-android:2.8.0) with DexingOutputSplitTransform
Transforming lifecycle-runtime-release.aar (androidx.lifecycle:lifecycle-runtime-android:2.8.0) with AarToClassTransform
Transforming lifecycle-runtime-release.aar (androidx.lifecycle:lifecycle-runtime-android:2.8.0) with IdentityTransform
Transforming lifecycle-runtime-release.aar (androidx.lifecycle:lifecycle-runtime-android:2.8.0) with DexingNoClasspathTransform
Transforming lifecycle-runtime-release.aar (androidx.lifecycle:lifecycle-runtime-android:2.8.0) with DexingOutputSplitTransform
Transforming lifecycle-service-2.8.0.aar (androidx.lifecycle:lifecycle-service:2.8.0) with AarToClassTransform
Transforming lifecycle-service-2.8.0.aar (androidx.lifecycle:lifecycle-service:2.8.0) with IdentityTransform
Transforming lifecycle-service-2.8.0.aar (androidx.lifecycle:lifecycle-service:2.8.0) with DexingNoClasspathTransform
Transforming lifecycle-service-2.8.0.aar (androidx.lifecycle:lifecycle-service:2.8.0) with DexingOutputSplitTransform
Transforming lifecycle-livedata-2.8.0.aar (androidx.lifecycle:lifecycle-livedata:2.8.0) with AarToClassTransform
Transforming lifecycle-livedata-2.8.0.aar (androidx.lifecycle:lifecycle-livedata:2.8.0) with IdentityTransform
Transforming lifecycle-livedata-2.8.0.aar (androidx.lifecycle:lifecycle-livedata:2.8.0) with DexingNoClasspathTransform
Transforming lifecycle-livedata-2.8.0.aar (androidx.lifecycle:lifecycle-livedata:2.8.0) with DexingOutputSplitTransform
Transforming lifecycle-livedata-core-2.8.0.aar (androidx.lifecycle:lifecycle-livedata-core:2.8.0) with AarToClassTransform
Transforming lifecycle-livedata-core-2.8.0.aar (androidx.lifecycle:lifecycle-livedata-core:2.8.0) with IdentityTransform
Transforming lifecycle-livedata-core-2.8.0.aar (androidx.lifecycle:lifecycle-livedata-core:2.8.0) with DexingNoClasspathTransform
Transforming lifecycle-livedata-core-2.8.0.aar (androidx.lifecycle:lifecycle-livedata-core:2.8.0) with DexingOutputSplitTransform
Transforming lifecycle-livedata-core-2.8.0.aar (androidx.lifecycle:lifecycle-livedata-core:2.8.0) with AarToClassTransform
Transforming lifecycle-livedata-core-2.8.0.aar (androidx.lifecycle:lifecycle-livedata-core:2.8.0) with IdentityTransform
Transforming lifecycle-livedata-core-2.8.0.aar (androidx.lifecycle:lifecycle-livedata-core:2.8.0) with DexingNoClasspathTransform
Transforming lifecycle-livedata-core-2.8.0.aar (androidx.lifecycle:lifecycle-livedata-core:2.8.0) with DexingOutputSplitTransform
Transforming lifecycle-viewmodel-savedstate-2.8.0.aar (androidx.lifecycle:lifecycle-viewmodel-savedstate:2.8.0) with AarToClassTransform
Transforming lifecycle-viewmodel-savedstate-2.8.0.aar (androidx.lifecycle:lifecycle-viewmodel-savedstate:2.8.0) with IdentityTransform
Transforming lifecycle-viewmodel-savedstate-2.8.0.aar (androidx.lifecycle:lifecycle-viewmodel-savedstate:2.8.0) with DexingNoClasspathTransform
Transforming lifecycle-viewmodel-savedstate-2.8.0.aar (androidx.lifecycle:lifecycle-viewmodel-savedstate:2.8.0) with DexingOutputSplitTransform
Transforming lifecycle-viewmodel-ktx-2.8.0.aar (androidx.lifecycle:lifecycle-viewmodel-ktx:2.8.0) with AarToClassTransform
Transforming lifecycle-viewmodel-ktx-2.8.0.aar (androidx.lifecycle:lifecycle-viewmodel-ktx:2.8.0) with IdentityTransform
Transforming lifecycle-viewmodel-ktx-2.8.0.aar (androidx.lifecycle:lifecycle-viewmodel-ktx:2.8.0) with DexingNoClasspathTransform
Transforming lifecycle-viewmodel-ktx-2.8.0.aar (androidx.lifecycle:lifecycle-viewmodel-ktx:2.8.0) with DexingOutputSplitTransform
Transforming lifecycle-runtime-ktx-release.aar (androidx.lifecycle:lifecycle-runtime-ktx-android:2.8.0) with AarToClassTransform
Transforming lifecycle-runtime-ktx-release.aar (androidx.lifecycle:lifecycle-runtime-ktx-android:2.8.0) with IdentityTransform
Transforming lifecycle-runtime-ktx-release.aar (androidx.lifecycle:lifecycle-runtime-ktx-android:2.8.0) with DexingNoClasspathTransform
Transforming lifecycle-runtime-ktx-release.aar (androidx.lifecycle:lifecycle-runtime-ktx-android:2.8.0) with DexingOutputSplitTransform
Transforming lifecycle-viewmodel-compose-release.aar (androidx.lifecycle:lifecycle-viewmodel-compose-android:2.8.0) with AarToClassTransform
Transforming lifecycle-viewmodel-compose-release.aar (androidx.lifecycle:lifecycle-viewmodel-compose-android:2.8.0) with IdentityTransform
Transforming lifecycle-viewmodel-compose-release.aar (androidx.lifecycle:lifecycle-viewmodel-compose-android:2.8.0) with DexingNoClasspathTransform
Transforming lifecycle-viewmodel-compose-release.aar (androidx.lifecycle:lifecycle-viewmodel-compose-android:2.8.0) with DexingOutputSplitTransform
Transforming ui-release.aar (androidx.compose.ui:ui-android:1.6.7) with AarToClassTransform
Transforming ui-release.aar (androidx.compose.ui:ui-android:1.6.7) with IdentityTransform
Transforming ui-release.aar (androidx.compose.ui:ui-android:1.6.7) with DexingNoClasspathTransform
Transforming ui-release.aar (androidx.compose.ui:ui-android:1.6.7) with DexingOutputSplitTransform
Transforming ui-test-manifest-1.6.7.aar (androidx.compose.ui:ui-test-manifest:1.6.7) with AarToClassTransform
Transforming ui-test-manifest-1.6.7.aar (androidx.compose.ui:ui-test-manifest:1.6.7) with IdentityTransform
Transforming ui-test-manifest-1.6.7.aar (androidx.compose.ui:ui-test-manifest:1.6.7) with DexingNoClasspathTransform
Transforming ui-test-manifest-1.6.7.aar (androidx.compose.ui:ui-test-manifest:1.6.7) with DexingOutputSplitTransform
Transforming ui-tooling-release.aar (androidx.compose.ui:ui-tooling-android:1.6.7) with AarToClassTransform
Transforming lifecycle-common-java8-2.8.0.jar (androidx.lifecycle:lifecycle-common-java8:2.8.0) with IdentityTransform
Transforming lifecycle-common-java8-2.8.0.jar (androidx.lifecycle:lifecycle-common-java8:2.8.0) with IdentityTransform
Transforming lifecycle-common-java8-2.8.0.jar (androidx.lifecycle:lifecycle-common-java8:2.8.0) with DexingNoClasspathTransform
Transforming lifecycle-common-java8-2.8.0.jar (androidx.lifecycle:lifecycle-common-java8:2.8.0) with DexingOutputSplitTransform
Transforming ui-tooling-release.aar (androidx.compose.ui:ui-tooling-android:1.6.7) with IdentityTransform
Transforming ui-tooling-release.aar (androidx.compose.ui:ui-tooling-android:1.6.7) with DexingNoClasspathTransform
Transforming ui-tooling-release.aar (androidx.compose.ui:ui-tooling-android:1.6.7) with DexingOutputSplitTransform
Transforming activity-compose-1.9.0.aar (androidx.activity:activity-compose:1.9.0) with AarToClassTransform
Transforming activity-compose-1.9.0.aar (androidx.activity:activity-compose:1.9.0) with IdentityTransform
Transforming activity-compose-1.9.0.aar (androidx.activity:activity-compose:1.9.0) with DexingNoClasspathTransform
Transforming activity-compose-1.9.0.aar (androidx.activity:activity-compose:1.9.0) with DexingOutputSplitTransform
Transforming activity-ktx-1.9.0.aar (androidx.activity:activity-ktx:1.9.0) with AarToClassTransform
Transforming activity-ktx-1.9.0.aar (androidx.activity:activity-ktx:1.9.0) with IdentityTransform
Transforming activity-ktx-1.9.0.aar (androidx.activity:activity-ktx:1.9.0) with DexingNoClasspathTransform
Transforming activity-ktx-1.9.0.aar (androidx.activity:activity-ktx:1.9.0) with DexingOutputSplitTransform
Transforming activity-1.9.0.aar (androidx.activity:activity:1.9.0) with AarToClassTransform
Transforming activity-1.9.0.aar (androidx.activity:activity:1.9.0) with IdentityTransform
Transforming activity-1.9.0.aar (androidx.activity:activity:1.9.0) with DexingNoClasspathTransform
Transforming activity-1.9.0.aar (androidx.activity:activity:1.9.0) with DexingOutputSplitTransform
Transforming activity-1.9.0.aar (androidx.activity:activity:1.9.0) with AarToClassTransform
Transforming activity-1.9.0.aar (androidx.activity:activity:1.9.0) with IdentityTransform
Transforming activity-1.9.0.aar (androidx.activity:activity:1.9.0) with DexingNoClasspathTransform
Transforming activity-1.9.0.aar (androidx.activity:activity:1.9.0) with DexingOutputSplitTransform
Transforming appcompat-resources-1.3.1.aar (androidx.appcompat:appcompat-resources:1.3.1) with AarToClassTransform
Transforming appcompat-resources-1.3.1.aar (androidx.appcompat:appcompat-resources:1.3.1) with IdentityTransform
Transforming appcompat-resources-1.3.1.aar (androidx.appcompat:appcompat-resources:1.3.1) with DexingNoClasspathTransform
Transforming appcompat-resources-1.3.1.aar (androidx.appcompat:appcompat-resources:1.3.1) with DexingOutputSplitTransform
Transforming drawerlayout-1.0.0.aar (androidx.drawerlayout:drawerlayout:1.0.0) with AarToClassTransform
Transforming drawerlayout-1.0.0.aar (androidx.drawerlayout:drawerlayout:1.0.0) with IdentityTransform
Transforming drawerlayout-1.0.0.aar (androidx.drawerlayout:drawerlayout:1.0.0) with DexingNoClasspathTransform
Transforming drawerlayout-1.0.0.aar (androidx.drawerlayout:drawerlayout:1.0.0) with DexingOutputSplitTransform
Transforming coordinatorlayout-1.1.0.aar (androidx.coordinatorlayout:coordinatorlayout:1.1.0) with AarToClassTransform
Transforming coordinatorlayout-1.1.0.aar (androidx.coordinatorlayout:coordinatorlayout:1.1.0) with IdentityTransform
Transforming coordinatorlayout-1.1.0.aar (androidx.coordinatorlayout:coordinatorlayout:1.1.0) with DexingNoClasspathTransform
Transforming coordinatorlayout-1.1.0.aar (androidx.coordinatorlayout:coordinatorlayout:1.1.0) with DexingOutputSplitTransform
Transforming transition-1.2.0.aar (androidx.transition:transition:1.2.0) with AarToClassTransform
Transforming transition-1.2.0.aar (androidx.transition:transition:1.2.0) with IdentityTransform
Transforming transition-1.2.0.aar (androidx.transition:transition:1.2.0) with DexingNoClasspathTransform
Transforming transition-1.2.0.aar (androidx.transition:transition:1.2.0) with DexingOutputSplitTransform
Transforming vectordrawable-animated-1.1.0.aar (androidx.vectordrawable:vectordrawable-animated:1.1.0) with AarToClassTransform
Transforming vectordrawable-animated-1.1.0.aar (androidx.vectordrawable:vectordrawable-animated:1.1.0) with IdentityTransform
Transforming vectordrawable-animated-1.1.0.aar (androidx.vectordrawable:vectordrawable-animated:1.1.0) with DexingNoClasspathTransform
Transforming vectordrawable-animated-1.1.0.aar (androidx.vectordrawable:vectordrawable-animated:1.1.0) with DexingOutputSplitTransform
Transforming vectordrawable-1.1.0.aar (androidx.vectordrawable:vectordrawable:1.1.0) with AarToClassTransform
Transforming vectordrawable-1.1.0.aar (androidx.vectordrawable:vectordrawable:1.1.0) with IdentityTransform
Transforming vectordrawable-1.1.0.aar (androidx.vectordrawable:vectordrawable:1.1.0) with DexingNoClasspathTransform
Transforming vectordrawable-1.1.0.aar (androidx.vectordrawable:vectordrawable:1.1.0) with DexingOutputSplitTransform
Transforming vectordrawable-1.1.0.aar (androidx.vectordrawable:vectordrawable:1.1.0) with AarToClassTransform
Transforming vectordrawable-1.1.0.aar (androidx.vectordrawable:vectordrawable:1.1.0) with IdentityTransform
Transforming vectordrawable-1.1.0.aar (androidx.vectordrawable:vectordrawable:1.1.0) with DexingNoClasspathTransform
Transforming vectordrawable-1.1.0.aar (androidx.vectordrawable:vectordrawable:1.1.0) with DexingOutputSplitTransform
Transforming viewpager-1.0.0.aar (androidx.viewpager:viewpager:1.0.0) with AarToClassTransform
Transforming viewpager-1.0.0.aar (androidx.viewpager:viewpager:1.0.0) with IdentityTransform
Transforming viewpager-1.0.0.aar (androidx.viewpager:viewpager:1.0.0) with DexingNoClasspathTransform
Transforming viewpager-1.0.0.aar (androidx.viewpager:viewpager:1.0.0) with DexingOutputSplitTransform
Transforming autofill-1.0.0.aar (androidx.autofill:autofill:1.0.0) with AarToClassTransform
Transforming autofill-1.0.0.aar (androidx.autofill:autofill:1.0.0) with IdentityTransform
Transforming autofill-1.0.0.aar (androidx.autofill:autofill:1.0.0) with DexingNoClasspathTransform
Transforming autofill-1.0.0.aar (androidx.autofill:autofill:1.0.0) with DexingOutputSplitTransform
Transforming recycler-4.6.2.aar (io.noties.markwon:recycler:4.6.2) with AarToClassTransform
Transforming recycler-4.6.2.aar (io.noties.markwon:recycler:4.6.2) with IdentityTransform
Transforming recycler-4.6.2.aar (io.noties.markwon:recycler:4.6.2) with DexingNoClasspathTransform
Transforming recycler-4.6.2.aar (io.noties.markwon:recycler:4.6.2) with DexingOutputSplitTransform
Transforming recyclerview-1.1.0.aar (androidx.recyclerview:recyclerview:1.1.0) with AarToClassTransform
Transforming recyclerview-1.1.0.aar (androidx.recyclerview:recyclerview:1.1.0) with IdentityTransform
Transforming recyclerview-1.1.0.aar (androidx.recyclerview:recyclerview:1.1.0) with DexingNoClasspathTransform
Transforming recyclerview-1.1.0.aar (androidx.recyclerview:recyclerview:1.1.0) with DexingOutputSplitTransform
Transforming recyclerview-1.1.0.aar (androidx.recyclerview:recyclerview:1.1.0) with AarToClassTransform
Transforming recyclerview-1.1.0.aar (androidx.recyclerview:recyclerview:1.1.0) with IdentityTransform
Transforming recyclerview-1.1.0.aar (androidx.recyclerview:recyclerview:1.1.0) with DexingNoClasspathTransform
Transforming recyclerview-1.1.0.aar (androidx.recyclerview:recyclerview:1.1.0) with DexingOutputSplitTransform
Transforming customview-1.0.0.aar (androidx.customview:customview:1.0.0) with AarToClassTransform
Transforming customview-1.0.0.aar (androidx.customview:customview:1.0.0) with IdentityTransform
Transforming customview-1.0.0.aar (androidx.customview:customview:1.0.0) with DexingNoClasspathTransform
Transforming customview-1.0.0.aar (androidx.customview:customview:1.0.0) with DexingOutputSplitTransform
Transforming core-1.13.1.aar (androidx.core:core:1.13.1) with AarToClassTransform
Transforming core-1.13.1.aar (androidx.core:core:1.13.1) with IdentityTransform
Transforming core-1.13.1.aar (androidx.core:core:1.13.1) with DexingNoClasspathTransform
Transforming core-1.13.1.aar (androidx.core:core:1.13.1) with DexingOutputSplitTransform
Transforming core-1.13.1.aar (androidx.core:core:1.13.1) with AarToClassTransform
Transforming core-1.13.1.aar (androidx.core:core:1.13.1) with IdentityTransform
Transforming core-1.13.1.aar (androidx.core:core:1.13.1) with DexingNoClasspathTransform
Transforming core-1.13.1.aar (androidx.core:core:1.13.1) with DexingOutputSplitTransform
Transforming customview-poolingcontainer-1.0.0.aar (androidx.customview:customview-poolingcontainer:1.0.0) with AarToClassTransform
Transforming customview-poolingcontainer-1.0.0.aar (androidx.customview:customview-poolingcontainer:1.0.0) with IdentityTransform
Transforming customview-poolingcontainer-1.0.0.aar (androidx.customview:customview-poolingcontainer:1.0.0) with DexingNoClasspathTransform
Transforming customview-poolingcontainer-1.0.0.aar (androidx.customview:customview-poolingcontainer:1.0.0) with DexingOutputSplitTransform
Transforming core-ktx-1.13.1.aar (androidx.core:core-ktx:1.13.1) with AarToClassTransform
Transforming core-ktx-1.13.1.aar (androidx.core:core-ktx:1.13.1) with IdentityTransform
Transforming core-ktx-1.13.1.aar (androidx.core:core-ktx:1.13.1) with DexingNoClasspathTransform
Transforming core-ktx-1.13.1.aar (androidx.core:core-ktx:1.13.1) with DexingOutputSplitTransform
Transforming security-crypto-ktx-1.1.0-alpha06.aar (androidx.security:security-crypto-ktx:1.1.0-alpha06) with AarToClassTransform
Transforming security-crypto-ktx-1.1.0-alpha06.aar (androidx.security:security-crypto-ktx:1.1.0-alpha06) with IdentityTransform
Transforming security-crypto-ktx-1.1.0-alpha06.aar (androidx.security:security-crypto-ktx:1.1.0-alpha06) with DexingNoClasspathTransform
Transforming security-crypto-ktx-1.1.0-alpha06.aar (androidx.security:security-crypto-ktx:1.1.0-alpha06) with DexingOutputSplitTransform
Transforming kotlinx-serialization-core-jvm-1.6.3.jar (org.jetbrains.kotlinx:kotlinx-serialization-core-jvm:1.6.3) with IdentityTransform
Transforming kotlinx-serialization-core-jvm-1.6.3.jar (org.jetbrains.kotlinx:kotlinx-serialization-core-jvm:1.6.3) with IdentityTransform
Transforming kotlinx-serialization-core-jvm-1.6.3.jar (org.jetbrains.kotlinx:kotlinx-serialization-core-jvm:1.6.3) with DexingNoClasspathTransform
Transforming kotlinx-serialization-core-jvm-1.6.3.jar (org.jetbrains.kotlinx:kotlinx-serialization-core-jvm:1.6.3) with DexingOutputSplitTransform
Transforming kotlinx-serialization-json-jvm-1.6.3.jar (org.jetbrains.kotlinx:kotlinx-serialization-json-jvm:1.6.3) with IdentityTransform
Transforming kotlinx-serialization-json-jvm-1.6.3.jar (org.jetbrains.kotlinx:kotlinx-serialization-json-jvm:1.6.3) with IdentityTransform
Transforming kotlinx-serialization-json-jvm-1.6.3.jar (org.jetbrains.kotlinx:kotlinx-serialization-json-jvm:1.6.3) with DexingNoClasspathTransform
Transforming kotlinx-serialization-json-jvm-1.6.3.jar (org.jetbrains.kotlinx:kotlinx-serialization-json-jvm:1.6.3) with DexingOutputSplitTransform
Transforming room-ktx-2.5.0.aar (androidx.room:room-ktx:2.5.0) with AarToClassTransform
Transforming room-ktx-2.5.0.aar (androidx.room:room-ktx:2.5.0) with IdentityTransform
Transforming room-ktx-2.5.0.aar (androidx.room:room-ktx:2.5.0) with DexingNoClasspathTransform
Transforming room-ktx-2.5.0.aar (androidx.room:room-ktx:2.5.0) with DexingOutputSplitTransform
Transforming room-runtime-2.5.0.aar (androidx.room:room-runtime:2.5.0) with AarToClassTransform
Transforming room-runtime-2.5.0.aar (androidx.room:room-runtime:2.5.0) with IdentityTransform
Transforming room-runtime-2.5.0.aar (androidx.room:room-runtime:2.5.0) with DexingNoClasspathTransform
Transforming room-runtime-2.5.0.aar (androidx.room:room-runtime:2.5.0) with DexingOutputSplitTransform
Transforming annotation-experimental-1.4.0.aar (androidx.annotation:annotation-experimental:1.4.0) with AarToClassTransform
Transforming annotation-experimental-1.4.0.aar (androidx.annotation:annotation-experimental:1.4.0) with IdentityTransform
Transforming annotation-experimental-1.4.0.aar (androidx.annotation:annotation-experimental:1.4.0) with DexingNoClasspathTransform
Transforming annotation-experimental-1.4.0.aar (androidx.annotation:annotation-experimental:1.4.0) with DexingOutputSplitTransform
Transforming runtime-saveable-release.aar (androidx.compose.runtime:runtime-saveable-android:1.6.7) with AarToClassTransform
Transforming runtime-saveable-release.aar (androidx.compose.runtime:runtime-saveable-android:1.6.7) with IdentityTransform
Transforming runtime-saveable-release.aar (androidx.compose.runtime:runtime-saveable-android:1.6.7) with DexingNoClasspathTransform
Transforming runtime-saveable-release.aar (androidx.compose.runtime:runtime-saveable-android:1.6.7) with DexingOutputSplitTransform
Transforming runtime-release.aar (androidx.compose.runtime:runtime-android:1.6.7) with AarToClassTransform
Transforming runtime-release.aar (androidx.compose.runtime:runtime-android:1.6.7) with IdentityTransform
Transforming runtime-release.aar (androidx.compose.runtime:runtime-android:1.6.7) with DexingNoClasspathTransform
Transforming runtime-release.aar (androidx.compose.runtime:runtime-android:1.6.7) with DexingOutputSplitTransform
Transforming sqlite-framework-2.3.0.aar (androidx.sqlite:sqlite-framework:2.3.0) with AarToClassTransform
Transforming sqlite-framework-2.3.0.aar (androidx.sqlite:sqlite-framework:2.3.0) with IdentityTransform
Transforming sqlite-framework-2.3.0.aar (androidx.sqlite:sqlite-framework:2.3.0) with DexingNoClasspathTransform
Transforming sqlite-framework-2.3.0.aar (androidx.sqlite:sqlite-framework:2.3.0) with DexingOutputSplitTransform
Transforming terminal-view-v0.118.3.aar (com.github.termux.termux-app:terminal-view:v0.118.3) with AarToClassTransform
Transforming terminal-view-v0.118.3.aar (com.github.termux.termux-app:terminal-view:v0.118.3) with IdentityTransform
Transforming terminal-view-v0.118.3.aar (com.github.termux.termux-app:terminal-view:v0.118.3) with DexingNoClasspathTransform
Transforming terminal-view-v0.118.3.aar (com.github.termux.termux-app:terminal-view:v0.118.3) with DexingOutputSplitTransform
Transforming security-crypto-1.1.0-alpha06.aar (androidx.security:security-crypto:1.1.0-alpha06) with AarToClassTransform
Transforming security-crypto-1.1.0-alpha06.aar (androidx.security:security-crypto:1.1.0-alpha06) with IdentityTransform
Transforming security-crypto-1.1.0-alpha06.aar (androidx.security:security-crypto:1.1.0-alpha06) with DexingNoClasspathTransform
Transforming security-crypto-1.1.0-alpha06.aar (androidx.security:security-crypto:1.1.0-alpha06) with DexingOutputSplitTransform
Transforming ext-strikethrough-4.6.2.aar (io.noties.markwon:ext-strikethrough:4.6.2) with AarToClassTransform
Transforming ext-strikethrough-4.6.2.aar (io.noties.markwon:ext-strikethrough:4.6.2) with IdentityTransform
Transforming ext-strikethrough-4.6.2.aar (io.noties.markwon:ext-strikethrough:4.6.2) with DexingNoClasspathTransform
Transforming ext-strikethrough-4.6.2.aar (io.noties.markwon:ext-strikethrough:4.6.2) with DexingOutputSplitTransform
Transforming linkify-4.6.2.aar (io.noties.markwon:linkify:4.6.2) with AarToClassTransform
Transforming linkify-4.6.2.aar (io.noties.markwon:linkify:4.6.2) with IdentityTransform
Transforming linkify-4.6.2.aar (io.noties.markwon:linkify:4.6.2) with DexingNoClasspathTransform
Transforming linkify-4.6.2.aar (io.noties.markwon:linkify:4.6.2) with DexingOutputSplitTransform
Transforming core-4.6.2.aar (io.noties.markwon:core:4.6.2) with AarToClassTransform
Transforming core-4.6.2.aar (io.noties.markwon:core:4.6.2) with IdentityTransform
Transforming core-4.6.2.aar (io.noties.markwon:core:4.6.2) with DexingNoClasspathTransform
Transforming core-4.6.2.aar (io.noties.markwon:core:4.6.2) with DexingOutputSplitTransform
Transforming interpolator-1.0.0.aar (androidx.interpolator:interpolator:1.0.0) with AarToClassTransform
Transforming interpolator-1.0.0.aar (androidx.interpolator:interpolator:1.0.0) with IdentityTransform
Transforming interpolator-1.0.0.aar (androidx.interpolator:interpolator:1.0.0) with DexingNoClasspathTransform
Transforming interpolator-1.0.0.aar (androidx.interpolator:interpolator:1.0.0) with DexingOutputSplitTransform
Transforming interpolator-1.0.0.aar (androidx.interpolator:interpolator:1.0.0) with AarToClassTransform
Transforming interpolator-1.0.0.aar (androidx.interpolator:interpolator:1.0.0) with IdentityTransform
Transforming interpolator-1.0.0.aar (androidx.interpolator:interpolator:1.0.0) with DexingNoClasspathTransform
Transforming interpolator-1.0.0.aar (androidx.interpolator:interpolator:1.0.0) with DexingOutputSplitTransform
Transforming versionedparcelable-1.1.1.aar (androidx.versionedparcelable:versionedparcelable:1.1.1) with AarToClassTransform
Transforming versionedparcelable-1.1.1.aar (androidx.versionedparcelable:versionedparcelable:1.1.1) with IdentityTransform
Transforming versionedparcelable-1.1.1.aar (androidx.versionedparcelable:versionedparcelable:1.1.1) with DexingNoClasspathTransform
Transforming versionedparcelable-1.1.1.aar (androidx.versionedparcelable:versionedparcelable:1.1.1) with DexingOutputSplitTransform
Transforming cursoradapter-1.0.0.aar (androidx.cursoradapter:cursoradapter:1.0.0) with AarToClassTransform
Transforming cursoradapter-1.0.0.aar (androidx.cursoradapter:cursoradapter:1.0.0) with IdentityTransform
Transforming cursoradapter-1.0.0.aar (androidx.cursoradapter:cursoradapter:1.0.0) with DexingNoClasspathTransform
Transforming cursoradapter-1.0.0.aar (androidx.cursoradapter:cursoradapter:1.0.0) with DexingOutputSplitTransform
Transforming cardview-1.0.0.aar (androidx.cardview:cardview:1.0.0) with AarToClassTransform
Transforming cardview-1.0.0.aar (androidx.cardview:cardview:1.0.0) with IdentityTransform
Transforming cardview-1.0.0.aar (androidx.cardview:cardview:1.0.0) with DexingNoClasspathTransform
Transforming cardview-1.0.0.aar (androidx.cardview:cardview:1.0.0) with DexingOutputSplitTransform
Transforming transport-backend-cct-3.1.8.aar (com.google.android.datatransport:transport-backend-cct:3.1.8) with AarToClassTransform
Transforming transport-backend-cct-3.1.8.aar (com.google.android.datatransport:transport-backend-cct:3.1.8) with IdentityTransform
Transforming transport-backend-cct-3.1.8.aar (com.google.android.datatransport:transport-backend-cct:3.1.8) with DexingNoClasspathTransform
Transforming transport-backend-cct-3.1.8.aar (com.google.android.datatransport:transport-backend-cct:3.1.8) with DexingOutputSplitTransform
Transforming transport-runtime-3.1.8.aar (com.google.android.datatransport:transport-runtime:3.1.8) with AarToClassTransform
Transforming transport-runtime-3.1.8.aar (com.google.android.datatransport:transport-runtime:3.1.8) with IdentityTransform
Transforming transport-runtime-3.1.8.aar (com.google.android.datatransport:transport-runtime:3.1.8) with DexingNoClasspathTransform
Transforming transport-runtime-3.1.8.aar (com.google.android.datatransport:transport-runtime:3.1.8) with DexingOutputSplitTransform
Transforming transport-api-3.0.0.aar (com.google.android.datatransport:transport-api:3.0.0) with AarToClassTransform
Transforming transport-api-3.0.0.aar (com.google.android.datatransport:transport-api:3.0.0) with IdentityTransform
Transforming transport-api-3.0.0.aar (com.google.android.datatransport:transport-api:3.0.0) with DexingNoClasspathTransform
Transforming transport-api-3.0.0.aar (com.google.android.datatransport:transport-api:3.0.0) with DexingOutputSplitTransform
Transforming profileinstaller-1.3.1.aar (androidx.profileinstaller:profileinstaller:1.3.1) with AarToClassTransform
Transforming profileinstaller-1.3.1.aar (androidx.profileinstaller:profileinstaller:1.3.1) with IdentityTransform
Transforming profileinstaller-1.3.1.aar (androidx.profileinstaller:profileinstaller:1.3.1) with DexingNoClasspathTransform
Transforming profileinstaller-1.3.1.aar (androidx.profileinstaller:profileinstaller:1.3.1) with DexingOutputSplitTransform
Transforming startup-runtime-1.1.1.aar (androidx.startup:startup-runtime:1.1.1) with AarToClassTransform
Transforming startup-runtime-1.1.1.aar (androidx.startup:startup-runtime:1.1.1) with IdentityTransform
Transforming startup-runtime-1.1.1.aar (androidx.startup:startup-runtime:1.1.1) with DexingNoClasspathTransform
Transforming startup-runtime-1.1.1.aar (androidx.startup:startup-runtime:1.1.1) with DexingOutputSplitTransform
Transforming tracing-1.0.0.aar (androidx.tracing:tracing:1.0.0) with AarToClassTransform
Transforming tracing-1.0.0.aar (androidx.tracing:tracing:1.0.0) with IdentityTransform
Transforming tracing-1.0.0.aar (androidx.tracing:tracing:1.0.0) with DexingNoClasspathTransform
Transforming tracing-1.0.0.aar (androidx.tracing:tracing:1.0.0) with DexingOutputSplitTransform
Transforming firebase-encoders-json-18.0.0.aar (com.google.firebase:firebase-encoders-json:18.0.0) with AarToClassTransform
Transforming firebase-encoders-json-18.0.0.aar (com.google.firebase:firebase-encoders-json:18.0.0) with IdentityTransform
Transforming firebase-encoders-json-18.0.0.aar (com.google.firebase:firebase-encoders-json:18.0.0) with DexingNoClasspathTransform
Transforming firebase-encoders-json-18.0.0.aar (com.google.firebase:firebase-encoders-json:18.0.0) with DexingOutputSplitTransform
Transforming firebase-encoders-proto-16.0.0.jar (com.google.firebase:firebase-encoders-proto:16.0.0) with IdentityTransform
Transforming firebase-encoders-proto-16.0.0.jar (com.google.firebase:firebase-encoders-proto:16.0.0) with IdentityTransform
Transforming firebase-encoders-proto-16.0.0.jar (com.google.firebase:firebase-encoders-proto:16.0.0) with DexingNoClasspathTransform
Transforming firebase-encoders-proto-16.0.0.jar (com.google.firebase:firebase-encoders-proto:16.0.0) with DexingOutputSplitTransform
Transforming firebase-encoders-17.0.0.jar (com.google.firebase:firebase-encoders:17.0.0) with IdentityTransform
Transforming firebase-encoders-17.0.0.jar (com.google.firebase:firebase-encoders:17.0.0) with IdentityTransform
Transforming firebase-encoders-17.0.0.jar (com.google.firebase:firebase-encoders:17.0.0) with DexingNoClasspathTransform
Transforming firebase-encoders-17.0.0.jar (com.google.firebase:firebase-encoders:17.0.0) with DexingOutputSplitTransform
Transforming core-runtime-2.2.0.aar (androidx.arch.core:core-runtime:2.2.0) with AarToClassTransform
Transforming core-runtime-2.2.0.aar (androidx.arch.core:core-runtime:2.2.0) with IdentityTransform
Transforming core-runtime-2.2.0.aar (androidx.arch.core:core-runtime:2.2.0) with DexingNoClasspathTransform
Transforming core-runtime-2.2.0.aar (androidx.arch.core:core-runtime:2.2.0) with DexingOutputSplitTransform
Transforming core-common-2.2.0.jar (androidx.arch.core:core-common:2.2.0) with IdentityTransform
Transforming core-common-2.2.0.jar (androidx.arch.core:core-common:2.2.0) with IdentityTransform
Transforming core-common-2.2.0.jar (androidx.arch.core:core-common:2.2.0) with DexingNoClasspathTransform
Transforming core-common-2.2.0.jar (androidx.arch.core:core-common:2.2.0) with DexingOutputSplitTransform
Transforming room-common-2.5.0.jar (androidx.room:room-common:2.5.0) with IdentityTransform
Transforming room-common-2.5.0.jar (androidx.room:room-common:2.5.0) with IdentityTransform
Transforming room-common-2.5.0.jar (androidx.room:room-common:2.5.0) with DexingNoClasspathTransform
Transforming room-common-2.5.0.jar (androidx.room:room-common:2.5.0) with DexingOutputSplitTransform
Transforming sqlite-2.3.0.aar (androidx.sqlite:sqlite:2.3.0) with AarToClassTransform
Transforming sqlite-2.3.0.aar (androidx.sqlite:sqlite:2.3.0) with IdentityTransform
Transforming sqlite-2.3.0.aar (androidx.sqlite:sqlite:2.3.0) with DexingNoClasspathTransform
Transforming sqlite-2.3.0.aar (androidx.sqlite:sqlite:2.3.0) with DexingOutputSplitTransform
Transforming concurrent-futures-1.1.0.jar (androidx.concurrent:concurrent-futures:1.1.0) with IdentityTransform
Transforming concurrent-futures-1.1.0.jar (androidx.concurrent:concurrent-futures:1.1.0) with IdentityTransform
Transforming concurrent-futures-1.1.0.jar (androidx.concurrent:concurrent-futures:1.1.0) with DexingNoClasspathTransform
Transforming concurrent-futures-1.1.0.jar (androidx.concurrent:concurrent-futures:1.1.0) with DexingOutputSplitTransform
Transforming collection-jvm-1.4.0.jar (androidx.collection:collection-jvm:1.4.0) with IdentityTransform
Transforming collection-jvm-1.4.0.jar (androidx.collection:collection-jvm:1.4.0) with IdentityTransform
Transforming collection-jvm-1.4.0.jar (androidx.collection:collection-jvm:1.4.0) with DexingNoClasspathTransform
Transforming collection-jvm-1.4.0.jar (androidx.collection:collection-jvm:1.4.0) with DexingOutputSplitTransform
Transforming documentfile-1.0.0.aar (androidx.documentfile:documentfile:1.0.0) with AarToClassTransform
Transforming documentfile-1.0.0.aar (androidx.documentfile:documentfile:1.0.0) with IdentityTransform
Transforming documentfile-1.0.0.aar (androidx.documentfile:documentfile:1.0.0) with DexingNoClasspathTransform
Transforming documentfile-1.0.0.aar (androidx.documentfile:documentfile:1.0.0) with DexingOutputSplitTransform
Transforming localbroadcastmanager-1.0.0.aar (androidx.localbroadcastmanager:localbroadcastmanager:1.0.0) with AarToClassTransform
Transforming localbroadcastmanager-1.0.0.aar (androidx.localbroadcastmanager:localbroadcastmanager:1.0.0) with IdentityTransform
Transforming localbroadcastmanager-1.0.0.aar (androidx.localbroadcastmanager:localbroadcastmanager:1.0.0) with DexingNoClasspathTransform
Transforming localbroadcastmanager-1.0.0.aar (androidx.localbroadcastmanager:localbroadcastmanager:1.0.0) with DexingOutputSplitTransform
Transforming print-1.0.0.aar (androidx.print:print:1.0.0) with AarToClassTransform
Transforming print-1.0.0.aar (androidx.print:print:1.0.0) with IdentityTransform
Transforming print-1.0.0.aar (androidx.print:print:1.0.0) with DexingNoClasspathTransform
Transforming print-1.0.0.aar (androidx.print:print:1.0.0) with DexingOutputSplitTransform
Transforming annotation-jvm-1.8.0.jar (androidx.annotation:annotation-jvm:1.8.0) with IdentityTransform
Transforming annotation-jvm-1.8.0.jar (androidx.annotation:annotation-jvm:1.8.0) with IdentityTransform
Transforming annotation-jvm-1.8.0.jar (androidx.annotation:annotation-jvm:1.8.0) with DexingNoClasspathTransform
Transforming annotation-jvm-1.8.0.jar (androidx.annotation:annotation-jvm:1.8.0) with DexingOutputSplitTransform
Transforming kotlinx-coroutines-android-1.7.3.jar (org.jetbrains.kotlinx:kotlinx-coroutines-android:1.7.3) with IdentityTransform
Transforming kotlinx-coroutines-android-1.7.3.jar (org.jetbrains.kotlinx:kotlinx-coroutines-android:1.7.3) with IdentityTransform
Transforming kotlinx-coroutines-android-1.7.3.jar (org.jetbrains.kotlinx:kotlinx-coroutines-android:1.7.3) with DexingNoClasspathTransform
Transforming kotlinx-coroutines-android-1.7.3.jar (org.jetbrains.kotlinx:kotlinx-coroutines-android:1.7.3) with DexingOutputSplitTransform
Transforming kotlinx-coroutines-core-jvm-1.7.3.jar (org.jetbrains.kotlinx:kotlinx-coroutines-core-jvm:1.7.3) with IdentityTransform
Transforming collection-ktx-1.4.0.jar (androidx.collection:collection-ktx:1.4.0) with IdentityTransform
Transforming kotlinx-coroutines-core-jvm-1.7.3.jar (org.jetbrains.kotlinx:kotlinx-coroutines-core-jvm:1.7.3) with IdentityTransform
Transforming collection-ktx-1.4.0.jar (androidx.collection:collection-ktx:1.4.0) with IdentityTransform
Transforming kotlinx-coroutines-core-jvm-1.7.3.jar (org.jetbrains.kotlinx:kotlinx-coroutines-core-jvm:1.7.3) with DexingNoClasspathTransform
Transforming collection-ktx-1.4.0.jar (androidx.collection:collection-ktx:1.4.0) with DexingNoClasspathTransform
Transforming kotlinx-coroutines-core-jvm-1.7.3.jar (org.jetbrains.kotlinx:kotlinx-coroutines-core-jvm:1.7.3) with DexingOutputSplitTransform
Transforming collection-ktx-1.4.0.jar (androidx.collection:collection-ktx:1.4.0) with DexingOutputSplitTransform
Transforming kotlin-stdlib-jdk8-1.8.20.jar (org.jetbrains.kotlin:kotlin-stdlib-jdk8:1.8.20) with IdentityTransform
Transforming kotlin-stdlib-jdk8-1.8.20.jar (org.jetbrains.kotlin:kotlin-stdlib-jdk8:1.8.20) with IdentityTransform
Transforming kotlin-stdlib-jdk8-1.8.20.jar (org.jetbrains.kotlin:kotlin-stdlib-jdk8:1.8.20) with DexingNoClasspathTransform
Transforming kotlin-stdlib-jdk8-1.8.20.jar (org.jetbrains.kotlin:kotlin-stdlib-jdk8:1.8.20) with DexingOutputSplitTransform
Transforming kotlin-stdlib-jdk7-1.8.20.jar (org.jetbrains.kotlin:kotlin-stdlib-jdk7:1.8.20) with IdentityTransform
Transforming kotlin-stdlib-jdk7-1.8.20.jar (org.jetbrains.kotlin:kotlin-stdlib-jdk7:1.8.20) with IdentityTransform
Transforming kotlin-stdlib-jdk7-1.8.20.jar (org.jetbrains.kotlin:kotlin-stdlib-jdk7:1.8.20) with DexingNoClasspathTransform
Transforming kotlin-stdlib-jdk7-1.8.20.jar (org.jetbrains.kotlin:kotlin-stdlib-jdk7:1.8.20) with DexingOutputSplitTransform
Transforming kotlin-stdlib-1.9.23.jar (org.jetbrains.kotlin:kotlin-stdlib:1.9.23) with IdentityTransform
Transforming kotlin-stdlib-1.9.23.jar (org.jetbrains.kotlin:kotlin-stdlib:1.9.23) with IdentityTransform
Transforming kotlin-stdlib-1.9.23.jar (org.jetbrains.kotlin:kotlin-stdlib:1.9.23) with DexingNoClasspathTransform
Transforming kotlin-stdlib-1.9.23.jar (org.jetbrains.kotlin:kotlin-stdlib:1.9.23) with DexingOutputSplitTransform
Transforming jose4j-0.9.6.jar (org.bitbucket.b_c:jose4j:0.9.6) with IdentityTransform
Transforming jose4j-0.9.6.jar (org.bitbucket.b_c:jose4j:0.9.6) with IdentityTransform
Transforming jose4j-0.9.6.jar (org.bitbucket.b_c:jose4j:0.9.6) with DexingNoClasspathTransform
Transforming jose4j-0.9.6.jar (org.bitbucket.b_c:jose4j:0.9.6) with DexingOutputSplitTransform
Transforming jdom2-2.0.6.1.jar (org.jdom:jdom2:2.0.6.1) with IdentityTransform
Transforming jdom2-2.0.6.1.jar (org.jdom:jdom2:2.0.6.1) with IdentityTransform
Transforming jdom2-2.0.6.1.jar (org.jdom:jdom2:2.0.6.1) with DexingNoClasspathTransform
Transforming jdom2-2.0.6.1.jar (org.jdom:jdom2:2.0.6.1) with DexingOutputSplitTransform
Transforming commons-io-2.14.0.jar (commons-io:commons-io:2.14.0) with IdentityTransform
Transforming commons-io-2.14.0.jar (commons-io:commons-io:2.14.0) with IdentityTransform
Transforming commons-io-2.14.0.jar (commons-io:commons-io:2.14.0) with DexingNoClasspathTransform
Transforming commons-io-2.14.0.jar (commons-io:commons-io:2.14.0) with DexingOutputSplitTransform
Transforming protobuf-java-3.25.5.jar (com.google.protobuf:protobuf-java:3.25.5) with IdentityTransform
Transforming protobuf-java-3.25.5.jar (com.google.protobuf:protobuf-java:3.25.5) with IdentityTransform
Transforming protobuf-java-3.25.5.jar (com.google.protobuf:protobuf-java:3.25.5) with DexingNoClasspathTransform
Transforming protobuf-java-3.25.5.jar (com.google.protobuf:protobuf-java:3.25.5) with DexingOutputSplitTransform
Transforming google-auth-library-oauth2-http-1.46.0.jar (com.google.auth:google-auth-library-oauth2-http:1.46.0) with IdentityTransform
Transforming google-auth-library-oauth2-http-1.46.0.jar (com.google.auth:google-auth-library-oauth2-http:1.46.0) with IdentityTransform
Transforming google-auth-library-oauth2-http-1.46.0.jar (com.google.auth:google-auth-library-oauth2-http:1.46.0) with DexingNoClasspathTransform
Transforming google-auth-library-oauth2-http-1.46.0.jar (com.google.auth:google-auth-library-oauth2-http:1.46.0) with DexingOutputSplitTransform
Transforming google-api-services-drive-v3-rev20230822-2.0.0.jar (com.google.apis:google-api-services-drive:v3-rev20230822-2.0.0) with IdentityTransform
Transforming google-api-services-drive-v3-rev20230822-2.0.0.jar (com.google.apis:google-api-services-drive:v3-rev20230822-2.0.0) with IdentityTransform
Transforming google-api-services-drive-v3-rev20230822-2.0.0.jar (com.google.apis:google-api-services-drive:v3-rev20230822-2.0.0) with DexingNoClasspathTransform
Transforming google-api-services-drive-v3-rev20230822-2.0.0.jar (com.google.apis:google-api-services-drive:v3-rev20230822-2.0.0) with DexingOutputSplitTransform
Transforming google-api-client-2.2.0.jar (com.google.api-client:google-api-client:2.2.0) with IdentityTransform
Transforming google-api-client-2.2.0.jar (com.google.api-client:google-api-client:2.2.0) with IdentityTransform
Transforming google-api-client-2.2.0.jar (com.google.api-client:google-api-client:2.2.0) with DexingNoClasspathTransform
Transforming google-api-client-2.2.0.jar (com.google.api-client:google-api-client:2.2.0) with DexingOutputSplitTransform
Transforming google-api-client-android-2.0.0.jar (com.google.api-client:google-api-client-android:2.0.0) with IdentityTransform
Transforming google-api-client-android-2.0.0.jar (com.google.api-client:google-api-client-android:2.0.0) with IdentityTransform
Transforming google-api-client-android-2.0.0.jar (com.google.api-client:google-api-client-android:2.0.0) with DexingNoClasspathTransform
Transforming google-api-client-android-2.0.0.jar (com.google.api-client:google-api-client-android:2.0.0) with DexingOutputSplitTransform
Transforming google-oauth-client-1.34.1.jar (com.google.oauth-client:google-oauth-client:1.34.1) with IdentityTransform
Transforming google-oauth-client-1.34.1.jar (com.google.oauth-client:google-oauth-client:1.34.1) with IdentityTransform
Transforming google-oauth-client-1.34.1.jar (com.google.oauth-client:google-oauth-client:1.34.1) with DexingNoClasspathTransform
Transforming google-oauth-client-1.34.1.jar (com.google.oauth-client:google-oauth-client:1.34.1) with DexingOutputSplitTransform
Transforming google-http-client-gson-2.1.0.jar (com.google.http-client:google-http-client-gson:2.1.0) with IdentityTransform
Transforming google-http-client-gson-2.1.0.jar (com.google.http-client:google-http-client-gson:2.1.0) with IdentityTransform
Transforming google-http-client-gson-2.1.0.jar (com.google.http-client:google-http-client-gson:2.1.0) with DexingNoClasspathTransform
Transforming google-http-client-gson-2.1.0.jar (com.google.http-client:google-http-client-gson:2.1.0) with DexingOutputSplitTransform
Transforming google-http-client-apache-v2-1.42.3.jar (com.google.http-client:google-http-client-apache-v2:1.42.3) with IdentityTransform
Transforming google-http-client-apache-v2-1.42.3.jar (com.google.http-client:google-http-client-apache-v2:1.42.3) with IdentityTransform
Transforming google-http-client-apache-v2-1.42.3.jar (com.google.http-client:google-http-client-apache-v2:1.42.3) with DexingNoClasspathTransform
Transforming google-http-client-apache-v2-1.42.3.jar (com.google.http-client:google-http-client-apache-v2:1.42.3) with DexingOutputSplitTransform
Transforming google-http-client-2.1.0.jar (com.google.http-client:google-http-client:2.1.0) with IdentityTransform
Transforming google-http-client-2.1.0.jar (com.google.http-client:google-http-client:2.1.0) with IdentityTransform
Transforming google-http-client-2.1.0.jar (com.google.http-client:google-http-client:2.1.0) with DexingNoClasspathTransform
Transforming google-http-client-2.1.0.jar (com.google.http-client:google-http-client:2.1.0) with DexingOutputSplitTransform
Transforming api-common-2.53.0.jar (com.google.api:api-common:2.53.0) with IdentityTransform
Transforming api-common-2.53.0.jar (com.google.api:api-common:2.53.0) with IdentityTransform
Transforming api-common-2.53.0.jar (com.google.api:api-common:2.53.0) with DexingNoClasspathTransform
Transforming api-common-2.53.0.jar (com.google.api:api-common:2.53.0) with DexingOutputSplitTransform
Transforming opencensus-contrib-http-util-0.31.1.jar (io.opencensus:opencensus-contrib-http-util:0.31.1) with IdentityTransform
Transforming opencensus-contrib-http-util-0.31.1.jar (io.opencensus:opencensus-contrib-http-util:0.31.1) with IdentityTransform
Transforming opencensus-contrib-http-util-0.31.1.jar (io.opencensus:opencensus-contrib-http-util:0.31.1) with DexingNoClasspathTransform
Transforming opencensus-contrib-http-util-0.31.1.jar (io.opencensus:opencensus-contrib-http-util:0.31.1) with DexingOutputSplitTransform
Transforming guava-33.6.0-android.jar (com.google.guava:guava:33.6.0-jre) with IdentityTransform
Transforming guava-33.6.0-android.jar (com.google.guava:guava:33.6.0-jre) with IdentityTransform
Transforming guava-33.6.0-android.jar (com.google.guava:guava:33.6.0-jre) with DexingNoClasspathTransform
Transforming guava-33.6.0-android.jar (com.google.guava:guava:33.6.0-jre) with DexingOutputSplitTransform
Transforming netty-codec-http2-4.1.132.Final.jar (io.netty:netty-codec-http2:4.1.132.Final) with IdentityTransform
Transforming netty-codec-http2-4.1.132.Final.jar (io.netty:netty-codec-http2:4.1.132.Final) with IdentityTransform
Transforming netty-codec-http2-4.1.132.Final.jar (io.netty:netty-codec-http2:4.1.132.Final) with DexingNoClasspathTransform
Transforming netty-codec-http2-4.1.132.Final.jar (io.netty:netty-codec-http2:4.1.132.Final) with DexingOutputSplitTransform
Transforming netty-codec-http-4.1.132.Final.jar (io.netty:netty-codec-http:4.1.132.Final) with IdentityTransform
Transforming netty-codec-http-4.1.132.Final.jar (io.netty:netty-codec-http:4.1.132.Final) with IdentityTransform
Transforming netty-codec-http-4.1.132.Final.jar (io.netty:netty-codec-http:4.1.132.Final) with DexingNoClasspathTransform
Transforming netty-codec-http-4.1.132.Final.jar (io.netty:netty-codec-http:4.1.132.Final) with DexingOutputSplitTransform
Transforming netty-handler-4.1.132.Final.jar (io.netty:netty-handler:4.1.132.Final) with IdentityTransform
Transforming netty-handler-4.1.132.Final.jar (io.netty:netty-handler:4.1.132.Final) with IdentityTransform
Transforming netty-handler-4.1.132.Final.jar (io.netty:netty-handler:4.1.132.Final) with DexingNoClasspathTransform
Transforming netty-handler-4.1.132.Final.jar (io.netty:netty-handler:4.1.132.Final) with DexingOutputSplitTransform
Transforming netty-codec-4.1.132.Final.jar (io.netty:netty-codec:4.1.132.Final) with IdentityTransform
Transforming netty-codec-4.1.132.Final.jar (io.netty:netty-codec:4.1.132.Final) with IdentityTransform
Transforming netty-codec-4.1.132.Final.jar (io.netty:netty-codec:4.1.132.Final) with DexingNoClasspathTransform
Transforming netty-codec-4.1.132.Final.jar (io.netty:netty-codec:4.1.132.Final) with DexingOutputSplitTransform
Transforming netty-transport-native-unix-common-4.1.132.Final.jar (io.netty:netty-transport-native-unix-common:4.1.132.Final) with IdentityTransform
Transforming netty-transport-native-unix-common-4.1.132.Final.jar (io.netty:netty-transport-native-unix-common:4.1.132.Final) with IdentityTransform
Transforming netty-transport-native-unix-common-4.1.132.Final.jar (io.netty:netty-transport-native-unix-common:4.1.132.Final) with DexingNoClasspathTransform
Transforming netty-transport-native-unix-common-4.1.132.Final.jar (io.netty:netty-transport-native-unix-common:4.1.132.Final) with DexingOutputSplitTransform
Transforming netty-transport-4.1.132.Final.jar (io.netty:netty-transport:4.1.132.Final) with IdentityTransform
Transforming netty-transport-4.1.132.Final.jar (io.netty:netty-transport:4.1.132.Final) with IdentityTransform
Transforming netty-transport-4.1.132.Final.jar (io.netty:netty-transport:4.1.132.Final) with DexingNoClasspathTransform
Transforming netty-transport-4.1.132.Final.jar (io.netty:netty-transport:4.1.132.Final) with DexingOutputSplitTransform
Transforming netty-buffer-4.1.132.Final.jar (io.netty:netty-buffer:4.1.132.Final) with IdentityTransform
Transforming netty-buffer-4.1.132.Final.jar (io.netty:netty-buffer:4.1.132.Final) with IdentityTransform
Transforming netty-buffer-4.1.132.Final.jar (io.netty:netty-buffer:4.1.132.Final) with DexingNoClasspathTransform
Transforming netty-buffer-4.1.132.Final.jar (io.netty:netty-buffer:4.1.132.Final) with DexingOutputSplitTransform
Transforming netty-resolver-4.1.132.Final.jar (io.netty:netty-resolver:4.1.132.Final) with IdentityTransform
Transforming netty-resolver-4.1.132.Final.jar (io.netty:netty-resolver:4.1.132.Final) with IdentityTransform
Transforming netty-resolver-4.1.132.Final.jar (io.netty:netty-resolver:4.1.132.Final) with DexingNoClasspathTransform
Transforming netty-resolver-4.1.132.Final.jar (io.netty:netty-resolver:4.1.132.Final) with DexingOutputSplitTransform
Transforming netty-common-4.1.132.Final.jar (io.netty:netty-common:4.1.132.Final) with IdentityTransform
Transforming netty-common-4.1.132.Final.jar (io.netty:netty-common:4.1.132.Final) with IdentityTransform
Transforming netty-common-4.1.132.Final.jar (io.netty:netty-common:4.1.132.Final) with DexingNoClasspathTransform
Transforming netty-common-4.1.132.Final.jar (io.netty:netty-common:4.1.132.Final) with DexingOutputSplitTransform
Transforming commons-net-3.10.0.jar (commons-net:commons-net:3.10.0) with IdentityTransform
Transforming commons-net-3.10.0.jar (commons-net:commons-net:3.10.0) with IdentityTransform
Transforming commons-net-3.10.0.jar (commons-net:commons-net:3.10.0) with DexingNoClasspathTransform
Transforming commons-net-3.10.0.jar (commons-net:commons-net:3.10.0) with DexingOutputSplitTransform
Transforming sshj-0.40.0.jar (com.hierynomus:sshj:0.40.0) with IdentityTransform
Transforming sshj-0.40.0.jar (com.hierynomus:sshj:0.40.0) with IdentityTransform
Transforming sshj-0.40.0.jar (com.hierynomus:sshj:0.40.0) with DexingNoClasspathTransform
Transforming sshj-0.40.0.jar (com.hierynomus:sshj:0.40.0) with DexingOutputSplitTransform
Transforming slf4j-nop-2.0.12.jar (org.slf4j:slf4j-nop:2.0.12) with IdentityTransform
Transforming slf4j-nop-2.0.12.jar (org.slf4j:slf4j-nop:2.0.12) with IdentityTransform
Transforming slf4j-nop-2.0.12.jar (org.slf4j:slf4j-nop:2.0.12) with DexingNoClasspathTransform
Transforming slf4j-nop-2.0.12.jar (org.slf4j:slf4j-nop:2.0.12) with DexingOutputSplitTransform
Transforming bcpkix-jdk18on-1.84.jar (org.bouncycastle:bcpkix-jdk18on:1.84) with IdentityTransform
Transforming bcpkix-jdk18on-1.84.jar (org.bouncycastle:bcpkix-jdk18on:1.84) with IdentityTransform
Transforming bcpkix-jdk18on-1.84.jar (org.bouncycastle:bcpkix-jdk18on:1.84) with DexingNoClasspathTransform
Transforming bcpkix-jdk18on-1.84.jar (org.bouncycastle:bcpkix-jdk18on:1.84) with DexingOutputSplitTransform
Transforming bcutil-jdk18on-1.84.jar (org.bouncycastle:bcutil-jdk18on:1.84) with IdentityTransform
Transforming bcutil-jdk18on-1.84.jar (org.bouncycastle:bcutil-jdk18on:1.84) with IdentityTransform
Transforming bcutil-jdk18on-1.84.jar (org.bouncycastle:bcutil-jdk18on:1.84) with DexingNoClasspathTransform
Transforming bcutil-jdk18on-1.84.jar (org.bouncycastle:bcutil-jdk18on:1.84) with DexingOutputSplitTransform
Transforming bcprov-jdk18on-1.84.jar (org.bouncycastle:bcprov-jdk18on:1.84) with IdentityTransform
Transforming bcprov-jdk18on-1.84.jar (org.bouncycastle:bcprov-jdk18on:1.84) with IdentityTransform
Transforming bcprov-jdk18on-1.84.jar (org.bouncycastle:bcprov-jdk18on:1.84) with DexingNoClasspathTransform
Transforming bcprov-jdk18on-1.84.jar (org.bouncycastle:bcprov-jdk18on:1.84) with DexingOutputSplitTransform
Transforming annotations-23.0.0.jar (org.jetbrains:annotations:23.0.0) with IdentityTransform
Transforming annotations-23.0.0.jar (org.jetbrains:annotations:23.0.0) with IdentityTransform
Transforming annotations-23.0.0.jar (org.jetbrains:annotations:23.0.0) with DexingNoClasspathTransform
Transforming annotations-23.0.0.jar (org.jetbrains:annotations:23.0.0) with DexingOutputSplitTransform
Transforming slf4j-api-2.0.17.jar (org.slf4j:slf4j-api:2.0.17) with IdentityTransform
Transforming slf4j-api-2.0.17.jar (org.slf4j:slf4j-api:2.0.17) with IdentityTransform
Transforming slf4j-api-2.0.17.jar (org.slf4j:slf4j-api:2.0.17) with DexingNoClasspathTransform
Transforming slf4j-api-2.0.17.jar (org.slf4j:slf4j-api:2.0.17) with DexingOutputSplitTransform
Transforming failureaccess-1.0.3.jar (com.google.guava:failureaccess:1.0.3) with IdentityTransform
Transforming failureaccess-1.0.3.jar (com.google.guava:failureaccess:1.0.3) with IdentityTransform
Transforming asn-one-0.6.0.jar (com.hierynomus:asn-one:0.6.0) with IdentityTransform
Transforming failureaccess-1.0.3.jar (com.google.guava:failureaccess:1.0.3) with DexingNoClasspathTransform
Transforming failureaccess-1.0.3.jar (com.google.guava:failureaccess:1.0.3) with DexingOutputSplitTransform
Transforming asn-one-0.6.0.jar (com.hierynomus:asn-one:0.6.0) with IdentityTransform
Transforming jspecify-1.0.0.jar (org.jspecify:jspecify:1.0.0) with IdentityTransform
Transforming asn-one-0.6.0.jar (com.hierynomus:asn-one:0.6.0) with DexingNoClasspathTransform
Transforming jspecify-1.0.0.jar (org.jspecify:jspecify:1.0.0) with IdentityTransform
Transforming asn-one-0.6.0.jar (com.hierynomus:asn-one:0.6.0) with DexingOutputSplitTransform
Transforming jspecify-1.0.0.jar (org.jspecify:jspecify:1.0.0) with DexingNoClasspathTransform
Transforming jspecify-1.0.0.jar (org.jspecify:jspecify:1.0.0) with DexingOutputSplitTransform
Transforming gson-2.12.1.jar (com.google.code.gson:gson:2.12.1) with IdentityTransform
Transforming gson-2.12.1.jar (com.google.code.gson:gson:2.12.1) with IdentityTransform
Transforming gson-2.12.1.jar (com.google.code.gson:gson:2.12.1) with DexingNoClasspathTransform
Transforming gson-2.12.1.jar (com.google.code.gson:gson:2.12.1) with DexingOutputSplitTransform
Transforming error_prone_annotations-2.47.0.jar (com.google.errorprone:error_prone_annotations:2.47.0) with IdentityTransform
Transforming error_prone_annotations-2.47.0.jar (com.google.errorprone:error_prone_annotations:2.47.0) with IdentityTransform
Transforming error_prone_annotations-2.47.0.jar (com.google.errorprone:error_prone_annotations:2.47.0) with DexingNoClasspathTransform
Transforming error_prone_annotations-2.47.0.jar (com.google.errorprone:error_prone_annotations:2.47.0) with DexingOutputSplitTransform
Transforming j2objc-annotations-3.1.jar (com.google.j2objc:j2objc-annotations:3.1) with IdentityTransform
Transforming j2objc-annotations-3.1.jar (com.google.j2objc:j2objc-annotations:3.1) with IdentityTransform
Transforming j2objc-annotations-3.1.jar (com.google.j2objc:j2objc-annotations:3.1) with DexingNoClasspathTransform
Transforming j2objc-annotations-3.1.jar (com.google.j2objc:j2objc-annotations:3.1) with DexingOutputSplitTransform
Transforming terminal-emulator-v0.118.3.aar (com.github.termux.termux-app:terminal-emulator:v0.118.3) with AarToClassTransform
Transforming terminal-emulator-v0.118.3.aar (com.github.termux.termux-app:terminal-emulator:v0.118.3) with IdentityTransform
Transforming terminal-emulator-v0.118.3.aar (com.github.termux.termux-app:terminal-emulator:v0.118.3) with DexingNoClasspathTransform
Transforming terminal-emulator-v0.118.3.aar (com.github.termux.termux-app:terminal-emulator:v0.118.3) with DexingOutputSplitTransform
Transforming hiddenapibypass-6.1.aar (org.lsposed.hiddenapibypass:hiddenapibypass:6.1) with AarToClassTransform
Transforming hiddenapibypass-6.1.aar (org.lsposed.hiddenapibypass:hiddenapibypass:6.1) with IdentityTransform
Transforming hiddenapibypass-6.1.aar (org.lsposed.hiddenapibypass:hiddenapibypass:6.1) with DexingNoClasspathTransform
Transforming hiddenapibypass-6.1.aar (org.lsposed.hiddenapibypass:hiddenapibypass:6.1) with DexingOutputSplitTransform
Transforming auto-value-annotations-1.11.0.jar (com.google.auto.value:auto-value-annotations:1.11.0) with IdentityTransform
Transforming auto-value-annotations-1.11.0.jar (com.google.auto.value:auto-value-annotations:1.11.0) with IdentityTransform
Transforming auto-value-annotations-1.11.0.jar (com.google.auto.value:auto-value-annotations:1.11.0) with DexingNoClasspathTransform
Transforming auto-value-annotations-1.11.0.jar (com.google.auto.value:auto-value-annotations:1.11.0) with DexingOutputSplitTransform
Transforming jsr305-3.0.2.jar (com.google.code.findbugs:jsr305:3.0.2) with IdentityTransform
Transforming jsr305-3.0.2.jar (com.google.code.findbugs:jsr305:3.0.2) with IdentityTransform
Transforming jsr305-3.0.2.jar (com.google.code.findbugs:jsr305:3.0.2) with DexingNoClasspathTransform
Transforming jsr305-3.0.2.jar (com.google.code.findbugs:jsr305:3.0.2) with DexingOutputSplitTransform
Transforming google-auth-library-credentials-1.46.0.jar (com.google.auth:google-auth-library-credentials:1.46.0) with IdentityTransform
Transforming google-auth-library-credentials-1.46.0.jar (com.google.auth:google-auth-library-credentials:1.46.0) with IdentityTransform
Transforming google-auth-library-credentials-1.46.0.jar (com.google.auth:google-auth-library-credentials:1.46.0) with DexingNoClasspathTransform
Transforming google-auth-library-credentials-1.46.0.jar (com.google.auth:google-auth-library-credentials:1.46.0) with DexingOutputSplitTransform
Transforming tink-android-1.8.0.jar (com.google.crypto.tink:tink-android:1.8.0) with IdentityTransform
Transforming tink-android-1.8.0.jar (com.google.crypto.tink:tink-android:1.8.0) with IdentityTransform
Transforming tink-android-1.8.0.jar (com.google.crypto.tink:tink-android:1.8.0) with DexingNoClasspathTransform
Transforming tink-android-1.8.0.jar (com.google.crypto.tink:tink-android:1.8.0) with DexingOutputSplitTransform
Transforming httpclient-4.5.14.jar (org.apache.httpcomponents:httpclient:4.5.14) with IdentityTransform
Transforming httpclient-4.5.14.jar (org.apache.httpcomponents:httpclient:4.5.14) with IdentityTransform
Transforming httpclient-4.5.14.jar (org.apache.httpcomponents:httpclient:4.5.14) with DexingNoClasspathTransform
Transforming httpclient-4.5.14.jar (org.apache.httpcomponents:httpclient:4.5.14) with DexingOutputSplitTransform
Transforming commons-codec-1.15.jar (commons-codec:commons-codec:1.15) with IdentityTransform
Transforming commonmark-0.13.0.jar (com.atlassian.commonmark:commonmark:0.13.0) with IdentityTransform
Transforming commons-codec-1.15.jar (commons-codec:commons-codec:1.15) with IdentityTransform
Transforming commons-codec-1.15.jar (commons-codec:commons-codec:1.15) with DexingNoClasspathTransform
Transforming commonmark-0.13.0.jar (com.atlassian.commonmark:commonmark:0.13.0) with IdentityTransform
Transforming commonmark-0.13.0.jar (com.atlassian.commonmark:commonmark:0.13.0) with DexingNoClasspathTransform
Transforming commonmark-0.13.0.jar (com.atlassian.commonmark:commonmark:0.13.0) with DexingOutputSplitTransform
Transforming commons-codec-1.15.jar (commons-codec:commons-codec:1.15) with DexingOutputSplitTransform
Transforming httpcore-4.4.16.jar (org.apache.httpcomponents:httpcore:4.4.16) with IdentityTransform
Transforming httpcore-4.4.16.jar (org.apache.httpcomponents:httpcore:4.4.16) with IdentityTransform
Transforming httpcore-4.4.16.jar (org.apache.httpcomponents:httpcore:4.4.16) with DexingNoClasspathTransform
Transforming httpcore-4.4.16.jar (org.apache.httpcomponents:httpcore:4.4.16) with DexingOutputSplitTransform
Transforming opencensus-api-0.31.1.jar (io.opencensus:opencensus-api:0.31.1) with IdentityTransform
Transforming opencensus-api-0.31.1.jar (io.opencensus:opencensus-api:0.31.1) with IdentityTransform
Transforming opencensus-api-0.31.1.jar (io.opencensus:opencensus-api:0.31.1) with DexingNoClasspathTransform
Transforming opencensus-api-0.31.1.jar (io.opencensus:opencensus-api:0.31.1) with DexingOutputSplitTransform
Transforming grpc-context-1.70.0.jar (io.grpc:grpc-context:1.70.0) with IdentityTransform
Transforming grpc-context-1.70.0.jar (io.grpc:grpc-context:1.70.0) with IdentityTransform
Transforming grpc-context-1.70.0.jar (io.grpc:grpc-context:1.70.0) with DexingNoClasspathTransform
Transforming grpc-context-1.70.0.jar (io.grpc:grpc-context:1.70.0) with DexingOutputSplitTransform
Transforming javax.annotation-api-1.3.2.jar (javax.annotation:javax.annotation-api:1.3.2) with IdentityTransform
Transforming javax.annotation-api-1.3.2.jar (javax.annotation:javax.annotation-api:1.3.2) with IdentityTransform
Transforming javax.annotation-api-1.3.2.jar (javax.annotation:javax.annotation-api:1.3.2) with DexingNoClasspathTransform
Transforming javax.annotation-api-1.3.2.jar (javax.annotation:javax.annotation-api:1.3.2) with DexingOutputSplitTransform
Transforming javax.inject-1.jar (javax.inject:javax.inject:1) with IdentityTransform
Transforming javax.inject-1.jar (javax.inject:javax.inject:1) with IdentityTransform
Transforming javax.inject-1.jar (javax.inject:javax.inject:1) with DexingNoClasspathTransform
Transforming javax.inject-1.jar (javax.inject:javax.inject:1) with DexingOutputSplitTransform
Transforming constraintlayout-solver-2.0.1.jar (androidx.constraintlayout:constraintlayout-solver:2.0.1) with IdentityTransform
Transforming grpc-api-1.70.0.jar (io.grpc:grpc-api:1.70.0) with IdentityTransform
Transforming constraintlayout-solver-2.0.1.jar (androidx.constraintlayout:constraintlayout-solver:2.0.1) with IdentityTransform
Transforming grpc-api-1.70.0.jar (io.grpc:grpc-api:1.70.0) with IdentityTransform
Transforming constraintlayout-solver-2.0.1.jar (androidx.constraintlayout:constraintlayout-solver:2.0.1) with DexingNoClasspathTransform
Transforming grpc-api-1.70.0.jar (io.grpc:grpc-api:1.70.0) with DexingNoClasspathTransform
Transforming constraintlayout-solver-2.0.1.jar (androidx.constraintlayout:constraintlayout-solver:2.0.1) with DexingOutputSplitTransform
Transforming grpc-api-1.70.0.jar (io.grpc:grpc-api:1.70.0) with DexingOutputSplitTransform
Transforming commonmark-ext-gfm-strikethrough-0.13.0.jar (com.atlassian.commonmark:commonmark-ext-gfm-strikethrough:0.13.0) with IdentityTransform
Transforming commonmark-ext-gfm-strikethrough-0.13.0.jar (com.atlassian.commonmark:commonmark-ext-gfm-strikethrough:0.13.0) with IdentityTransform
Transforming commonmark-ext-gfm-strikethrough-0.13.0.jar (com.atlassian.commonmark:commonmark-ext-gfm-strikethrough:0.13.0) with DexingNoClasspathTransform
Transforming commonmark-ext-gfm-strikethrough-0.13.0.jar (com.atlassian.commonmark:commonmark-ext-gfm-strikethrough:0.13.0) with DexingOutputSplitTransform
Caching disabled for task ':app:mergeDebugGlobalSynthetics' because:
  Build cache is disabled
Skipping task ':app:mergeDebugGlobalSynthetics' as it is up-to-date.
Resolve mutations for :app:processDebugJavaRes (Thread[#15972,Execution worker Thread 9,5,main]) started.
:app:processDebugJavaRes (Thread[#15972,Execution worker Thread 9,5,main]) started.

> Task :app:processDebugJavaRes UP-TO-DATE
file or directory '/home/adamoutler/git/ssh/app/src/main/resources', not found
file or directory '/home/adamoutler/git/ssh/app/src/debug/resources', not found
file or directory '/home/adamoutler/git/ssh/app/src/main/resources', not found
file or directory '/home/adamoutler/git/ssh/app/src/debug/resources', not found
Caching disabled for task ':app:processDebugJavaRes' because:
  Build cache is disabled
  Caching has been disabled for the task
Skipping task ':app:processDebugJavaRes' as it is up-to-date.
Resolve mutations for :app:mergeDebugJavaResource (Thread[#15972,Execution worker Thread 9,5,main]) started.
:app:mergeDebugJavaResource (Thread[#15972,Execution worker Thread 9,5,main]) started.

> Task :app:mergeDebugJavaResource UP-TO-DATE
Transforming termux-shared-v0.118.3.aar (com.github.termux.termux-app:termux-shared:v0.118.3) with ExtractAarTransform
Transforming termux-shared-v0.118.3.aar (com.github.termux.termux-app:termux-shared:v0.118.3) with AarTransform
Transforming material-1.4.0.aar (com.google.android.material:material:1.4.0) with ExtractAarTransform
Transforming material-1.4.0.aar (com.google.android.material:material:1.4.0) with AarTransform
Transforming constraintlayout-2.0.1.aar (androidx.constraintlayout:constraintlayout:2.0.1) with ExtractAarTransform
Transforming constraintlayout-2.0.1.aar (androidx.constraintlayout:constraintlayout:2.0.1) with AarTransform
Transforming appcompat-1.3.1.aar (androidx.appcompat:appcompat:1.3.1) with ExtractAarTransform
Transforming appcompat-1.3.1.aar (androidx.appcompat:appcompat:1.3.1) with AarTransform
Transforming window-1.0.0-alpha09.aar (androidx.window:window:1.0.0-alpha09) with ExtractAarTransform
Transforming window-1.0.0-alpha09.aar (androidx.window:window:1.0.0-alpha09) with AarTransform
Transforming googleid-1.1.0.aar (com.google.android.libraries.identity.googleid:googleid:1.1.0) with ExtractAarTransform
Transforming googleid-1.1.0.aar (com.google.android.libraries.identity.googleid:googleid:1.1.0) with AarTransform
Transforming credentials-1.2.1.aar (androidx.credentials:credentials:1.2.1) with ExtractAarTransform
Transforming credentials-1.2.1.aar (androidx.credentials:credentials:1.2.1) with AarTransform
Transforming credentials-1.2.1.aar (androidx.credentials:credentials:1.2.1) with ExtractAarTransform
Transforming credentials-1.2.1.aar (androidx.credentials:credentials:1.2.1) with AarTransform
Transforming credentials-play-services-auth-1.2.1.aar (androidx.credentials:credentials-play-services-auth:1.2.1) with ExtractAarTransform
Transforming credentials-play-services-auth-1.2.1.aar (androidx.credentials:credentials-play-services-auth:1.2.1) with AarTransform
Transforming play-services-auth-21.1.1.aar (com.google.android.gms:play-services-auth:21.1.1) with ExtractAarTransform
Transforming play-services-auth-21.1.1.aar (com.google.android.gms:play-services-auth:21.1.1) with AarTransform
Transforming billing-ktx-6.2.0.aar (com.android.billingclient:billing-ktx:6.2.0) with ExtractAarTransform
Transforming billing-ktx-6.2.0.aar (com.android.billingclient:billing-ktx:6.2.0) with AarTransform
Transforming billing-6.2.0.aar (com.android.billingclient:billing:6.2.0) with ExtractAarTransform
Transforming billing-6.2.0.aar (com.android.billingclient:billing:6.2.0) with AarTransform
Transforming play-services-fido-20.1.0.aar (com.google.android.gms:play-services-fido:20.1.0) with ExtractAarTransform
Transforming play-services-fido-20.1.0.aar (com.google.android.gms:play-services-fido:20.1.0) with AarTransform
Transforming play-services-fido-20.1.0.aar (com.google.android.gms:play-services-fido:20.1.0) with ExtractAarTransform
Transforming play-services-fido-20.1.0.aar (com.google.android.gms:play-services-fido:20.1.0) with AarTransform
Transforming play-services-auth-api-phone-18.0.2.aar (com.google.android.gms:play-services-auth-api-phone:18.0.2) with ExtractAarTransform
Transforming play-services-auth-api-phone-18.0.2.aar (com.google.android.gms:play-services-auth-api-phone:18.0.2) with AarTransform
Transforming play-services-auth-base-18.0.10.aar (com.google.android.gms:play-services-auth-base:18.0.10) with ExtractAarTransform
Transforming play-services-auth-base-18.0.10.aar (com.google.android.gms:play-services-auth-base:18.0.10) with AarTransform
Transforming play-services-location-19.0.0.aar (com.google.android.gms:play-services-location:19.0.0) with ExtractAarTransform
Transforming play-services-location-19.0.0.aar (com.google.android.gms:play-services-location:19.0.0) with AarTransform
Transforming play-services-base-18.3.0.aar (com.google.android.gms:play-services-base:18.3.0) with ExtractAarTransform
Transforming play-services-base-18.3.0.aar (com.google.android.gms:play-services-base:18.3.0) with AarTransform
Transforming play-services-tasks-18.1.0.aar (com.google.android.gms:play-services-tasks:18.1.0) with ExtractAarTransform
Transforming play-services-tasks-18.1.0.aar (com.google.android.gms:play-services-tasks:18.1.0) with AarTransform
Transforming play-services-places-placereport-17.0.0.aar (com.google.android.gms:play-services-places-placereport:17.0.0) with ExtractAarTransform
Transforming play-services-places-placereport-17.0.0.aar (com.google.android.gms:play-services-places-placereport:17.0.0) with AarTransform
Transforming play-services-basement-18.3.0.aar (com.google.android.gms:play-services-basement:18.3.0) with ExtractAarTransform
Transforming play-services-basement-18.3.0.aar (com.google.android.gms:play-services-basement:18.3.0) with AarTransform
Transforming viewpager2-1.0.0.aar (androidx.viewpager2:viewpager2:1.0.0) with ExtractAarTransform
Transforming viewpager2-1.0.0.aar (androidx.viewpager2:viewpager2:1.0.0) with AarTransform
Transforming fragment-1.5.7.aar (androidx.fragment:fragment:1.5.7) with ExtractAarTransform
Transforming fragment-1.5.7.aar (androidx.fragment:fragment:1.5.7) with AarTransform
Transforming fragment-1.5.7.aar (androidx.fragment:fragment:1.5.7) with ExtractAarTransform
Transforming fragment-1.5.7.aar (androidx.fragment:fragment:1.5.7) with AarTransform
Transforming dynamicanimation-1.0.0.aar (androidx.dynamicanimation:dynamicanimation:1.0.0) with ExtractAarTransform
Transforming dynamicanimation-1.0.0.aar (androidx.dynamicanimation:dynamicanimation:1.0.0) with AarTransform
Transforming legacy-support-core-utils-1.0.0.aar (androidx.legacy:legacy-support-core-utils:1.0.0) with ExtractAarTransform
Transforming legacy-support-core-utils-1.0.0.aar (androidx.legacy:legacy-support-core-utils:1.0.0) with AarTransform
Transforming loader-1.1.0.aar (androidx.loader:loader:1.1.0) with ExtractAarTransform
Transforming loader-1.1.0.aar (androidx.loader:loader:1.1.0) with AarTransform
Transforming loader-1.1.0.aar (androidx.loader:loader:1.1.0) with ExtractAarTransform
Transforming loader-1.1.0.aar (androidx.loader:loader:1.1.0) with AarTransform
Transforming work-runtime-ktx-2.9.0.aar (androidx.work:work-runtime-ktx:2.9.0) with ExtractAarTransform
Transforming work-runtime-ktx-2.9.0.aar (androidx.work:work-runtime-ktx:2.9.0) with AarTransform
Transforming work-runtime-2.9.0.aar (androidx.work:work-runtime:2.9.0) with ExtractAarTransform
Transforming work-runtime-2.9.0.aar (androidx.work:work-runtime:2.9.0) with AarTransform
Transforming navigation-common-2.7.7.aar (androidx.navigation:navigation-common:2.7.7) with ExtractAarTransform
Transforming navigation-common-2.7.7.aar (androidx.navigation:navigation-common:2.7.7) with AarTransform
Transforming navigation-runtime-2.7.7.aar (androidx.navigation:navigation-runtime:2.7.7) with ExtractAarTransform
Transforming navigation-runtime-2.7.7.aar (androidx.navigation:navigation-runtime:2.7.7) with AarTransform
Transforming navigation-common-ktx-2.7.7.aar (androidx.navigation:navigation-common-ktx:2.7.7) with ExtractAarTransform
Transforming navigation-common-ktx-2.7.7.aar (androidx.navigation:navigation-common-ktx:2.7.7) with AarTransform
Transforming navigation-runtime-ktx-2.7.7.aar (androidx.navigation:navigation-runtime-ktx:2.7.7) with ExtractAarTransform
Transforming navigation-runtime-ktx-2.7.7.aar (androidx.navigation:navigation-runtime-ktx:2.7.7) with AarTransform
Transforming navigation-compose-2.7.7.aar (androidx.navigation:navigation-compose:2.7.7) with ExtractAarTransform
Transforming navigation-compose-2.7.7.aar (androidx.navigation:navigation-compose:2.7.7) with AarTransform
Transforming material3-release.aar (androidx.compose.material3:material3-android:1.2.1) with ExtractAarTransform
Transforming material3-release.aar (androidx.compose.material3:material3-android:1.2.1) with AarTransform
Transforming savedstate-ktx-1.2.1.aar (androidx.savedstate:savedstate-ktx:1.2.1) with ExtractAarTransform
Transforming savedstate-ktx-1.2.1.aar (androidx.savedstate:savedstate-ktx:1.2.1) with AarTransform
Transforming material-ripple-release.aar (androidx.compose.material:material-ripple-android:1.6.7) with ExtractAarTransform
Transforming material-ripple-release.aar (androidx.compose.material:material-ripple-android:1.6.7) with AarTransform
Transforming material-icons-core-release.aar (androidx.compose.material:material-icons-core-android:1.6.7) with ExtractAarTransform
Transforming material-icons-core-release.aar (androidx.compose.material:material-icons-core-android:1.6.7) with AarTransform
Transforming material-icons-extended-release.aar (androidx.compose.material:material-icons-extended-android:1.6.7) with ExtractAarTransform
Transforming material-icons-extended-release.aar (androidx.compose.material:material-icons-extended-android:1.6.7) with AarTransform
Transforming material-release.aar (androidx.compose.material:material-android:1.6.7) with ExtractAarTransform
Transforming material-release.aar (androidx.compose.material:material-android:1.6.7) with AarTransform
Transforming savedstate-1.2.1.aar (androidx.savedstate:savedstate:1.2.1) with ExtractAarTransform
Transforming savedstate-1.2.1.aar (androidx.savedstate:savedstate:1.2.1) with AarTransform
Transforming foundation-release.aar (androidx.compose.foundation:foundation-android:1.6.7) with ExtractAarTransform
Transforming foundation-release.aar (androidx.compose.foundation:foundation-android:1.6.7) with AarTransform
Transforming foundation-layout-release.aar (androidx.compose.foundation:foundation-layout-android:1.6.7) with ExtractAarTransform
Transforming foundation-layout-release.aar (androidx.compose.foundation:foundation-layout-android:1.6.7) with AarTransform
Transforming animation-core-release.aar (androidx.compose.animation:animation-core-android:1.6.7) with ExtractAarTransform
Transforming animation-core-release.aar (androidx.compose.animation:animation-core-android:1.6.7) with AarTransform
Transforming animation-release.aar (androidx.compose.animation:animation-android:1.6.7) with ExtractAarTransform
Transforming animation-release.aar (androidx.compose.animation:animation-android:1.6.7) with AarTransform
Transforming ui-tooling-data-release.aar (androidx.compose.ui:ui-tooling-data-android:1.6.7) with ExtractAarTransform
Transforming ui-tooling-data-release.aar (androidx.compose.ui:ui-tooling-data-android:1.6.7) with AarTransform
Transforming ui-unit-release.aar (androidx.compose.ui:ui-unit-android:1.6.7) with ExtractAarTransform
Transforming ui-unit-release.aar (androidx.compose.ui:ui-unit-android:1.6.7) with AarTransform
Transforming ui-geometry-release.aar (androidx.compose.ui:ui-geometry-android:1.6.7) with ExtractAarTransform
Transforming ui-geometry-release.aar (androidx.compose.ui:ui-geometry-android:1.6.7) with AarTransform
Transforming ui-util-release.aar (androidx.compose.ui:ui-util-android:1.6.7) with ExtractAarTransform
Transforming ui-util-release.aar (androidx.compose.ui:ui-util-android:1.6.7) with AarTransform
Transforming ui-tooling-preview-release.aar (androidx.compose.ui:ui-tooling-preview-android:1.6.7) with ExtractAarTransform
Transforming ui-tooling-preview-release.aar (androidx.compose.ui:ui-tooling-preview-android:1.6.7) with AarTransform
Transforming ui-graphics-release.aar (androidx.compose.ui:ui-graphics-android:1.6.7) with ExtractAarTransform
Transforming ui-graphics-release.aar (androidx.compose.ui:ui-graphics-android:1.6.7) with AarTransform
Transforming ui-text-release.aar (androidx.compose.ui:ui-text-android:1.6.7) with ExtractAarTransform
Transforming ui-text-release.aar (androidx.compose.ui:ui-text-android:1.6.7) with AarTransform
Transforming emoji2-1.3.0.aar (androidx.emoji2:emoji2:1.3.0) with ExtractAarTransform
Transforming emoji2-1.3.0.aar (androidx.emoji2:emoji2:1.3.0) with AarTransform
Transforming lifecycle-process-2.8.0.aar (androidx.lifecycle:lifecycle-process:2.8.0) with ExtractAarTransform
Transforming lifecycle-process-2.8.0.aar (androidx.lifecycle:lifecycle-process:2.8.0) with AarTransform
Transforming lifecycle-livedata-core-ktx-2.8.0.aar (androidx.lifecycle:lifecycle-livedata-core-ktx:2.8.0) with ExtractAarTransform
Transforming lifecycle-livedata-core-ktx-2.8.0.aar (androidx.lifecycle:lifecycle-livedata-core-ktx:2.8.0) with AarTransform
Transforming lifecycle-common-jvm-2.8.0.jar (androidx.lifecycle:lifecycle-common-jvm:2.8.0) with IdentityTransform
Transforming lifecycle-common-java8-2.8.0.jar (androidx.lifecycle:lifecycle-common-java8:2.8.0) with IdentityTransform
Transforming lifecycle-viewmodel-2.8.0.aar (androidx.lifecycle:lifecycle-viewmodel:2.8.0) with ExtractAarTransform
Transforming lifecycle-viewmodel-2.8.0.aar (androidx.lifecycle:lifecycle-viewmodel:2.8.0) with AarTransform
Transforming lifecycle-viewmodel-release.aar (androidx.lifecycle:lifecycle-viewmodel-android:2.8.0) with ExtractAarTransform
Transforming lifecycle-viewmodel-release.aar (androidx.lifecycle:lifecycle-viewmodel-android:2.8.0) with AarTransform
Transforming lifecycle-runtime-release.aar (androidx.lifecycle:lifecycle-runtime-android:2.8.0) with ExtractAarTransform
Transforming lifecycle-runtime-release.aar (androidx.lifecycle:lifecycle-runtime-android:2.8.0) with AarTransform
Transforming lifecycle-service-2.8.0.aar (androidx.lifecycle:lifecycle-service:2.8.0) with ExtractAarTransform
Transforming lifecycle-service-2.8.0.aar (androidx.lifecycle:lifecycle-service:2.8.0) with AarTransform
Transforming lifecycle-livedata-2.8.0.aar (androidx.lifecycle:lifecycle-livedata:2.8.0) with ExtractAarTransform
Transforming lifecycle-livedata-2.8.0.aar (androidx.lifecycle:lifecycle-livedata:2.8.0) with AarTransform
Transforming lifecycle-livedata-core-2.8.0.aar (androidx.lifecycle:lifecycle-livedata-core:2.8.0) with ExtractAarTransform
Transforming lifecycle-livedata-core-2.8.0.aar (androidx.lifecycle:lifecycle-livedata-core:2.8.0) with AarTransform
Transforming lifecycle-livedata-core-2.8.0.aar (androidx.lifecycle:lifecycle-livedata-core:2.8.0) with ExtractAarTransform
Transforming lifecycle-livedata-core-2.8.0.aar (androidx.lifecycle:lifecycle-livedata-core:2.8.0) with AarTransform
Transforming lifecycle-viewmodel-savedstate-2.8.0.aar (androidx.lifecycle:lifecycle-viewmodel-savedstate:2.8.0) with ExtractAarTransform
Transforming lifecycle-viewmodel-savedstate-2.8.0.aar (androidx.lifecycle:lifecycle-viewmodel-savedstate:2.8.0) with AarTransform
Transforming lifecycle-viewmodel-ktx-2.8.0.aar (androidx.lifecycle:lifecycle-viewmodel-ktx:2.8.0) with ExtractAarTransform
Transforming lifecycle-viewmodel-ktx-2.8.0.aar (androidx.lifecycle:lifecycle-viewmodel-ktx:2.8.0) with AarTransform
Transforming lifecycle-runtime-ktx-release.aar (androidx.lifecycle:lifecycle-runtime-ktx-android:2.8.0) with ExtractAarTransform
Transforming lifecycle-runtime-ktx-release.aar (androidx.lifecycle:lifecycle-runtime-ktx-android:2.8.0) with AarTransform
Transforming lifecycle-viewmodel-compose-release.aar (androidx.lifecycle:lifecycle-viewmodel-compose-android:2.8.0) with ExtractAarTransform
Transforming lifecycle-viewmodel-compose-release.aar (androidx.lifecycle:lifecycle-viewmodel-compose-android:2.8.0) with AarTransform
Transforming ui-release.aar (androidx.compose.ui:ui-android:1.6.7) with ExtractAarTransform
Transforming ui-release.aar (androidx.compose.ui:ui-android:1.6.7) with AarTransform
Transforming ui-test-manifest-1.6.7.aar (androidx.compose.ui:ui-test-manifest:1.6.7) with ExtractAarTransform
Transforming ui-test-manifest-1.6.7.aar (androidx.compose.ui:ui-test-manifest:1.6.7) with AarTransform
Transforming ui-tooling-release.aar (androidx.compose.ui:ui-tooling-android:1.6.7) with ExtractAarTransform
Transforming ui-tooling-release.aar (androidx.compose.ui:ui-tooling-android:1.6.7) with AarTransform
Transforming activity-compose-1.9.0.aar (androidx.activity:activity-compose:1.9.0) with ExtractAarTransform
Transforming activity-compose-1.9.0.aar (androidx.activity:activity-compose:1.9.0) with AarTransform
Transforming activity-ktx-1.9.0.aar (androidx.activity:activity-ktx:1.9.0) with ExtractAarTransform
Transforming activity-ktx-1.9.0.aar (androidx.activity:activity-ktx:1.9.0) with AarTransform
Transforming activity-1.9.0.aar (androidx.activity:activity:1.9.0) with ExtractAarTransform
Transforming activity-1.9.0.aar (androidx.activity:activity:1.9.0) with AarTransform
Transforming activity-1.9.0.aar (androidx.activity:activity:1.9.0) with ExtractAarTransform
Transforming activity-1.9.0.aar (androidx.activity:activity:1.9.0) with AarTransform
Transforming appcompat-resources-1.3.1.aar (androidx.appcompat:appcompat-resources:1.3.1) with ExtractAarTransform
Transforming appcompat-resources-1.3.1.aar (androidx.appcompat:appcompat-resources:1.3.1) with AarTransform
Transforming drawerlayout-1.0.0.aar (androidx.drawerlayout:drawerlayout:1.0.0) with ExtractAarTransform
Transforming drawerlayout-1.0.0.aar (androidx.drawerlayout:drawerlayout:1.0.0) with AarTransform
Transforming coordinatorlayout-1.1.0.aar (androidx.coordinatorlayout:coordinatorlayout:1.1.0) with ExtractAarTransform
Transforming coordinatorlayout-1.1.0.aar (androidx.coordinatorlayout:coordinatorlayout:1.1.0) with AarTransform
Transforming transition-1.2.0.aar (androidx.transition:transition:1.2.0) with ExtractAarTransform
Transforming transition-1.2.0.aar (androidx.transition:transition:1.2.0) with AarTransform
Transforming vectordrawable-animated-1.1.0.aar (androidx.vectordrawable:vectordrawable-animated:1.1.0) with ExtractAarTransform
Transforming vectordrawable-animated-1.1.0.aar (androidx.vectordrawable:vectordrawable-animated:1.1.0) with AarTransform
Transforming vectordrawable-1.1.0.aar (androidx.vectordrawable:vectordrawable:1.1.0) with ExtractAarTransform
Transforming vectordrawable-1.1.0.aar (androidx.vectordrawable:vectordrawable:1.1.0) with AarTransform
Transforming vectordrawable-1.1.0.aar (androidx.vectordrawable:vectordrawable:1.1.0) with ExtractAarTransform
Transforming vectordrawable-1.1.0.aar (androidx.vectordrawable:vectordrawable:1.1.0) with AarTransform
Transforming viewpager-1.0.0.aar (androidx.viewpager:viewpager:1.0.0) with ExtractAarTransform
Transforming viewpager-1.0.0.aar (androidx.viewpager:viewpager:1.0.0) with AarTransform
Transforming autofill-1.0.0.aar (androidx.autofill:autofill:1.0.0) with ExtractAarTransform
Transforming autofill-1.0.0.aar (androidx.autofill:autofill:1.0.0) with AarTransform
Transforming recycler-4.6.2.aar (io.noties.markwon:recycler:4.6.2) with ExtractAarTransform
Transforming recycler-4.6.2.aar (io.noties.markwon:recycler:4.6.2) with AarTransform
Transforming recyclerview-1.1.0.aar (androidx.recyclerview:recyclerview:1.1.0) with ExtractAarTransform
Transforming recyclerview-1.1.0.aar (androidx.recyclerview:recyclerview:1.1.0) with AarTransform
Transforming recyclerview-1.1.0.aar (androidx.recyclerview:recyclerview:1.1.0) with ExtractAarTransform
Transforming recyclerview-1.1.0.aar (androidx.recyclerview:recyclerview:1.1.0) with AarTransform
Transforming customview-1.0.0.aar (androidx.customview:customview:1.0.0) with ExtractAarTransform
Transforming customview-1.0.0.aar (androidx.customview:customview:1.0.0) with AarTransform
Transforming core-1.13.1.aar (androidx.core:core:1.13.1) with ExtractAarTransform
Transforming core-1.13.1.aar (androidx.core:core:1.13.1) with AarTransform
Transforming core-1.13.1.aar (androidx.core:core:1.13.1) with ExtractAarTransform
Transforming core-1.13.1.aar (androidx.core:core:1.13.1) with AarTransform
Transforming customview-poolingcontainer-1.0.0.aar (androidx.customview:customview-poolingcontainer:1.0.0) with ExtractAarTransform
Transforming customview-poolingcontainer-1.0.0.aar (androidx.customview:customview-poolingcontainer:1.0.0) with AarTransform
Transforming core-ktx-1.13.1.aar (androidx.core:core-ktx:1.13.1) with ExtractAarTransform
Transforming core-ktx-1.13.1.aar (androidx.core:core-ktx:1.13.1) with AarTransform
Transforming security-crypto-ktx-1.1.0-alpha06.aar (androidx.security:security-crypto-ktx:1.1.0-alpha06) with ExtractAarTransform
Transforming security-crypto-ktx-1.1.0-alpha06.aar (androidx.security:security-crypto-ktx:1.1.0-alpha06) with AarTransform
Transforming kotlinx-serialization-core-jvm-1.6.3.jar (org.jetbrains.kotlinx:kotlinx-serialization-core-jvm:1.6.3) with IdentityTransform
Transforming kotlinx-serialization-json-jvm-1.6.3.jar (org.jetbrains.kotlinx:kotlinx-serialization-json-jvm:1.6.3) with IdentityTransform
Transforming room-ktx-2.5.0.aar (androidx.room:room-ktx:2.5.0) with ExtractAarTransform
Transforming room-ktx-2.5.0.aar (androidx.room:room-ktx:2.5.0) with AarTransform
Transforming room-runtime-2.5.0.aar (androidx.room:room-runtime:2.5.0) with ExtractAarTransform
Transforming room-runtime-2.5.0.aar (androidx.room:room-runtime:2.5.0) with AarTransform
Transforming annotation-experimental-1.4.0.aar (androidx.annotation:annotation-experimental:1.4.0) with ExtractAarTransform
Transforming annotation-experimental-1.4.0.aar (androidx.annotation:annotation-experimental:1.4.0) with AarTransform
Transforming runtime-saveable-release.aar (androidx.compose.runtime:runtime-saveable-android:1.6.7) with ExtractAarTransform
Transforming runtime-saveable-release.aar (androidx.compose.runtime:runtime-saveable-android:1.6.7) with AarTransform
Transforming runtime-release.aar (androidx.compose.runtime:runtime-android:1.6.7) with ExtractAarTransform
Transforming runtime-release.aar (androidx.compose.runtime:runtime-android:1.6.7) with AarTransform
Transforming sqlite-framework-2.3.0.aar (androidx.sqlite:sqlite-framework:2.3.0) with ExtractAarTransform
Transforming sqlite-framework-2.3.0.aar (androidx.sqlite:sqlite-framework:2.3.0) with AarTransform
Transforming terminal-view-v0.118.3.aar (com.github.termux.termux-app:terminal-view:v0.118.3) with ExtractAarTransform
Transforming terminal-view-v0.118.3.aar (com.github.termux.termux-app:terminal-view:v0.118.3) with AarTransform
Transforming security-crypto-1.1.0-alpha06.aar (androidx.security:security-crypto:1.1.0-alpha06) with ExtractAarTransform
Transforming security-crypto-1.1.0-alpha06.aar (androidx.security:security-crypto:1.1.0-alpha06) with AarTransform
Transforming ext-strikethrough-4.6.2.aar (io.noties.markwon:ext-strikethrough:4.6.2) with ExtractAarTransform
Transforming ext-strikethrough-4.6.2.aar (io.noties.markwon:ext-strikethrough:4.6.2) with AarTransform
Transforming linkify-4.6.2.aar (io.noties.markwon:linkify:4.6.2) with ExtractAarTransform
Transforming linkify-4.6.2.aar (io.noties.markwon:linkify:4.6.2) with AarTransform
Transforming core-4.6.2.aar (io.noties.markwon:core:4.6.2) with ExtractAarTransform
Transforming core-4.6.2.aar (io.noties.markwon:core:4.6.2) with AarTransform
Transforming interpolator-1.0.0.aar (androidx.interpolator:interpolator:1.0.0) with ExtractAarTransform
Transforming interpolator-1.0.0.aar (androidx.interpolator:interpolator:1.0.0) with AarTransform
Transforming interpolator-1.0.0.aar (androidx.interpolator:interpolator:1.0.0) with ExtractAarTransform
Transforming interpolator-1.0.0.aar (androidx.interpolator:interpolator:1.0.0) with AarTransform
Transforming versionedparcelable-1.1.1.aar (androidx.versionedparcelable:versionedparcelable:1.1.1) with ExtractAarTransform
Transforming versionedparcelable-1.1.1.aar (androidx.versionedparcelable:versionedparcelable:1.1.1) with AarTransform
Transforming cursoradapter-1.0.0.aar (androidx.cursoradapter:cursoradapter:1.0.0) with ExtractAarTransform
Transforming cursoradapter-1.0.0.aar (androidx.cursoradapter:cursoradapter:1.0.0) with AarTransform
Transforming cardview-1.0.0.aar (androidx.cardview:cardview:1.0.0) with ExtractAarTransform
Transforming cardview-1.0.0.aar (androidx.cardview:cardview:1.0.0) with AarTransform
Transforming transport-backend-cct-3.1.8.aar (com.google.android.datatransport:transport-backend-cct:3.1.8) with ExtractAarTransform
Transforming transport-backend-cct-3.1.8.aar (com.google.android.datatransport:transport-backend-cct:3.1.8) with AarTransform
Transforming transport-runtime-3.1.8.aar (com.google.android.datatransport:transport-runtime:3.1.8) with ExtractAarTransform
Transforming transport-runtime-3.1.8.aar (com.google.android.datatransport:transport-runtime:3.1.8) with AarTransform
Transforming transport-api-3.0.0.aar (com.google.android.datatransport:transport-api:3.0.0) with ExtractAarTransform
Transforming transport-api-3.0.0.aar (com.google.android.datatransport:transport-api:3.0.0) with AarTransform
Transforming profileinstaller-1.3.1.aar (androidx.profileinstaller:profileinstaller:1.3.1) with ExtractAarTransform
Transforming profileinstaller-1.3.1.aar (androidx.profileinstaller:profileinstaller:1.3.1) with AarTransform
Transforming startup-runtime-1.1.1.aar (androidx.startup:startup-runtime:1.1.1) with ExtractAarTransform
Transforming startup-runtime-1.1.1.aar (androidx.startup:startup-runtime:1.1.1) with AarTransform
Transforming tracing-1.0.0.aar (androidx.tracing:tracing:1.0.0) with ExtractAarTransform
Transforming tracing-1.0.0.aar (androidx.tracing:tracing:1.0.0) with AarTransform
Transforming firebase-encoders-json-18.0.0.aar (com.google.firebase:firebase-encoders-json:18.0.0) with ExtractAarTransform
Transforming firebase-encoders-json-18.0.0.aar (com.google.firebase:firebase-encoders-json:18.0.0) with AarTransform
Transforming firebase-encoders-proto-16.0.0.jar (com.google.firebase:firebase-encoders-proto:16.0.0) with IdentityTransform
Transforming firebase-encoders-17.0.0.jar (com.google.firebase:firebase-encoders:17.0.0) with IdentityTransform
Transforming core-runtime-2.2.0.aar (androidx.arch.core:core-runtime:2.2.0) with ExtractAarTransform
Transforming core-runtime-2.2.0.aar (androidx.arch.core:core-runtime:2.2.0) with AarTransform
Transforming core-common-2.2.0.jar (androidx.arch.core:core-common:2.2.0) with IdentityTransform
Transforming room-common-2.5.0.jar (androidx.room:room-common:2.5.0) with IdentityTransform
Transforming sqlite-2.3.0.aar (androidx.sqlite:sqlite:2.3.0) with ExtractAarTransform
Transforming sqlite-2.3.0.aar (androidx.sqlite:sqlite:2.3.0) with AarTransform
Transforming concurrent-futures-1.1.0.jar (androidx.concurrent:concurrent-futures:1.1.0) with IdentityTransform
Transforming collection-ktx-1.4.0.jar (androidx.collection:collection-ktx:1.4.0) with IdentityTransform
Transforming collection-jvm-1.4.0.jar (androidx.collection:collection-jvm:1.4.0) with IdentityTransform
Transforming documentfile-1.0.0.aar (androidx.documentfile:documentfile:1.0.0) with ExtractAarTransform
Transforming documentfile-1.0.0.aar (androidx.documentfile:documentfile:1.0.0) with AarTransform
Transforming localbroadcastmanager-1.0.0.aar (androidx.localbroadcastmanager:localbroadcastmanager:1.0.0) with ExtractAarTransform
Transforming localbroadcastmanager-1.0.0.aar (androidx.localbroadcastmanager:localbroadcastmanager:1.0.0) with AarTransform
Transforming print-1.0.0.aar (androidx.print:print:1.0.0) with ExtractAarTransform
Transforming print-1.0.0.aar (androidx.print:print:1.0.0) with AarTransform
Transforming annotation-jvm-1.8.0.jar (androidx.annotation:annotation-jvm:1.8.0) with IdentityTransform
Transforming kotlinx-coroutines-android-1.7.3.jar (org.jetbrains.kotlinx:kotlinx-coroutines-android:1.7.3) with IdentityTransform
Transforming kotlinx-coroutines-core-jvm-1.7.3.jar (org.jetbrains.kotlinx:kotlinx-coroutines-core-jvm:1.7.3) with IdentityTransform
Transforming kotlin-stdlib-jdk8-1.8.20.jar (org.jetbrains.kotlin:kotlin-stdlib-jdk8:1.8.20) with IdentityTransform
Transforming kotlin-stdlib-jdk7-1.8.20.jar (org.jetbrains.kotlin:kotlin-stdlib-jdk7:1.8.20) with IdentityTransform
Transforming kotlin-stdlib-1.9.23.jar (org.jetbrains.kotlin:kotlin-stdlib:1.9.23) with IdentityTransform
Transforming jose4j-0.9.6.jar (org.bitbucket.b_c:jose4j:0.9.6) with IdentityTransform
Transforming jdom2-2.0.6.1.jar (org.jdom:jdom2:2.0.6.1) with IdentityTransform
Transforming commons-io-2.14.0.jar (commons-io:commons-io:2.14.0) with IdentityTransform
Transforming protobuf-java-3.25.5.jar (com.google.protobuf:protobuf-java:3.25.5) with IdentityTransform
Transforming google-auth-library-oauth2-http-1.46.0.jar (com.google.auth:google-auth-library-oauth2-http:1.46.0) with IdentityTransform
Transforming google-api-services-drive-v3-rev20230822-2.0.0.jar (com.google.apis:google-api-services-drive:v3-rev20230822-2.0.0) with IdentityTransform
Transforming google-api-client-2.2.0.jar (com.google.api-client:google-api-client:2.2.0) with IdentityTransform
Transforming google-api-client-android-2.0.0.jar (com.google.api-client:google-api-client-android:2.0.0) with IdentityTransform
Transforming google-oauth-client-1.34.1.jar (com.google.oauth-client:google-oauth-client:1.34.1) with IdentityTransform
Transforming google-http-client-gson-2.1.0.jar (com.google.http-client:google-http-client-gson:2.1.0) with IdentityTransform
Transforming google-http-client-apache-v2-1.42.3.jar (com.google.http-client:google-http-client-apache-v2:1.42.3) with IdentityTransform
Transforming google-http-client-2.1.0.jar (com.google.http-client:google-http-client:2.1.0) with IdentityTransform
Transforming api-common-2.53.0.jar (com.google.api:api-common:2.53.0) with IdentityTransform
Transforming opencensus-contrib-http-util-0.31.1.jar (io.opencensus:opencensus-contrib-http-util:0.31.1) with IdentityTransform
Transforming guava-33.6.0-android.jar (com.google.guava:guava:33.6.0-jre) with IdentityTransform
Transforming netty-codec-http2-4.1.132.Final.jar (io.netty:netty-codec-http2:4.1.132.Final) with IdentityTransform
Transforming netty-codec-http-4.1.132.Final.jar (io.netty:netty-codec-http:4.1.132.Final) with IdentityTransform
Transforming netty-handler-4.1.132.Final.jar (io.netty:netty-handler:4.1.132.Final) with IdentityTransform
Transforming netty-codec-4.1.132.Final.jar (io.netty:netty-codec:4.1.132.Final) with IdentityTransform
Transforming netty-transport-native-unix-common-4.1.132.Final.jar (io.netty:netty-transport-native-unix-common:4.1.132.Final) with IdentityTransform
Transforming netty-transport-4.1.132.Final.jar (io.netty:netty-transport:4.1.132.Final) with IdentityTransform
Transforming netty-buffer-4.1.132.Final.jar (io.netty:netty-buffer:4.1.132.Final) with IdentityTransform
Transforming netty-resolver-4.1.132.Final.jar (io.netty:netty-resolver:4.1.132.Final) with IdentityTransform
Transforming netty-common-4.1.132.Final.jar (io.netty:netty-common:4.1.132.Final) with IdentityTransform
Transforming commons-net-3.10.0.jar (commons-net:commons-net:3.10.0) with IdentityTransform
Transforming sshj-0.40.0.jar (com.hierynomus:sshj:0.40.0) with IdentityTransform
Transforming slf4j-nop-2.0.12.jar (org.slf4j:slf4j-nop:2.0.12) with IdentityTransform
Transforming bcpkix-jdk18on-1.84.jar (org.bouncycastle:bcpkix-jdk18on:1.84) with IdentityTransform
Transforming bcutil-jdk18on-1.84.jar (org.bouncycastle:bcutil-jdk18on:1.84) with IdentityTransform
Transforming bcprov-jdk18on-1.84.jar (org.bouncycastle:bcprov-jdk18on:1.84) with IdentityTransform
Transforming annotations-23.0.0.jar (org.jetbrains:annotations:23.0.0) with IdentityTransform
Transforming asn-one-0.6.0.jar (com.hierynomus:asn-one:0.6.0) with IdentityTransform
Transforming slf4j-api-2.0.17.jar (org.slf4j:slf4j-api:2.0.17) with IdentityTransform
Transforming failureaccess-1.0.3.jar (com.google.guava:failureaccess:1.0.3) with IdentityTransform
Transforming jspecify-1.0.0.jar (org.jspecify:jspecify:1.0.0) with IdentityTransform
Transforming tink-android-1.8.0.jar (com.google.crypto.tink:tink-android:1.8.0) with IdentityTransform
Transforming gson-2.12.1.jar (com.google.code.gson:gson:2.12.1) with IdentityTransform
Transforming error_prone_annotations-2.47.0.jar (com.google.errorprone:error_prone_annotations:2.47.0) with IdentityTransform
Transforming j2objc-annotations-3.1.jar (com.google.j2objc:j2objc-annotations:3.1) with IdentityTransform
Transforming terminal-emulator-v0.118.3.aar (com.github.termux.termux-app:terminal-emulator:v0.118.3) with ExtractAarTransform
Transforming terminal-emulator-v0.118.3.aar (com.github.termux.termux-app:terminal-emulator:v0.118.3) with AarTransform
Transforming hiddenapibypass-6.1.aar (org.lsposed.hiddenapibypass:hiddenapibypass:6.1) with ExtractAarTransform
Transforming hiddenapibypass-6.1.aar (org.lsposed.hiddenapibypass:hiddenapibypass:6.1) with AarTransform
Transforming auto-value-annotations-1.11.0.jar (com.google.auto.value:auto-value-annotations:1.11.0) with IdentityTransform
Transforming jsr305-3.0.2.jar (com.google.code.findbugs:jsr305:3.0.2) with IdentityTransform
Transforming google-auth-library-credentials-1.46.0.jar (com.google.auth:google-auth-library-credentials:1.46.0) with IdentityTransform
Transforming commonmark-ext-gfm-strikethrough-0.13.0.jar (com.atlassian.commonmark:commonmark-ext-gfm-strikethrough:0.13.0) with IdentityTransform
Transforming commonmark-0.13.0.jar (com.atlassian.commonmark:commonmark:0.13.0) with IdentityTransform
Transforming httpclient-4.5.14.jar (org.apache.httpcomponents:httpclient:4.5.14) with IdentityTransform
Transforming commons-codec-1.15.jar (commons-codec:commons-codec:1.15) with IdentityTransform
Transforming httpcore-4.4.16.jar (org.apache.httpcomponents:httpcore:4.4.16) with IdentityTransform
Transforming opencensus-api-0.31.1.jar (io.opencensus:opencensus-api:0.31.1) with IdentityTransform
Transforming grpc-context-1.70.0.jar (io.grpc:grpc-context:1.70.0) with IdentityTransform
Transforming javax.annotation-api-1.3.2.jar (javax.annotation:javax.annotation-api:1.3.2) with IdentityTransform
Transforming constraintlayout-solver-2.0.1.jar (androidx.constraintlayout:constraintlayout-solver:2.0.1) with IdentityTransform
Transforming javax.inject-1.jar (javax.inject:javax.inject:1) with IdentityTransform
Transforming grpc-api-1.70.0.jar (io.grpc:grpc-api:1.70.0) with IdentityTransform
Caching disabled for task ':app:mergeDebugJavaResource' because:
  Build cache is disabled
  Caching has been disabled for the task
Skipping task ':app:mergeDebugJavaResource' as it is up-to-date.
Resolve mutations for :app:checkDebugDuplicateClasses (Thread[#15972,Execution worker Thread 9,5,main]) started.
:app:checkDebugDuplicateClasses (Thread[#15972,Execution worker Thread 9,5,main]) started.

> Task :app:checkDebugDuplicateClasses UP-TO-DATE
Transforming termux-shared-v0.118.3.aar (com.github.termux.termux-app:termux-shared:v0.118.3) with AarToClassTransform
Transforming termux-shared-v0.118.3.aar (com.github.termux.termux-app:termux-shared:v0.118.3) with EnumerateClassesTransform
Transforming material-1.4.0.aar (com.google.android.material:material:1.4.0) with AarToClassTransform
Transforming material-1.4.0.aar (com.google.android.material:material:1.4.0) with EnumerateClassesTransform
Transforming constraintlayout-2.0.1.aar (androidx.constraintlayout:constraintlayout:2.0.1) with AarToClassTransform
Transforming constraintlayout-2.0.1.aar (androidx.constraintlayout:constraintlayout:2.0.1) with EnumerateClassesTransform
Transforming appcompat-1.3.1.aar (androidx.appcompat:appcompat:1.3.1) with AarToClassTransform
Transforming appcompat-1.3.1.aar (androidx.appcompat:appcompat:1.3.1) with EnumerateClassesTransform
Transforming window-1.0.0-alpha09.aar (androidx.window:window:1.0.0-alpha09) with AarToClassTransform
Transforming window-1.0.0-alpha09.aar (androidx.window:window:1.0.0-alpha09) with EnumerateClassesTransform
Transforming googleid-1.1.0.aar (com.google.android.libraries.identity.googleid:googleid:1.1.0) with AarToClassTransform
Transforming googleid-1.1.0.aar (com.google.android.libraries.identity.googleid:googleid:1.1.0) with EnumerateClassesTransform
Transforming credentials-1.2.1.aar (androidx.credentials:credentials:1.2.1) with AarToClassTransform
Transforming credentials-1.2.1.aar (androidx.credentials:credentials:1.2.1) with EnumerateClassesTransform
Transforming credentials-1.2.1.aar (androidx.credentials:credentials:1.2.1) with AarToClassTransform
Transforming credentials-1.2.1.aar (androidx.credentials:credentials:1.2.1) with EnumerateClassesTransform
Transforming credentials-play-services-auth-1.2.1.aar (androidx.credentials:credentials-play-services-auth:1.2.1) with AarToClassTransform
Transforming credentials-play-services-auth-1.2.1.aar (androidx.credentials:credentials-play-services-auth:1.2.1) with EnumerateClassesTransform
Transforming play-services-auth-21.1.1.aar (com.google.android.gms:play-services-auth:21.1.1) with AarToClassTransform
Transforming play-services-auth-21.1.1.aar (com.google.android.gms:play-services-auth:21.1.1) with EnumerateClassesTransform
Transforming billing-ktx-6.2.0.aar (com.android.billingclient:billing-ktx:6.2.0) with AarToClassTransform
Transforming billing-ktx-6.2.0.aar (com.android.billingclient:billing-ktx:6.2.0) with EnumerateClassesTransform
Transforming billing-6.2.0.aar (com.android.billingclient:billing:6.2.0) with AarToClassTransform
Transforming billing-6.2.0.aar (com.android.billingclient:billing:6.2.0) with EnumerateClassesTransform
Transforming play-services-fido-20.1.0.aar (com.google.android.gms:play-services-fido:20.1.0) with AarToClassTransform
Transforming play-services-fido-20.1.0.aar (com.google.android.gms:play-services-fido:20.1.0) with EnumerateClassesTransform
Transforming play-services-fido-20.1.0.aar (com.google.android.gms:play-services-fido:20.1.0) with AarToClassTransform
Transforming play-services-fido-20.1.0.aar (com.google.android.gms:play-services-fido:20.1.0) with EnumerateClassesTransform
Transforming play-services-auth-api-phone-18.0.2.aar (com.google.android.gms:play-services-auth-api-phone:18.0.2) with AarToClassTransform
Transforming play-services-auth-api-phone-18.0.2.aar (com.google.android.gms:play-services-auth-api-phone:18.0.2) with EnumerateClassesTransform
Transforming play-services-auth-base-18.0.10.aar (com.google.android.gms:play-services-auth-base:18.0.10) with AarToClassTransform
Transforming play-services-auth-base-18.0.10.aar (com.google.android.gms:play-services-auth-base:18.0.10) with EnumerateClassesTransform
Transforming play-services-location-19.0.0.aar (com.google.android.gms:play-services-location:19.0.0) with AarToClassTransform
Transforming play-services-location-19.0.0.aar (com.google.android.gms:play-services-location:19.0.0) with EnumerateClassesTransform
Transforming play-services-base-18.3.0.aar (com.google.android.gms:play-services-base:18.3.0) with AarToClassTransform
Transforming play-services-base-18.3.0.aar (com.google.android.gms:play-services-base:18.3.0) with EnumerateClassesTransform
Transforming play-services-tasks-18.1.0.aar (com.google.android.gms:play-services-tasks:18.1.0) with AarToClassTransform
Transforming play-services-tasks-18.1.0.aar (com.google.android.gms:play-services-tasks:18.1.0) with EnumerateClassesTransform
Transforming play-services-places-placereport-17.0.0.aar (com.google.android.gms:play-services-places-placereport:17.0.0) with AarToClassTransform
Transforming play-services-places-placereport-17.0.0.aar (com.google.android.gms:play-services-places-placereport:17.0.0) with EnumerateClassesTransform
Transforming play-services-basement-18.3.0.aar (com.google.android.gms:play-services-basement:18.3.0) with AarToClassTransform
Transforming play-services-basement-18.3.0.aar (com.google.android.gms:play-services-basement:18.3.0) with EnumerateClassesTransform
Transforming viewpager2-1.0.0.aar (androidx.viewpager2:viewpager2:1.0.0) with AarToClassTransform
Transforming viewpager2-1.0.0.aar (androidx.viewpager2:viewpager2:1.0.0) with EnumerateClassesTransform
Transforming fragment-1.5.7.aar (androidx.fragment:fragment:1.5.7) with AarToClassTransform
Transforming fragment-1.5.7.aar (androidx.fragment:fragment:1.5.7) with EnumerateClassesTransform
Transforming fragment-1.5.7.aar (androidx.fragment:fragment:1.5.7) with AarToClassTransform
Transforming fragment-1.5.7.aar (androidx.fragment:fragment:1.5.7) with EnumerateClassesTransform
Transforming dynamicanimation-1.0.0.aar (androidx.dynamicanimation:dynamicanimation:1.0.0) with AarToClassTransform
Transforming dynamicanimation-1.0.0.aar (androidx.dynamicanimation:dynamicanimation:1.0.0) with EnumerateClassesTransform
Transforming legacy-support-core-utils-1.0.0.aar (androidx.legacy:legacy-support-core-utils:1.0.0) with AarToClassTransform
Transforming legacy-support-core-utils-1.0.0.aar (androidx.legacy:legacy-support-core-utils:1.0.0) with EnumerateClassesTransform
Transforming loader-1.1.0.aar (androidx.loader:loader:1.1.0) with AarToClassTransform
Transforming loader-1.1.0.aar (androidx.loader:loader:1.1.0) with EnumerateClassesTransform
Transforming loader-1.1.0.aar (androidx.loader:loader:1.1.0) with AarToClassTransform
Transforming loader-1.1.0.aar (androidx.loader:loader:1.1.0) with EnumerateClassesTransform
Transforming work-runtime-ktx-2.9.0.aar (androidx.work:work-runtime-ktx:2.9.0) with AarToClassTransform
Transforming work-runtime-ktx-2.9.0.aar (androidx.work:work-runtime-ktx:2.9.0) with EnumerateClassesTransform
Transforming work-runtime-2.9.0.aar (androidx.work:work-runtime:2.9.0) with AarToClassTransform
Transforming work-runtime-2.9.0.aar (androidx.work:work-runtime:2.9.0) with EnumerateClassesTransform
Transforming navigation-common-2.7.7.aar (androidx.navigation:navigation-common:2.7.7) with AarToClassTransform
Transforming navigation-common-2.7.7.aar (androidx.navigation:navigation-common:2.7.7) with EnumerateClassesTransform
Transforming navigation-runtime-2.7.7.aar (androidx.navigation:navigation-runtime:2.7.7) with AarToClassTransform
Transforming navigation-runtime-2.7.7.aar (androidx.navigation:navigation-runtime:2.7.7) with EnumerateClassesTransform
Transforming navigation-common-ktx-2.7.7.aar (androidx.navigation:navigation-common-ktx:2.7.7) with AarToClassTransform
Transforming navigation-common-ktx-2.7.7.aar (androidx.navigation:navigation-common-ktx:2.7.7) with EnumerateClassesTransform
Transforming navigation-runtime-ktx-2.7.7.aar (androidx.navigation:navigation-runtime-ktx:2.7.7) with AarToClassTransform
Transforming navigation-runtime-ktx-2.7.7.aar (androidx.navigation:navigation-runtime-ktx:2.7.7) with EnumerateClassesTransform
Transforming navigation-compose-2.7.7.aar (androidx.navigation:navigation-compose:2.7.7) with AarToClassTransform
Transforming navigation-compose-2.7.7.aar (androidx.navigation:navigation-compose:2.7.7) with EnumerateClassesTransform
Transforming material3-release.aar (androidx.compose.material3:material3-android:1.2.1) with AarToClassTransform
Transforming material3-release.aar (androidx.compose.material3:material3-android:1.2.1) with EnumerateClassesTransform
Transforming savedstate-ktx-1.2.1.aar (androidx.savedstate:savedstate-ktx:1.2.1) with AarToClassTransform
Transforming savedstate-ktx-1.2.1.aar (androidx.savedstate:savedstate-ktx:1.2.1) with EnumerateClassesTransform
Transforming material-ripple-release.aar (androidx.compose.material:material-ripple-android:1.6.7) with AarToClassTransform
Transforming material-ripple-release.aar (androidx.compose.material:material-ripple-android:1.6.7) with EnumerateClassesTransform
Transforming material-icons-core-release.aar (androidx.compose.material:material-icons-core-android:1.6.7) with AarToClassTransform
Transforming material-icons-core-release.aar (androidx.compose.material:material-icons-core-android:1.6.7) with EnumerateClassesTransform
Transforming material-icons-extended-release.aar (androidx.compose.material:material-icons-extended-android:1.6.7) with AarToClassTransform
Transforming material-icons-extended-release.aar (androidx.compose.material:material-icons-extended-android:1.6.7) with EnumerateClassesTransform
Transforming material-release.aar (androidx.compose.material:material-android:1.6.7) with AarToClassTransform
Transforming material-release.aar (androidx.compose.material:material-android:1.6.7) with EnumerateClassesTransform
Transforming savedstate-1.2.1.aar (androidx.savedstate:savedstate:1.2.1) with AarToClassTransform
Transforming savedstate-1.2.1.aar (androidx.savedstate:savedstate:1.2.1) with EnumerateClassesTransform
Transforming foundation-release.aar (androidx.compose.foundation:foundation-android:1.6.7) with AarToClassTransform
Transforming foundation-release.aar (androidx.compose.foundation:foundation-android:1.6.7) with EnumerateClassesTransform
Transforming foundation-layout-release.aar (androidx.compose.foundation:foundation-layout-android:1.6.7) with AarToClassTransform
Transforming foundation-layout-release.aar (androidx.compose.foundation:foundation-layout-android:1.6.7) with EnumerateClassesTransform
Transforming animation-core-release.aar (androidx.compose.animation:animation-core-android:1.6.7) with AarToClassTransform
Transforming animation-core-release.aar (androidx.compose.animation:animation-core-android:1.6.7) with EnumerateClassesTransform
Transforming animation-release.aar (androidx.compose.animation:animation-android:1.6.7) with AarToClassTransform
Transforming animation-release.aar (androidx.compose.animation:animation-android:1.6.7) with EnumerateClassesTransform
Transforming ui-tooling-data-release.aar (androidx.compose.ui:ui-tooling-data-android:1.6.7) with AarToClassTransform
Transforming ui-tooling-data-release.aar (androidx.compose.ui:ui-tooling-data-android:1.6.7) with EnumerateClassesTransform
Transforming ui-unit-release.aar (androidx.compose.ui:ui-unit-android:1.6.7) with AarToClassTransform
Transforming ui-unit-release.aar (androidx.compose.ui:ui-unit-android:1.6.7) with EnumerateClassesTransform
Transforming ui-geometry-release.aar (androidx.compose.ui:ui-geometry-android:1.6.7) with AarToClassTransform
Transforming ui-geometry-release.aar (androidx.compose.ui:ui-geometry-android:1.6.7) with EnumerateClassesTransform
Transforming ui-util-release.aar (androidx.compose.ui:ui-util-android:1.6.7) with AarToClassTransform
Transforming ui-util-release.aar (androidx.compose.ui:ui-util-android:1.6.7) with EnumerateClassesTransform
Transforming ui-tooling-preview-release.aar (androidx.compose.ui:ui-tooling-preview-android:1.6.7) with AarToClassTransform
Transforming ui-tooling-preview-release.aar (androidx.compose.ui:ui-tooling-preview-android:1.6.7) with EnumerateClassesTransform
Transforming ui-graphics-release.aar (androidx.compose.ui:ui-graphics-android:1.6.7) with AarToClassTransform
Transforming ui-graphics-release.aar (androidx.compose.ui:ui-graphics-android:1.6.7) with EnumerateClassesTransform
Transforming ui-text-release.aar (androidx.compose.ui:ui-text-android:1.6.7) with AarToClassTransform
Transforming ui-text-release.aar (androidx.compose.ui:ui-text-android:1.6.7) with EnumerateClassesTransform
Transforming emoji2-1.3.0.aar (androidx.emoji2:emoji2:1.3.0) with AarToClassTransform
Transforming emoji2-1.3.0.aar (androidx.emoji2:emoji2:1.3.0) with EnumerateClassesTransform
Transforming lifecycle-process-2.8.0.aar (androidx.lifecycle:lifecycle-process:2.8.0) with AarToClassTransform
Transforming lifecycle-process-2.8.0.aar (androidx.lifecycle:lifecycle-process:2.8.0) with EnumerateClassesTransform
Transforming lifecycle-livedata-core-ktx-2.8.0.aar (androidx.lifecycle:lifecycle-livedata-core-ktx:2.8.0) with AarToClassTransform
Transforming lifecycle-livedata-core-ktx-2.8.0.aar (androidx.lifecycle:lifecycle-livedata-core-ktx:2.8.0) with EnumerateClassesTransform
Transforming lifecycle-common-jvm-2.8.0.jar (androidx.lifecycle:lifecycle-common-jvm:2.8.0) with IdentityTransform
Transforming lifecycle-common-jvm-2.8.0.jar (androidx.lifecycle:lifecycle-common-jvm:2.8.0) with EnumerateClassesTransform
Transforming lifecycle-common-java8-2.8.0.jar (androidx.lifecycle:lifecycle-common-java8:2.8.0) with IdentityTransform
Transforming lifecycle-common-java8-2.8.0.jar (androidx.lifecycle:lifecycle-common-java8:2.8.0) with EnumerateClassesTransform
Transforming lifecycle-viewmodel-2.8.0.aar (androidx.lifecycle:lifecycle-viewmodel:2.8.0) with AarToClassTransform
Transforming lifecycle-viewmodel-2.8.0.aar (androidx.lifecycle:lifecycle-viewmodel:2.8.0) with EnumerateClassesTransform
Transforming lifecycle-viewmodel-release.aar (androidx.lifecycle:lifecycle-viewmodel-android:2.8.0) with AarToClassTransform
Transforming lifecycle-viewmodel-release.aar (androidx.lifecycle:lifecycle-viewmodel-android:2.8.0) with EnumerateClassesTransform
Transforming lifecycle-runtime-release.aar (androidx.lifecycle:lifecycle-runtime-android:2.8.0) with AarToClassTransform
Transforming lifecycle-runtime-release.aar (androidx.lifecycle:lifecycle-runtime-android:2.8.0) with EnumerateClassesTransform
Transforming lifecycle-service-2.8.0.aar (androidx.lifecycle:lifecycle-service:2.8.0) with AarToClassTransform
Transforming lifecycle-service-2.8.0.aar (androidx.lifecycle:lifecycle-service:2.8.0) with EnumerateClassesTransform
Transforming lifecycle-livedata-2.8.0.aar (androidx.lifecycle:lifecycle-livedata:2.8.0) with AarToClassTransform
Transforming lifecycle-livedata-2.8.0.aar (androidx.lifecycle:lifecycle-livedata:2.8.0) with EnumerateClassesTransform
Transforming lifecycle-livedata-core-2.8.0.aar (androidx.lifecycle:lifecycle-livedata-core:2.8.0) with AarToClassTransform
Transforming lifecycle-livedata-core-2.8.0.aar (androidx.lifecycle:lifecycle-livedata-core:2.8.0) with EnumerateClassesTransform
Transforming lifecycle-livedata-core-2.8.0.aar (androidx.lifecycle:lifecycle-livedata-core:2.8.0) with AarToClassTransform
Transforming lifecycle-livedata-core-2.8.0.aar (androidx.lifecycle:lifecycle-livedata-core:2.8.0) with EnumerateClassesTransform
Transforming lifecycle-viewmodel-savedstate-2.8.0.aar (androidx.lifecycle:lifecycle-viewmodel-savedstate:2.8.0) with AarToClassTransform
Transforming lifecycle-viewmodel-savedstate-2.8.0.aar (androidx.lifecycle:lifecycle-viewmodel-savedstate:2.8.0) with EnumerateClassesTransform
Transforming lifecycle-viewmodel-ktx-2.8.0.aar (androidx.lifecycle:lifecycle-viewmodel-ktx:2.8.0) with AarToClassTransform
Transforming lifecycle-viewmodel-ktx-2.8.0.aar (androidx.lifecycle:lifecycle-viewmodel-ktx:2.8.0) with EnumerateClassesTransform
Transforming lifecycle-runtime-ktx-release.aar (androidx.lifecycle:lifecycle-runtime-ktx-android:2.8.0) with AarToClassTransform
Transforming lifecycle-runtime-ktx-release.aar (androidx.lifecycle:lifecycle-runtime-ktx-android:2.8.0) with EnumerateClassesTransform
Transforming lifecycle-viewmodel-compose-release.aar (androidx.lifecycle:lifecycle-viewmodel-compose-android:2.8.0) with AarToClassTransform
Transforming lifecycle-viewmodel-compose-release.aar (androidx.lifecycle:lifecycle-viewmodel-compose-android:2.8.0) with EnumerateClassesTransform
Transforming ui-release.aar (androidx.compose.ui:ui-android:1.6.7) with AarToClassTransform
Transforming ui-release.aar (androidx.compose.ui:ui-android:1.6.7) with EnumerateClassesTransform
Transforming ui-test-manifest-1.6.7.aar (androidx.compose.ui:ui-test-manifest:1.6.7) with AarToClassTransform
Transforming ui-test-manifest-1.6.7.aar (androidx.compose.ui:ui-test-manifest:1.6.7) with EnumerateClassesTransform
Transforming ui-tooling-release.aar (androidx.compose.ui:ui-tooling-android:1.6.7) with AarToClassTransform
Transforming ui-tooling-release.aar (androidx.compose.ui:ui-tooling-android:1.6.7) with EnumerateClassesTransform
Transforming activity-compose-1.9.0.aar (androidx.activity:activity-compose:1.9.0) with AarToClassTransform
Transforming activity-compose-1.9.0.aar (androidx.activity:activity-compose:1.9.0) with EnumerateClassesTransform
Transforming activity-ktx-1.9.0.aar (androidx.activity:activity-ktx:1.9.0) with AarToClassTransform
Transforming activity-ktx-1.9.0.aar (androidx.activity:activity-ktx:1.9.0) with EnumerateClassesTransform
Transforming activity-1.9.0.aar (androidx.activity:activity:1.9.0) with AarToClassTransform
Transforming activity-1.9.0.aar (androidx.activity:activity:1.9.0) with EnumerateClassesTransform
Transforming activity-1.9.0.aar (androidx.activity:activity:1.9.0) with AarToClassTransform
Transforming activity-1.9.0.aar (androidx.activity:activity:1.9.0) with EnumerateClassesTransform
Transforming appcompat-resources-1.3.1.aar (androidx.appcompat:appcompat-resources:1.3.1) with AarToClassTransform
Transforming appcompat-resources-1.3.1.aar (androidx.appcompat:appcompat-resources:1.3.1) with EnumerateClassesTransform
Transforming drawerlayout-1.0.0.aar (androidx.drawerlayout:drawerlayout:1.0.0) with AarToClassTransform
Transforming drawerlayout-1.0.0.aar (androidx.drawerlayout:drawerlayout:1.0.0) with EnumerateClassesTransform
Transforming coordinatorlayout-1.1.0.aar (androidx.coordinatorlayout:coordinatorlayout:1.1.0) with AarToClassTransform
Transforming coordinatorlayout-1.1.0.aar (androidx.coordinatorlayout:coordinatorlayout:1.1.0) with EnumerateClassesTransform
Transforming transition-1.2.0.aar (androidx.transition:transition:1.2.0) with AarToClassTransform
Transforming transition-1.2.0.aar (androidx.transition:transition:1.2.0) with EnumerateClassesTransform
Transforming vectordrawable-animated-1.1.0.aar (androidx.vectordrawable:vectordrawable-animated:1.1.0) with AarToClassTransform
Transforming vectordrawable-animated-1.1.0.aar (androidx.vectordrawable:vectordrawable-animated:1.1.0) with EnumerateClassesTransform
Transforming vectordrawable-1.1.0.aar (androidx.vectordrawable:vectordrawable:1.1.0) with AarToClassTransform
Transforming vectordrawable-1.1.0.aar (androidx.vectordrawable:vectordrawable:1.1.0) with EnumerateClassesTransform
Transforming vectordrawable-1.1.0.aar (androidx.vectordrawable:vectordrawable:1.1.0) with AarToClassTransform
Transforming vectordrawable-1.1.0.aar (androidx.vectordrawable:vectordrawable:1.1.0) with EnumerateClassesTransform
Transforming viewpager-1.0.0.aar (androidx.viewpager:viewpager:1.0.0) with AarToClassTransform
Transforming viewpager-1.0.0.aar (androidx.viewpager:viewpager:1.0.0) with EnumerateClassesTransform
Transforming autofill-1.0.0.aar (androidx.autofill:autofill:1.0.0) with AarToClassTransform
Transforming autofill-1.0.0.aar (androidx.autofill:autofill:1.0.0) with EnumerateClassesTransform
Transforming recycler-4.6.2.aar (io.noties.markwon:recycler:4.6.2) with AarToClassTransform
Transforming recycler-4.6.2.aar (io.noties.markwon:recycler:4.6.2) with EnumerateClassesTransform
Transforming recyclerview-1.1.0.aar (androidx.recyclerview:recyclerview:1.1.0) with AarToClassTransform
Transforming recyclerview-1.1.0.aar (androidx.recyclerview:recyclerview:1.1.0) with EnumerateClassesTransform
Transforming recyclerview-1.1.0.aar (androidx.recyclerview:recyclerview:1.1.0) with AarToClassTransform
Transforming recyclerview-1.1.0.aar (androidx.recyclerview:recyclerview:1.1.0) with EnumerateClassesTransform
Transforming customview-1.0.0.aar (androidx.customview:customview:1.0.0) with AarToClassTransform
Transforming customview-1.0.0.aar (androidx.customview:customview:1.0.0) with EnumerateClassesTransform
Transforming core-1.13.1.aar (androidx.core:core:1.13.1) with AarToClassTransform
Transforming core-1.13.1.aar (androidx.core:core:1.13.1) with EnumerateClassesTransform
Transforming core-1.13.1.aar (androidx.core:core:1.13.1) with AarToClassTransform
Transforming core-1.13.1.aar (androidx.core:core:1.13.1) with EnumerateClassesTransform
Transforming customview-poolingcontainer-1.0.0.aar (androidx.customview:customview-poolingcontainer:1.0.0) with AarToClassTransform
Transforming customview-poolingcontainer-1.0.0.aar (androidx.customview:customview-poolingcontainer:1.0.0) with EnumerateClassesTransform
Transforming core-ktx-1.13.1.aar (androidx.core:core-ktx:1.13.1) with AarToClassTransform
Transforming core-ktx-1.13.1.aar (androidx.core:core-ktx:1.13.1) with EnumerateClassesTransform
Transforming security-crypto-ktx-1.1.0-alpha06.aar (androidx.security:security-crypto-ktx:1.1.0-alpha06) with AarToClassTransform
Transforming security-crypto-ktx-1.1.0-alpha06.aar (androidx.security:security-crypto-ktx:1.1.0-alpha06) with EnumerateClassesTransform
Transforming kotlinx-serialization-core-jvm-1.6.3.jar (org.jetbrains.kotlinx:kotlinx-serialization-core-jvm:1.6.3) with IdentityTransform
Transforming kotlinx-serialization-core-jvm-1.6.3.jar (org.jetbrains.kotlinx:kotlinx-serialization-core-jvm:1.6.3) with EnumerateClassesTransform
Transforming kotlinx-serialization-json-jvm-1.6.3.jar (org.jetbrains.kotlinx:kotlinx-serialization-json-jvm:1.6.3) with IdentityTransform
Transforming kotlinx-serialization-json-jvm-1.6.3.jar (org.jetbrains.kotlinx:kotlinx-serialization-json-jvm:1.6.3) with EnumerateClassesTransform
Transforming room-ktx-2.5.0.aar (androidx.room:room-ktx:2.5.0) with AarToClassTransform
Transforming room-ktx-2.5.0.aar (androidx.room:room-ktx:2.5.0) with EnumerateClassesTransform
Transforming room-runtime-2.5.0.aar (androidx.room:room-runtime:2.5.0) with AarToClassTransform
Transforming room-runtime-2.5.0.aar (androidx.room:room-runtime:2.5.0) with EnumerateClassesTransform
Transforming annotation-experimental-1.4.0.aar (androidx.annotation:annotation-experimental:1.4.0) with AarToClassTransform
Transforming annotation-experimental-1.4.0.aar (androidx.annotation:annotation-experimental:1.4.0) with EnumerateClassesTransform
Transforming runtime-saveable-release.aar (androidx.compose.runtime:runtime-saveable-android:1.6.7) with AarToClassTransform
Transforming runtime-saveable-release.aar (androidx.compose.runtime:runtime-saveable-android:1.6.7) with EnumerateClassesTransform
Transforming runtime-release.aar (androidx.compose.runtime:runtime-android:1.6.7) with AarToClassTransform
Transforming runtime-release.aar (androidx.compose.runtime:runtime-android:1.6.7) with EnumerateClassesTransform
Transforming sqlite-framework-2.3.0.aar (androidx.sqlite:sqlite-framework:2.3.0) with AarToClassTransform
Transforming sqlite-framework-2.3.0.aar (androidx.sqlite:sqlite-framework:2.3.0) with EnumerateClassesTransform
Transforming terminal-view-v0.118.3.aar (com.github.termux.termux-app:terminal-view:v0.118.3) with AarToClassTransform
Transforming terminal-view-v0.118.3.aar (com.github.termux.termux-app:terminal-view:v0.118.3) with EnumerateClassesTransform
Transforming security-crypto-1.1.0-alpha06.aar (androidx.security:security-crypto:1.1.0-alpha06) with AarToClassTransform
Transforming security-crypto-1.1.0-alpha06.aar (androidx.security:security-crypto:1.1.0-alpha06) with EnumerateClassesTransform
Transforming ext-strikethrough-4.6.2.aar (io.noties.markwon:ext-strikethrough:4.6.2) with AarToClassTransform
Transforming ext-strikethrough-4.6.2.aar (io.noties.markwon:ext-strikethrough:4.6.2) with EnumerateClassesTransform
Transforming linkify-4.6.2.aar (io.noties.markwon:linkify:4.6.2) with AarToClassTransform
Transforming linkify-4.6.2.aar (io.noties.markwon:linkify:4.6.2) with EnumerateClassesTransform
Transforming core-4.6.2.aar (io.noties.markwon:core:4.6.2) with AarToClassTransform
Transforming core-4.6.2.aar (io.noties.markwon:core:4.6.2) with EnumerateClassesTransform
Transforming interpolator-1.0.0.aar (androidx.interpolator:interpolator:1.0.0) with AarToClassTransform
Transforming interpolator-1.0.0.aar (androidx.interpolator:interpolator:1.0.0) with EnumerateClassesTransform
Transforming interpolator-1.0.0.aar (androidx.interpolator:interpolator:1.0.0) with AarToClassTransform
Transforming interpolator-1.0.0.aar (androidx.interpolator:interpolator:1.0.0) with EnumerateClassesTransform
Transforming versionedparcelable-1.1.1.aar (androidx.versionedparcelable:versionedparcelable:1.1.1) with AarToClassTransform
Transforming versionedparcelable-1.1.1.aar (androidx.versionedparcelable:versionedparcelable:1.1.1) with EnumerateClassesTransform
Transforming cursoradapter-1.0.0.aar (androidx.cursoradapter:cursoradapter:1.0.0) with AarToClassTransform
Transforming cursoradapter-1.0.0.aar (androidx.cursoradapter:cursoradapter:1.0.0) with EnumerateClassesTransform
Transforming cardview-1.0.0.aar (androidx.cardview:cardview:1.0.0) with AarToClassTransform
Transforming cardview-1.0.0.aar (androidx.cardview:cardview:1.0.0) with EnumerateClassesTransform
Transforming transport-backend-cct-3.1.8.aar (com.google.android.datatransport:transport-backend-cct:3.1.8) with AarToClassTransform
Transforming transport-backend-cct-3.1.8.aar (com.google.android.datatransport:transport-backend-cct:3.1.8) with EnumerateClassesTransform
Transforming transport-runtime-3.1.8.aar (com.google.android.datatransport:transport-runtime:3.1.8) with AarToClassTransform
Transforming transport-runtime-3.1.8.aar (com.google.android.datatransport:transport-runtime:3.1.8) with EnumerateClassesTransform
Transforming transport-api-3.0.0.aar (com.google.android.datatransport:transport-api:3.0.0) with AarToClassTransform
Transforming transport-api-3.0.0.aar (com.google.android.datatransport:transport-api:3.0.0) with EnumerateClassesTransform
Transforming profileinstaller-1.3.1.aar (androidx.profileinstaller:profileinstaller:1.3.1) with AarToClassTransform
Transforming profileinstaller-1.3.1.aar (androidx.profileinstaller:profileinstaller:1.3.1) with EnumerateClassesTransform
Transforming startup-runtime-1.1.1.aar (androidx.startup:startup-runtime:1.1.1) with AarToClassTransform
Transforming startup-runtime-1.1.1.aar (androidx.startup:startup-runtime:1.1.1) with EnumerateClassesTransform
Transforming tracing-1.0.0.aar (androidx.tracing:tracing:1.0.0) with AarToClassTransform
Transforming tracing-1.0.0.aar (androidx.tracing:tracing:1.0.0) with EnumerateClassesTransform
Transforming firebase-encoders-json-18.0.0.aar (com.google.firebase:firebase-encoders-json:18.0.0) with AarToClassTransform
Transforming firebase-encoders-json-18.0.0.aar (com.google.firebase:firebase-encoders-json:18.0.0) with EnumerateClassesTransform
Transforming firebase-encoders-proto-16.0.0.jar (com.google.firebase:firebase-encoders-proto:16.0.0) with IdentityTransform
Transforming firebase-encoders-proto-16.0.0.jar (com.google.firebase:firebase-encoders-proto:16.0.0) with EnumerateClassesTransform
Transforming firebase-encoders-17.0.0.jar (com.google.firebase:firebase-encoders:17.0.0) with IdentityTransform
Transforming firebase-encoders-17.0.0.jar (com.google.firebase:firebase-encoders:17.0.0) with EnumerateClassesTransform
Transforming core-runtime-2.2.0.aar (androidx.arch.core:core-runtime:2.2.0) with AarToClassTransform
Transforming core-runtime-2.2.0.aar (androidx.arch.core:core-runtime:2.2.0) with EnumerateClassesTransform
Transforming core-common-2.2.0.jar (androidx.arch.core:core-common:2.2.0) with IdentityTransform
Transforming core-common-2.2.0.jar (androidx.arch.core:core-common:2.2.0) with EnumerateClassesTransform
Transforming room-common-2.5.0.jar (androidx.room:room-common:2.5.0) with IdentityTransform
Transforming room-common-2.5.0.jar (androidx.room:room-common:2.5.0) with EnumerateClassesTransform
Transforming sqlite-2.3.0.aar (androidx.sqlite:sqlite:2.3.0) with AarToClassTransform
Transforming sqlite-2.3.0.aar (androidx.sqlite:sqlite:2.3.0) with EnumerateClassesTransform
Transforming concurrent-futures-1.1.0.jar (androidx.concurrent:concurrent-futures:1.1.0) with IdentityTransform
Transforming concurrent-futures-1.1.0.jar (androidx.concurrent:concurrent-futures:1.1.0) with EnumerateClassesTransform
Transforming collection-ktx-1.4.0.jar (androidx.collection:collection-ktx:1.4.0) with IdentityTransform
Transforming collection-ktx-1.4.0.jar (androidx.collection:collection-ktx:1.4.0) with EnumerateClassesTransform
Transforming collection-jvm-1.4.0.jar (androidx.collection:collection-jvm:1.4.0) with IdentityTransform
Transforming collection-jvm-1.4.0.jar (androidx.collection:collection-jvm:1.4.0) with EnumerateClassesTransform
Transforming documentfile-1.0.0.aar (androidx.documentfile:documentfile:1.0.0) with AarToClassTransform
Transforming documentfile-1.0.0.aar (androidx.documentfile:documentfile:1.0.0) with EnumerateClassesTransform
Transforming localbroadcastmanager-1.0.0.aar (androidx.localbroadcastmanager:localbroadcastmanager:1.0.0) with AarToClassTransform
Transforming localbroadcastmanager-1.0.0.aar (androidx.localbroadcastmanager:localbroadcastmanager:1.0.0) with EnumerateClassesTransform
Transforming print-1.0.0.aar (androidx.print:print:1.0.0) with AarToClassTransform
Transforming print-1.0.0.aar (androidx.print:print:1.0.0) with EnumerateClassesTransform
Transforming annotation-jvm-1.8.0.jar (androidx.annotation:annotation-jvm:1.8.0) with IdentityTransform
Transforming annotation-jvm-1.8.0.jar (androidx.annotation:annotation-jvm:1.8.0) with EnumerateClassesTransform
Transforming kotlinx-coroutines-android-1.7.3.jar (org.jetbrains.kotlinx:kotlinx-coroutines-android:1.7.3) with IdentityTransform
Transforming kotlinx-coroutines-android-1.7.3.jar (org.jetbrains.kotlinx:kotlinx-coroutines-android:1.7.3) with EnumerateClassesTransform
Transforming kotlinx-coroutines-core-jvm-1.7.3.jar (org.jetbrains.kotlinx:kotlinx-coroutines-core-jvm:1.7.3) with IdentityTransform
Transforming kotlinx-coroutines-core-jvm-1.7.3.jar (org.jetbrains.kotlinx:kotlinx-coroutines-core-jvm:1.7.3) with EnumerateClassesTransform
Transforming kotlin-stdlib-jdk8-1.8.20.jar (org.jetbrains.kotlin:kotlin-stdlib-jdk8:1.8.20) with IdentityTransform
Transforming kotlin-stdlib-jdk8-1.8.20.jar (org.jetbrains.kotlin:kotlin-stdlib-jdk8:1.8.20) with EnumerateClassesTransform
Transforming kotlin-stdlib-jdk7-1.8.20.jar (org.jetbrains.kotlin:kotlin-stdlib-jdk7:1.8.20) with IdentityTransform
Transforming kotlin-stdlib-jdk7-1.8.20.jar (org.jetbrains.kotlin:kotlin-stdlib-jdk7:1.8.20) with EnumerateClassesTransform
Transforming kotlin-stdlib-1.9.23.jar (org.jetbrains.kotlin:kotlin-stdlib:1.9.23) with IdentityTransform
Transforming kotlin-stdlib-1.9.23.jar (org.jetbrains.kotlin:kotlin-stdlib:1.9.23) with EnumerateClassesTransform
Transforming jose4j-0.9.6.jar (org.bitbucket.b_c:jose4j:0.9.6) with IdentityTransform
Transforming jose4j-0.9.6.jar (org.bitbucket.b_c:jose4j:0.9.6) with EnumerateClassesTransform
Transforming jdom2-2.0.6.1.jar (org.jdom:jdom2:2.0.6.1) with IdentityTransform
Transforming jdom2-2.0.6.1.jar (org.jdom:jdom2:2.0.6.1) with EnumerateClassesTransform
Transforming commons-io-2.14.0.jar (commons-io:commons-io:2.14.0) with IdentityTransform
Transforming commons-io-2.14.0.jar (commons-io:commons-io:2.14.0) with EnumerateClassesTransform
Transforming protobuf-java-3.25.5.jar (com.google.protobuf:protobuf-java:3.25.5) with IdentityTransform
Transforming protobuf-java-3.25.5.jar (com.google.protobuf:protobuf-java:3.25.5) with EnumerateClassesTransform
Transforming google-auth-library-oauth2-http-1.46.0.jar (com.google.auth:google-auth-library-oauth2-http:1.46.0) with IdentityTransform
Transforming google-auth-library-oauth2-http-1.46.0.jar (com.google.auth:google-auth-library-oauth2-http:1.46.0) with EnumerateClassesTransform
Transforming google-api-services-drive-v3-rev20230822-2.0.0.jar (com.google.apis:google-api-services-drive:v3-rev20230822-2.0.0) with IdentityTransform
Transforming google-api-services-drive-v3-rev20230822-2.0.0.jar (com.google.apis:google-api-services-drive:v3-rev20230822-2.0.0) with EnumerateClassesTransform
Transforming google-api-client-2.2.0.jar (com.google.api-client:google-api-client:2.2.0) with IdentityTransform
Transforming google-api-client-2.2.0.jar (com.google.api-client:google-api-client:2.2.0) with EnumerateClassesTransform
Transforming google-api-client-android-2.0.0.jar (com.google.api-client:google-api-client-android:2.0.0) with IdentityTransform
Transforming google-api-client-android-2.0.0.jar (com.google.api-client:google-api-client-android:2.0.0) with EnumerateClassesTransform
Transforming google-oauth-client-1.34.1.jar (com.google.oauth-client:google-oauth-client:1.34.1) with IdentityTransform
Transforming google-oauth-client-1.34.1.jar (com.google.oauth-client:google-oauth-client:1.34.1) with EnumerateClassesTransform
Transforming google-http-client-gson-2.1.0.jar (com.google.http-client:google-http-client-gson:2.1.0) with IdentityTransform
Transforming google-http-client-gson-2.1.0.jar (com.google.http-client:google-http-client-gson:2.1.0) with EnumerateClassesTransform
Transforming google-http-client-apache-v2-1.42.3.jar (com.google.http-client:google-http-client-apache-v2:1.42.3) with IdentityTransform
Transforming google-http-client-apache-v2-1.42.3.jar (com.google.http-client:google-http-client-apache-v2:1.42.3) with EnumerateClassesTransform
Transforming google-http-client-2.1.0.jar (com.google.http-client:google-http-client:2.1.0) with IdentityTransform
Transforming google-http-client-2.1.0.jar (com.google.http-client:google-http-client:2.1.0) with EnumerateClassesTransform
Transforming api-common-2.53.0.jar (com.google.api:api-common:2.53.0) with IdentityTransform
Transforming api-common-2.53.0.jar (com.google.api:api-common:2.53.0) with EnumerateClassesTransform
Transforming opencensus-contrib-http-util-0.31.1.jar (io.opencensus:opencensus-contrib-http-util:0.31.1) with IdentityTransform
Transforming opencensus-contrib-http-util-0.31.1.jar (io.opencensus:opencensus-contrib-http-util:0.31.1) with EnumerateClassesTransform
Transforming guava-33.6.0-android.jar (com.google.guava:guava:33.6.0-jre) with IdentityTransform
Transforming guava-33.6.0-android.jar (com.google.guava:guava:33.6.0-jre) with EnumerateClassesTransform
Transforming netty-codec-http2-4.1.132.Final.jar (io.netty:netty-codec-http2:4.1.132.Final) with IdentityTransform
Transforming netty-codec-http2-4.1.132.Final.jar (io.netty:netty-codec-http2:4.1.132.Final) with EnumerateClassesTransform
Transforming netty-codec-http-4.1.132.Final.jar (io.netty:netty-codec-http:4.1.132.Final) with IdentityTransform
Transforming netty-codec-http-4.1.132.Final.jar (io.netty:netty-codec-http:4.1.132.Final) with EnumerateClassesTransform
Transforming netty-handler-4.1.132.Final.jar (io.netty:netty-handler:4.1.132.Final) with IdentityTransform
Transforming netty-handler-4.1.132.Final.jar (io.netty:netty-handler:4.1.132.Final) with EnumerateClassesTransform
Transforming netty-codec-4.1.132.Final.jar (io.netty:netty-codec:4.1.132.Final) with IdentityTransform
Transforming netty-codec-4.1.132.Final.jar (io.netty:netty-codec:4.1.132.Final) with EnumerateClassesTransform
Transforming netty-transport-native-unix-common-4.1.132.Final.jar (io.netty:netty-transport-native-unix-common:4.1.132.Final) with IdentityTransform
Transforming netty-transport-native-unix-common-4.1.132.Final.jar (io.netty:netty-transport-native-unix-common:4.1.132.Final) with EnumerateClassesTransform
Transforming netty-transport-4.1.132.Final.jar (io.netty:netty-transport:4.1.132.Final) with IdentityTransform
Transforming netty-transport-4.1.132.Final.jar (io.netty:netty-transport:4.1.132.Final) with EnumerateClassesTransform
Transforming netty-buffer-4.1.132.Final.jar (io.netty:netty-buffer:4.1.132.Final) with IdentityTransform
Transforming netty-buffer-4.1.132.Final.jar (io.netty:netty-buffer:4.1.132.Final) with EnumerateClassesTransform
Transforming netty-resolver-4.1.132.Final.jar (io.netty:netty-resolver:4.1.132.Final) with IdentityTransform
Transforming netty-resolver-4.1.132.Final.jar (io.netty:netty-resolver:4.1.132.Final) with EnumerateClassesTransform
Transforming netty-common-4.1.132.Final.jar (io.netty:netty-common:4.1.132.Final) with IdentityTransform
Transforming netty-common-4.1.132.Final.jar (io.netty:netty-common:4.1.132.Final) with EnumerateClassesTransform
Transforming commons-net-3.10.0.jar (commons-net:commons-net:3.10.0) with IdentityTransform
Transforming commons-net-3.10.0.jar (commons-net:commons-net:3.10.0) with EnumerateClassesTransform
Transforming sshj-0.40.0.jar (com.hierynomus:sshj:0.40.0) with IdentityTransform
Transforming sshj-0.40.0.jar (com.hierynomus:sshj:0.40.0) with EnumerateClassesTransform
Transforming slf4j-nop-2.0.12.jar (org.slf4j:slf4j-nop:2.0.12) with IdentityTransform
Transforming slf4j-nop-2.0.12.jar (org.slf4j:slf4j-nop:2.0.12) with EnumerateClassesTransform
Transforming bcpkix-jdk18on-1.84.jar (org.bouncycastle:bcpkix-jdk18on:1.84) with IdentityTransform
Transforming bcpkix-jdk18on-1.84.jar (org.bouncycastle:bcpkix-jdk18on:1.84) with EnumerateClassesTransform
Transforming bcutil-jdk18on-1.84.jar (org.bouncycastle:bcutil-jdk18on:1.84) with IdentityTransform
Transforming bcutil-jdk18on-1.84.jar (org.bouncycastle:bcutil-jdk18on:1.84) with EnumerateClassesTransform
Transforming bcprov-jdk18on-1.84.jar (org.bouncycastle:bcprov-jdk18on:1.84) with IdentityTransform
Transforming bcprov-jdk18on-1.84.jar (org.bouncycastle:bcprov-jdk18on:1.84) with EnumerateClassesTransform
Transforming annotations-23.0.0.jar (org.jetbrains:annotations:23.0.0) with IdentityTransform
Transforming annotations-23.0.0.jar (org.jetbrains:annotations:23.0.0) with EnumerateClassesTransform
Transforming asn-one-0.6.0.jar (com.hierynomus:asn-one:0.6.0) with IdentityTransform
Transforming asn-one-0.6.0.jar (com.hierynomus:asn-one:0.6.0) with EnumerateClassesTransform
Transforming slf4j-api-2.0.17.jar (org.slf4j:slf4j-api:2.0.17) with IdentityTransform
Transforming slf4j-api-2.0.17.jar (org.slf4j:slf4j-api:2.0.17) with EnumerateClassesTransform
Transforming failureaccess-1.0.3.jar (com.google.guava:failureaccess:1.0.3) with IdentityTransform
Transforming failureaccess-1.0.3.jar (com.google.guava:failureaccess:1.0.3) with EnumerateClassesTransform
Transforming jspecify-1.0.0.jar (org.jspecify:jspecify:1.0.0) with IdentityTransform
Transforming jspecify-1.0.0.jar (org.jspecify:jspecify:1.0.0) with EnumerateClassesTransform
Transforming tink-android-1.8.0.jar (com.google.crypto.tink:tink-android:1.8.0) with IdentityTransform
Transforming tink-android-1.8.0.jar (com.google.crypto.tink:tink-android:1.8.0) with EnumerateClassesTransform
Transforming gson-2.12.1.jar (com.google.code.gson:gson:2.12.1) with IdentityTransform
Transforming gson-2.12.1.jar (com.google.code.gson:gson:2.12.1) with EnumerateClassesTransform
Transforming error_prone_annotations-2.47.0.jar (com.google.errorprone:error_prone_annotations:2.47.0) with IdentityTransform
Transforming error_prone_annotations-2.47.0.jar (com.google.errorprone:error_prone_annotations:2.47.0) with EnumerateClassesTransform
Transforming j2objc-annotations-3.1.jar (com.google.j2objc:j2objc-annotations:3.1) with IdentityTransform
Transforming j2objc-annotations-3.1.jar (com.google.j2objc:j2objc-annotations:3.1) with EnumerateClassesTransform
Transforming terminal-emulator-v0.118.3.aar (com.github.termux.termux-app:terminal-emulator:v0.118.3) with AarToClassTransform
Transforming terminal-emulator-v0.118.3.aar (com.github.termux.termux-app:terminal-emulator:v0.118.3) with EnumerateClassesTransform
Transforming hiddenapibypass-6.1.aar (org.lsposed.hiddenapibypass:hiddenapibypass:6.1) with AarToClassTransform
Transforming hiddenapibypass-6.1.aar (org.lsposed.hiddenapibypass:hiddenapibypass:6.1) with EnumerateClassesTransform
Transforming auto-value-annotations-1.11.0.jar (com.google.auto.value:auto-value-annotations:1.11.0) with IdentityTransform
Transforming auto-value-annotations-1.11.0.jar (com.google.auto.value:auto-value-annotations:1.11.0) with EnumerateClassesTransform
Transforming jsr305-3.0.2.jar (com.google.code.findbugs:jsr305:3.0.2) with IdentityTransform
Transforming jsr305-3.0.2.jar (com.google.code.findbugs:jsr305:3.0.2) with EnumerateClassesTransform
Transforming google-auth-library-credentials-1.46.0.jar (com.google.auth:google-auth-library-credentials:1.46.0) with IdentityTransform
Transforming google-auth-library-credentials-1.46.0.jar (com.google.auth:google-auth-library-credentials:1.46.0) with EnumerateClassesTransform
Transforming commonmark-ext-gfm-strikethrough-0.13.0.jar (com.atlassian.commonmark:commonmark-ext-gfm-strikethrough:0.13.0) with IdentityTransform
Transforming commonmark-ext-gfm-strikethrough-0.13.0.jar (com.atlassian.commonmark:commonmark-ext-gfm-strikethrough:0.13.0) with EnumerateClassesTransform
Transforming commonmark-0.13.0.jar (com.atlassian.commonmark:commonmark:0.13.0) with IdentityTransform
Transforming commonmark-0.13.0.jar (com.atlassian.commonmark:commonmark:0.13.0) with EnumerateClassesTransform
Transforming httpclient-4.5.14.jar (org.apache.httpcomponents:httpclient:4.5.14) with IdentityTransform
Transforming httpclient-4.5.14.jar (org.apache.httpcomponents:httpclient:4.5.14) with EnumerateClassesTransform
Transforming commons-codec-1.15.jar (commons-codec:commons-codec:1.15) with IdentityTransform
Transforming commons-codec-1.15.jar (commons-codec:commons-codec:1.15) with EnumerateClassesTransform
Transforming httpcore-4.4.16.jar (org.apache.httpcomponents:httpcore:4.4.16) with IdentityTransform
Transforming httpcore-4.4.16.jar (org.apache.httpcomponents:httpcore:4.4.16) with EnumerateClassesTransform
Transforming opencensus-api-0.31.1.jar (io.opencensus:opencensus-api:0.31.1) with IdentityTransform
Transforming opencensus-api-0.31.1.jar (io.opencensus:opencensus-api:0.31.1) with EnumerateClassesTransform
Transforming grpc-context-1.70.0.jar (io.grpc:grpc-context:1.70.0) with IdentityTransform
Transforming grpc-context-1.70.0.jar (io.grpc:grpc-context:1.70.0) with EnumerateClassesTransform
Transforming javax.annotation-api-1.3.2.jar (javax.annotation:javax.annotation-api:1.3.2) with IdentityTransform
Transforming javax.annotation-api-1.3.2.jar (javax.annotation:javax.annotation-api:1.3.2) with EnumerateClassesTransform
Transforming constraintlayout-solver-2.0.1.jar (androidx.constraintlayout:constraintlayout-solver:2.0.1) with IdentityTransform
Transforming constraintlayout-solver-2.0.1.jar (androidx.constraintlayout:constraintlayout-solver:2.0.1) with EnumerateClassesTransform
Transforming javax.inject-1.jar (javax.inject:javax.inject:1) with IdentityTransform
Transforming javax.inject-1.jar (javax.inject:javax.inject:1) with EnumerateClassesTransform
Transforming grpc-api-1.70.0.jar (io.grpc:grpc-api:1.70.0) with IdentityTransform
Transforming grpc-api-1.70.0.jar (io.grpc:grpc-api:1.70.0) with EnumerateClassesTransform
Caching disabled for task ':app:checkDebugDuplicateClasses' because:
  Build cache is disabled
  Caching has been disabled for the task
Skipping task ':app:checkDebugDuplicateClasses' as it is up-to-date.
Resolve mutations for :app:mergeExtDexDebug (Thread[#15972,Execution worker Thread 9,5,main]) started.
:app:mergeExtDexDebug (Thread[#15972,Execution worker Thread 9,5,main]) started.

> Task :app:mergeExtDexDebug UP-TO-DATE
Transforming termux-shared-v0.118.3.aar (com.github.termux.termux-app:termux-shared:v0.118.3) with AarToClassTransform
Transforming termux-shared-v0.118.3.aar (com.github.termux.termux-app:termux-shared:v0.118.3) with IdentityTransform
Transforming termux-shared-v0.118.3.aar (com.github.termux.termux-app:termux-shared:v0.118.3) with DexingNoClasspathTransform
Transforming termux-shared-v0.118.3.aar (com.github.termux.termux-app:termux-shared:v0.118.3) with DexingOutputSplitTransform
Transforming material-1.4.0.aar (com.google.android.material:material:1.4.0) with AarToClassTransform
Transforming material-1.4.0.aar (com.google.android.material:material:1.4.0) with IdentityTransform
Transforming material-1.4.0.aar (com.google.android.material:material:1.4.0) with DexingNoClasspathTransform
Transforming material-1.4.0.aar (com.google.android.material:material:1.4.0) with DexingOutputSplitTransform
Transforming constraintlayout-2.0.1.aar (androidx.constraintlayout:constraintlayout:2.0.1) with AarToClassTransform
Transforming constraintlayout-2.0.1.aar (androidx.constraintlayout:constraintlayout:2.0.1) with IdentityTransform
Transforming constraintlayout-2.0.1.aar (androidx.constraintlayout:constraintlayout:2.0.1) with DexingNoClasspathTransform
Transforming constraintlayout-2.0.1.aar (androidx.constraintlayout:constraintlayout:2.0.1) with DexingOutputSplitTransform
Transforming appcompat-1.3.1.aar (androidx.appcompat:appcompat:1.3.1) with AarToClassTransform
Transforming appcompat-1.3.1.aar (androidx.appcompat:appcompat:1.3.1) with IdentityTransform
Transforming appcompat-1.3.1.aar (androidx.appcompat:appcompat:1.3.1) with DexingNoClasspathTransform
Transforming appcompat-1.3.1.aar (androidx.appcompat:appcompat:1.3.1) with DexingOutputSplitTransform
Transforming window-1.0.0-alpha09.aar (androidx.window:window:1.0.0-alpha09) with AarToClassTransform
Transforming window-1.0.0-alpha09.aar (androidx.window:window:1.0.0-alpha09) with IdentityTransform
Transforming window-1.0.0-alpha09.aar (androidx.window:window:1.0.0-alpha09) with DexingNoClasspathTransform
Transforming window-1.0.0-alpha09.aar (androidx.window:window:1.0.0-alpha09) with DexingOutputSplitTransform
Transforming googleid-1.1.0.aar (com.google.android.libraries.identity.googleid:googleid:1.1.0) with AarToClassTransform
Transforming googleid-1.1.0.aar (com.google.android.libraries.identity.googleid:googleid:1.1.0) with IdentityTransform
Transforming googleid-1.1.0.aar (com.google.android.libraries.identity.googleid:googleid:1.1.0) with DexingNoClasspathTransform
Transforming googleid-1.1.0.aar (com.google.android.libraries.identity.googleid:googleid:1.1.0) with DexingOutputSplitTransform
Transforming credentials-1.2.1.aar (androidx.credentials:credentials:1.2.1) with AarToClassTransform
Transforming credentials-1.2.1.aar (androidx.credentials:credentials:1.2.1) with IdentityTransform
Transforming credentials-1.2.1.aar (androidx.credentials:credentials:1.2.1) with DexingNoClasspathTransform
Transforming credentials-1.2.1.aar (androidx.credentials:credentials:1.2.1) with DexingOutputSplitTransform
Transforming credentials-1.2.1.aar (androidx.credentials:credentials:1.2.1) with AarToClassTransform
Transforming credentials-1.2.1.aar (androidx.credentials:credentials:1.2.1) with IdentityTransform
Transforming credentials-1.2.1.aar (androidx.credentials:credentials:1.2.1) with DexingNoClasspathTransform
Transforming credentials-1.2.1.aar (androidx.credentials:credentials:1.2.1) with DexingOutputSplitTransform
Transforming credentials-play-services-auth-1.2.1.aar (androidx.credentials:credentials-play-services-auth:1.2.1) with AarToClassTransform
Transforming credentials-play-services-auth-1.2.1.aar (androidx.credentials:credentials-play-services-auth:1.2.1) with IdentityTransform
Transforming credentials-play-services-auth-1.2.1.aar (androidx.credentials:credentials-play-services-auth:1.2.1) with DexingNoClasspathTransform
Transforming credentials-play-services-auth-1.2.1.aar (androidx.credentials:credentials-play-services-auth:1.2.1) with DexingOutputSplitTransform
Transforming play-services-auth-21.1.1.aar (com.google.android.gms:play-services-auth:21.1.1) with AarToClassTransform
Transforming play-services-auth-21.1.1.aar (com.google.android.gms:play-services-auth:21.1.1) with IdentityTransform
Transforming play-services-auth-21.1.1.aar (com.google.android.gms:play-services-auth:21.1.1) with DexingNoClasspathTransform
Transforming play-services-auth-21.1.1.aar (com.google.android.gms:play-services-auth:21.1.1) with DexingOutputSplitTransform
Transforming billing-ktx-6.2.0.aar (com.android.billingclient:billing-ktx:6.2.0) with AarToClassTransform
Transforming billing-ktx-6.2.0.aar (com.android.billingclient:billing-ktx:6.2.0) with IdentityTransform
Transforming billing-ktx-6.2.0.aar (com.android.billingclient:billing-ktx:6.2.0) with DexingNoClasspathTransform
Transforming billing-ktx-6.2.0.aar (com.android.billingclient:billing-ktx:6.2.0) with DexingOutputSplitTransform
Transforming billing-6.2.0.aar (com.android.billingclient:billing:6.2.0) with AarToClassTransform
Transforming billing-6.2.0.aar (com.android.billingclient:billing:6.2.0) with IdentityTransform
Transforming billing-6.2.0.aar (com.android.billingclient:billing:6.2.0) with DexingNoClasspathTransform
Transforming billing-6.2.0.aar (com.android.billingclient:billing:6.2.0) with DexingOutputSplitTransform
Transforming play-services-fido-20.1.0.aar (com.google.android.gms:play-services-fido:20.1.0) with AarToClassTransform
Transforming play-services-fido-20.1.0.aar (com.google.android.gms:play-services-fido:20.1.0) with IdentityTransform
Transforming play-services-fido-20.1.0.aar (com.google.android.gms:play-services-fido:20.1.0) with DexingNoClasspathTransform
Transforming play-services-fido-20.1.0.aar (com.google.android.gms:play-services-fido:20.1.0) with DexingOutputSplitTransform
Transforming play-services-fido-20.1.0.aar (com.google.android.gms:play-services-fido:20.1.0) with AarToClassTransform
Transforming play-services-fido-20.1.0.aar (com.google.android.gms:play-services-fido:20.1.0) with IdentityTransform
Transforming play-services-fido-20.1.0.aar (com.google.android.gms:play-services-fido:20.1.0) with DexingNoClasspathTransform
Transforming play-services-fido-20.1.0.aar (com.google.android.gms:play-services-fido:20.1.0) with DexingOutputSplitTransform
Transforming play-services-auth-api-phone-18.0.2.aar (com.google.android.gms:play-services-auth-api-phone:18.0.2) with AarToClassTransform
Transforming play-services-auth-api-phone-18.0.2.aar (com.google.android.gms:play-services-auth-api-phone:18.0.2) with IdentityTransform
Transforming play-services-auth-api-phone-18.0.2.aar (com.google.android.gms:play-services-auth-api-phone:18.0.2) with DexingNoClasspathTransform
Transforming play-services-auth-api-phone-18.0.2.aar (com.google.android.gms:play-services-auth-api-phone:18.0.2) with DexingOutputSplitTransform
Transforming play-services-auth-base-18.0.10.aar (com.google.android.gms:play-services-auth-base:18.0.10) with AarToClassTransform
Transforming play-services-auth-base-18.0.10.aar (com.google.android.gms:play-services-auth-base:18.0.10) with IdentityTransform
Transforming play-services-auth-base-18.0.10.aar (com.google.android.gms:play-services-auth-base:18.0.10) with DexingNoClasspathTransform
Transforming play-services-auth-base-18.0.10.aar (com.google.android.gms:play-services-auth-base:18.0.10) with DexingOutputSplitTransform
Transforming play-services-location-19.0.0.aar (com.google.android.gms:play-services-location:19.0.0) with AarToClassTransform
Transforming play-services-location-19.0.0.aar (com.google.android.gms:play-services-location:19.0.0) with IdentityTransform
Transforming play-services-location-19.0.0.aar (com.google.android.gms:play-services-location:19.0.0) with DexingNoClasspathTransform
Transforming play-services-location-19.0.0.aar (com.google.android.gms:play-services-location:19.0.0) with DexingOutputSplitTransform
Transforming play-services-base-18.3.0.aar (com.google.android.gms:play-services-base:18.3.0) with AarToClassTransform
Transforming play-services-base-18.3.0.aar (com.google.android.gms:play-services-base:18.3.0) with IdentityTransform
Transforming play-services-base-18.3.0.aar (com.google.android.gms:play-services-base:18.3.0) with DexingNoClasspathTransform
Transforming play-services-base-18.3.0.aar (com.google.android.gms:play-services-base:18.3.0) with DexingOutputSplitTransform
Transforming play-services-tasks-18.1.0.aar (com.google.android.gms:play-services-tasks:18.1.0) with AarToClassTransform
Transforming play-services-tasks-18.1.0.aar (com.google.android.gms:play-services-tasks:18.1.0) with IdentityTransform
Transforming play-services-tasks-18.1.0.aar (com.google.android.gms:play-services-tasks:18.1.0) with DexingNoClasspathTransform
Transforming play-services-tasks-18.1.0.aar (com.google.android.gms:play-services-tasks:18.1.0) with DexingOutputSplitTransform
Transforming play-services-places-placereport-17.0.0.aar (com.google.android.gms:play-services-places-placereport:17.0.0) with AarToClassTransform
Transforming play-services-places-placereport-17.0.0.aar (com.google.android.gms:play-services-places-placereport:17.0.0) with IdentityTransform
Transforming play-services-places-placereport-17.0.0.aar (com.google.android.gms:play-services-places-placereport:17.0.0) with DexingNoClasspathTransform
Transforming play-services-places-placereport-17.0.0.aar (com.google.android.gms:play-services-places-placereport:17.0.0) with DexingOutputSplitTransform
Transforming play-services-basement-18.3.0.aar (com.google.android.gms:play-services-basement:18.3.0) with AarToClassTransform
Transforming play-services-basement-18.3.0.aar (com.google.android.gms:play-services-basement:18.3.0) with IdentityTransform
Transforming play-services-basement-18.3.0.aar (com.google.android.gms:play-services-basement:18.3.0) with DexingNoClasspathTransform
Transforming play-services-basement-18.3.0.aar (com.google.android.gms:play-services-basement:18.3.0) with DexingOutputSplitTransform
Transforming viewpager2-1.0.0.aar (androidx.viewpager2:viewpager2:1.0.0) with AarToClassTransform
Transforming viewpager2-1.0.0.aar (androidx.viewpager2:viewpager2:1.0.0) with IdentityTransform
Transforming viewpager2-1.0.0.aar (androidx.viewpager2:viewpager2:1.0.0) with DexingNoClasspathTransform
Transforming viewpager2-1.0.0.aar (androidx.viewpager2:viewpager2:1.0.0) with DexingOutputSplitTransform
Transforming fragment-1.5.7.aar (androidx.fragment:fragment:1.5.7) with AarToClassTransform
Transforming fragment-1.5.7.aar (androidx.fragment:fragment:1.5.7) with IdentityTransform
Transforming fragment-1.5.7.aar (androidx.fragment:fragment:1.5.7) with DexingNoClasspathTransform
Transforming fragment-1.5.7.aar (androidx.fragment:fragment:1.5.7) with DexingOutputSplitTransform
Transforming fragment-1.5.7.aar (androidx.fragment:fragment:1.5.7) with AarToClassTransform
Transforming fragment-1.5.7.aar (androidx.fragment:fragment:1.5.7) with IdentityTransform
Transforming fragment-1.5.7.aar (androidx.fragment:fragment:1.5.7) with DexingNoClasspathTransform
Transforming fragment-1.5.7.aar (androidx.fragment:fragment:1.5.7) with DexingOutputSplitTransform
Transforming dynamicanimation-1.0.0.aar (androidx.dynamicanimation:dynamicanimation:1.0.0) with AarToClassTransform
Transforming dynamicanimation-1.0.0.aar (androidx.dynamicanimation:dynamicanimation:1.0.0) with IdentityTransform
Transforming dynamicanimation-1.0.0.aar (androidx.dynamicanimation:dynamicanimation:1.0.0) with DexingNoClasspathTransform
Transforming dynamicanimation-1.0.0.aar (androidx.dynamicanimation:dynamicanimation:1.0.0) with DexingOutputSplitTransform
Transforming legacy-support-core-utils-1.0.0.aar (androidx.legacy:legacy-support-core-utils:1.0.0) with AarToClassTransform
Transforming legacy-support-core-utils-1.0.0.aar (androidx.legacy:legacy-support-core-utils:1.0.0) with IdentityTransform
Transforming legacy-support-core-utils-1.0.0.aar (androidx.legacy:legacy-support-core-utils:1.0.0) with DexingNoClasspathTransform
Transforming legacy-support-core-utils-1.0.0.aar (androidx.legacy:legacy-support-core-utils:1.0.0) with DexingOutputSplitTransform
Transforming loader-1.1.0.aar (androidx.loader:loader:1.1.0) with AarToClassTransform
Transforming loader-1.1.0.aar (androidx.loader:loader:1.1.0) with IdentityTransform
Transforming loader-1.1.0.aar (androidx.loader:loader:1.1.0) with DexingNoClasspathTransform
Transforming loader-1.1.0.aar (androidx.loader:loader:1.1.0) with DexingOutputSplitTransform
Transforming loader-1.1.0.aar (androidx.loader:loader:1.1.0) with AarToClassTransform
Transforming loader-1.1.0.aar (androidx.loader:loader:1.1.0) with IdentityTransform
Transforming loader-1.1.0.aar (androidx.loader:loader:1.1.0) with DexingNoClasspathTransform
Transforming loader-1.1.0.aar (androidx.loader:loader:1.1.0) with DexingOutputSplitTransform
Transforming work-runtime-ktx-2.9.0.aar (androidx.work:work-runtime-ktx:2.9.0) with AarToClassTransform
Transforming work-runtime-ktx-2.9.0.aar (androidx.work:work-runtime-ktx:2.9.0) with IdentityTransform
Transforming work-runtime-ktx-2.9.0.aar (androidx.work:work-runtime-ktx:2.9.0) with DexingNoClasspathTransform
Transforming work-runtime-ktx-2.9.0.aar (androidx.work:work-runtime-ktx:2.9.0) with DexingOutputSplitTransform
Transforming work-runtime-2.9.0.aar (androidx.work:work-runtime:2.9.0) with AarToClassTransform
Transforming work-runtime-2.9.0.aar (androidx.work:work-runtime:2.9.0) with IdentityTransform
Transforming work-runtime-2.9.0.aar (androidx.work:work-runtime:2.9.0) with DexingNoClasspathTransform
Transforming work-runtime-2.9.0.aar (androidx.work:work-runtime:2.9.0) with DexingOutputSplitTransform
Transforming navigation-common-2.7.7.aar (androidx.navigation:navigation-common:2.7.7) with AarToClassTransform
Transforming navigation-common-2.7.7.aar (androidx.navigation:navigation-common:2.7.7) with IdentityTransform
Transforming navigation-common-2.7.7.aar (androidx.navigation:navigation-common:2.7.7) with DexingNoClasspathTransform
Transforming navigation-common-2.7.7.aar (androidx.navigation:navigation-common:2.7.7) with DexingOutputSplitTransform
Transforming navigation-runtime-2.7.7.aar (androidx.navigation:navigation-runtime:2.7.7) with AarToClassTransform
Transforming navigation-runtime-2.7.7.aar (androidx.navigation:navigation-runtime:2.7.7) with IdentityTransform
Transforming navigation-runtime-2.7.7.aar (androidx.navigation:navigation-runtime:2.7.7) with DexingNoClasspathTransform
Transforming navigation-runtime-2.7.7.aar (androidx.navigation:navigation-runtime:2.7.7) with DexingOutputSplitTransform
Transforming navigation-common-ktx-2.7.7.aar (androidx.navigation:navigation-common-ktx:2.7.7) with AarToClassTransform
Transforming navigation-common-ktx-2.7.7.aar (androidx.navigation:navigation-common-ktx:2.7.7) with IdentityTransform
Transforming navigation-common-ktx-2.7.7.aar (androidx.navigation:navigation-common-ktx:2.7.7) with DexingNoClasspathTransform
Transforming navigation-common-ktx-2.7.7.aar (androidx.navigation:navigation-common-ktx:2.7.7) with DexingOutputSplitTransform
Transforming navigation-runtime-ktx-2.7.7.aar (androidx.navigation:navigation-runtime-ktx:2.7.7) with AarToClassTransform
Transforming navigation-runtime-ktx-2.7.7.aar (androidx.navigation:navigation-runtime-ktx:2.7.7) with IdentityTransform
Transforming navigation-runtime-ktx-2.7.7.aar (androidx.navigation:navigation-runtime-ktx:2.7.7) with DexingNoClasspathTransform
Transforming navigation-runtime-ktx-2.7.7.aar (androidx.navigation:navigation-runtime-ktx:2.7.7) with DexingOutputSplitTransform
Transforming navigation-compose-2.7.7.aar (androidx.navigation:navigation-compose:2.7.7) with AarToClassTransform
Transforming navigation-compose-2.7.7.aar (androidx.navigation:navigation-compose:2.7.7) with IdentityTransform
Transforming navigation-compose-2.7.7.aar (androidx.navigation:navigation-compose:2.7.7) with DexingNoClasspathTransform
Transforming navigation-compose-2.7.7.aar (androidx.navigation:navigation-compose:2.7.7) with DexingOutputSplitTransform
Transforming material3-release.aar (androidx.compose.material3:material3-android:1.2.1) with AarToClassTransform
Transforming material3-release.aar (androidx.compose.material3:material3-android:1.2.1) with IdentityTransform
Transforming material3-release.aar (androidx.compose.material3:material3-android:1.2.1) with DexingNoClasspathTransform
Transforming material3-release.aar (androidx.compose.material3:material3-android:1.2.1) with DexingOutputSplitTransform
Transforming savedstate-ktx-1.2.1.aar (androidx.savedstate:savedstate-ktx:1.2.1) with AarToClassTransform
Transforming savedstate-ktx-1.2.1.aar (androidx.savedstate:savedstate-ktx:1.2.1) with IdentityTransform
Transforming savedstate-ktx-1.2.1.aar (androidx.savedstate:savedstate-ktx:1.2.1) with DexingNoClasspathTransform
Transforming savedstate-ktx-1.2.1.aar (androidx.savedstate:savedstate-ktx:1.2.1) with DexingOutputSplitTransform
Transforming material-ripple-release.aar (androidx.compose.material:material-ripple-android:1.6.7) with AarToClassTransform
Transforming material-ripple-release.aar (androidx.compose.material:material-ripple-android:1.6.7) with IdentityTransform
Transforming material-ripple-release.aar (androidx.compose.material:material-ripple-android:1.6.7) with DexingNoClasspathTransform
Transforming material-ripple-release.aar (androidx.compose.material:material-ripple-android:1.6.7) with DexingOutputSplitTransform
Transforming material-icons-core-release.aar (androidx.compose.material:material-icons-core-android:1.6.7) with AarToClassTransform
Transforming material-icons-core-release.aar (androidx.compose.material:material-icons-core-android:1.6.7) with IdentityTransform
Transforming material-icons-core-release.aar (androidx.compose.material:material-icons-core-android:1.6.7) with DexingNoClasspathTransform
Transforming material-icons-core-release.aar (androidx.compose.material:material-icons-core-android:1.6.7) with DexingOutputSplitTransform
Transforming material-icons-extended-release.aar (androidx.compose.material:material-icons-extended-android:1.6.7) with AarToClassTransform
Transforming material-icons-extended-release.aar (androidx.compose.material:material-icons-extended-android:1.6.7) with IdentityTransform
Transforming material-icons-extended-release.aar (androidx.compose.material:material-icons-extended-android:1.6.7) with DexingNoClasspathTransform
Transforming material-icons-extended-release.aar (androidx.compose.material:material-icons-extended-android:1.6.7) with DexingOutputSplitTransform
Transforming material-release.aar (androidx.compose.material:material-android:1.6.7) with AarToClassTransform
Transforming material-release.aar (androidx.compose.material:material-android:1.6.7) with IdentityTransform
Transforming material-release.aar (androidx.compose.material:material-android:1.6.7) with DexingNoClasspathTransform
Transforming material-release.aar (androidx.compose.material:material-android:1.6.7) with DexingOutputSplitTransform
Transforming savedstate-1.2.1.aar (androidx.savedstate:savedstate:1.2.1) with AarToClassTransform
Transforming savedstate-1.2.1.aar (androidx.savedstate:savedstate:1.2.1) with IdentityTransform
Transforming savedstate-1.2.1.aar (androidx.savedstate:savedstate:1.2.1) with DexingNoClasspathTransform
Transforming savedstate-1.2.1.aar (androidx.savedstate:savedstate:1.2.1) with DexingOutputSplitTransform
Transforming foundation-release.aar (androidx.compose.foundation:foundation-android:1.6.7) with AarToClassTransform
Transforming foundation-release.aar (androidx.compose.foundation:foundation-android:1.6.7) with IdentityTransform
Transforming foundation-release.aar (androidx.compose.foundation:foundation-android:1.6.7) with DexingNoClasspathTransform
Transforming foundation-release.aar (androidx.compose.foundation:foundation-android:1.6.7) with DexingOutputSplitTransform
Transforming foundation-layout-release.aar (androidx.compose.foundation:foundation-layout-android:1.6.7) with AarToClassTransform
Transforming foundation-layout-release.aar (androidx.compose.foundation:foundation-layout-android:1.6.7) with IdentityTransform
Transforming foundation-layout-release.aar (androidx.compose.foundation:foundation-layout-android:1.6.7) with DexingNoClasspathTransform
Transforming foundation-layout-release.aar (androidx.compose.foundation:foundation-layout-android:1.6.7) with DexingOutputSplitTransform
Transforming animation-core-release.aar (androidx.compose.animation:animation-core-android:1.6.7) with AarToClassTransform
Transforming animation-core-release.aar (androidx.compose.animation:animation-core-android:1.6.7) with IdentityTransform
Transforming animation-core-release.aar (androidx.compose.animation:animation-core-android:1.6.7) with DexingNoClasspathTransform
Transforming animation-core-release.aar (androidx.compose.animation:animation-core-android:1.6.7) with DexingOutputSplitTransform
Transforming animation-release.aar (androidx.compose.animation:animation-android:1.6.7) with AarToClassTransform
Transforming animation-release.aar (androidx.compose.animation:animation-android:1.6.7) with IdentityTransform
Transforming animation-release.aar (androidx.compose.animation:animation-android:1.6.7) with DexingNoClasspathTransform
Transforming animation-release.aar (androidx.compose.animation:animation-android:1.6.7) with DexingOutputSplitTransform
Transforming ui-tooling-data-release.aar (androidx.compose.ui:ui-tooling-data-android:1.6.7) with AarToClassTransform
Transforming ui-tooling-data-release.aar (androidx.compose.ui:ui-tooling-data-android:1.6.7) with IdentityTransform
Transforming ui-tooling-data-release.aar (androidx.compose.ui:ui-tooling-data-android:1.6.7) with DexingNoClasspathTransform
Transforming ui-tooling-data-release.aar (androidx.compose.ui:ui-tooling-data-android:1.6.7) with DexingOutputSplitTransform
Transforming ui-unit-release.aar (androidx.compose.ui:ui-unit-android:1.6.7) with AarToClassTransform
Transforming ui-unit-release.aar (androidx.compose.ui:ui-unit-android:1.6.7) with IdentityTransform
Transforming ui-unit-release.aar (androidx.compose.ui:ui-unit-android:1.6.7) with DexingNoClasspathTransform
Transforming ui-unit-release.aar (androidx.compose.ui:ui-unit-android:1.6.7) with DexingOutputSplitTransform
Transforming ui-geometry-release.aar (androidx.compose.ui:ui-geometry-android:1.6.7) with AarToClassTransform
Transforming ui-geometry-release.aar (androidx.compose.ui:ui-geometry-android:1.6.7) with IdentityTransform
Transforming ui-geometry-release.aar (androidx.compose.ui:ui-geometry-android:1.6.7) with DexingNoClasspathTransform
Transforming ui-geometry-release.aar (androidx.compose.ui:ui-geometry-android:1.6.7) with DexingOutputSplitTransform
Transforming ui-util-release.aar (androidx.compose.ui:ui-util-android:1.6.7) with AarToClassTransform
Transforming ui-util-release.aar (androidx.compose.ui:ui-util-android:1.6.7) with IdentityTransform
Transforming ui-util-release.aar (androidx.compose.ui:ui-util-android:1.6.7) with DexingNoClasspathTransform
Transforming ui-util-release.aar (androidx.compose.ui:ui-util-android:1.6.7) with DexingOutputSplitTransform
Transforming ui-tooling-preview-release.aar (androidx.compose.ui:ui-tooling-preview-android:1.6.7) with AarToClassTransform
Transforming ui-tooling-preview-release.aar (androidx.compose.ui:ui-tooling-preview-android:1.6.7) with IdentityTransform
Transforming ui-tooling-preview-release.aar (androidx.compose.ui:ui-tooling-preview-android:1.6.7) with DexingNoClasspathTransform
Transforming ui-tooling-preview-release.aar (androidx.compose.ui:ui-tooling-preview-android:1.6.7) with DexingOutputSplitTransform
Transforming ui-graphics-release.aar (androidx.compose.ui:ui-graphics-android:1.6.7) with AarToClassTransform
Transforming ui-graphics-release.aar (androidx.compose.ui:ui-graphics-android:1.6.7) with IdentityTransform
Transforming ui-graphics-release.aar (androidx.compose.ui:ui-graphics-android:1.6.7) with DexingNoClasspathTransform
Transforming ui-graphics-release.aar (androidx.compose.ui:ui-graphics-android:1.6.7) with DexingOutputSplitTransform
Transforming ui-text-release.aar (androidx.compose.ui:ui-text-android:1.6.7) with AarToClassTransform
Transforming ui-text-release.aar (androidx.compose.ui:ui-text-android:1.6.7) with IdentityTransform
Transforming ui-text-release.aar (androidx.compose.ui:ui-text-android:1.6.7) with DexingNoClasspathTransform
Transforming ui-text-release.aar (androidx.compose.ui:ui-text-android:1.6.7) with DexingOutputSplitTransform
Transforming emoji2-1.3.0.aar (androidx.emoji2:emoji2:1.3.0) with AarToClassTransform
Transforming emoji2-1.3.0.aar (androidx.emoji2:emoji2:1.3.0) with IdentityTransform
Transforming emoji2-1.3.0.aar (androidx.emoji2:emoji2:1.3.0) with DexingNoClasspathTransform
Transforming emoji2-1.3.0.aar (androidx.emoji2:emoji2:1.3.0) with DexingOutputSplitTransform
Transforming lifecycle-process-2.8.0.aar (androidx.lifecycle:lifecycle-process:2.8.0) with AarToClassTransform
Transforming lifecycle-process-2.8.0.aar (androidx.lifecycle:lifecycle-process:2.8.0) with IdentityTransform
Transforming lifecycle-process-2.8.0.aar (androidx.lifecycle:lifecycle-process:2.8.0) with DexingNoClasspathTransform
Transforming lifecycle-process-2.8.0.aar (androidx.lifecycle:lifecycle-process:2.8.0) with DexingOutputSplitTransform
Transforming lifecycle-livedata-core-ktx-2.8.0.aar (androidx.lifecycle:lifecycle-livedata-core-ktx:2.8.0) with AarToClassTransform
Transforming lifecycle-livedata-core-ktx-2.8.0.aar (androidx.lifecycle:lifecycle-livedata-core-ktx:2.8.0) with IdentityTransform
Transforming lifecycle-livedata-core-ktx-2.8.0.aar (androidx.lifecycle:lifecycle-livedata-core-ktx:2.8.0) with DexingNoClasspathTransform
Transforming lifecycle-livedata-core-ktx-2.8.0.aar (androidx.lifecycle:lifecycle-livedata-core-ktx:2.8.0) with DexingOutputSplitTransform
Transforming lifecycle-common-jvm-2.8.0.jar (androidx.lifecycle:lifecycle-common-jvm:2.8.0) with IdentityTransform
Transforming lifecycle-common-jvm-2.8.0.jar (androidx.lifecycle:lifecycle-common-jvm:2.8.0) with IdentityTransform
Transforming lifecycle-common-jvm-2.8.0.jar (androidx.lifecycle:lifecycle-common-jvm:2.8.0) with DexingNoClasspathTransform
Transforming lifecycle-common-jvm-2.8.0.jar (androidx.lifecycle:lifecycle-common-jvm:2.8.0) with DexingOutputSplitTransform
Transforming lifecycle-common-java8-2.8.0.jar (androidx.lifecycle:lifecycle-common-java8:2.8.0) with IdentityTransform
Transforming lifecycle-common-java8-2.8.0.jar (androidx.lifecycle:lifecycle-common-java8:2.8.0) with IdentityTransform
Transforming lifecycle-common-java8-2.8.0.jar (androidx.lifecycle:lifecycle-common-java8:2.8.0) with DexingNoClasspathTransform
Transforming lifecycle-common-java8-2.8.0.jar (androidx.lifecycle:lifecycle-common-java8:2.8.0) with DexingOutputSplitTransform
Transforming lifecycle-viewmodel-2.8.0.aar (androidx.lifecycle:lifecycle-viewmodel:2.8.0) with AarToClassTransform
Transforming lifecycle-viewmodel-2.8.0.aar (androidx.lifecycle:lifecycle-viewmodel:2.8.0) with IdentityTransform
Transforming lifecycle-viewmodel-2.8.0.aar (androidx.lifecycle:lifecycle-viewmodel:2.8.0) with DexingNoClasspathTransform
Transforming lifecycle-viewmodel-2.8.0.aar (androidx.lifecycle:lifecycle-viewmodel:2.8.0) with DexingOutputSplitTransform
Transforming lifecycle-viewmodel-release.aar (androidx.lifecycle:lifecycle-viewmodel-android:2.8.0) with AarToClassTransform
Transforming lifecycle-viewmodel-release.aar (androidx.lifecycle:lifecycle-viewmodel-android:2.8.0) with IdentityTransform
Transforming lifecycle-viewmodel-release.aar (androidx.lifecycle:lifecycle-viewmodel-android:2.8.0) with DexingNoClasspathTransform
Transforming lifecycle-viewmodel-release.aar (androidx.lifecycle:lifecycle-viewmodel-android:2.8.0) with DexingOutputSplitTransform
Transforming lifecycle-runtime-release.aar (androidx.lifecycle:lifecycle-runtime-android:2.8.0) with AarToClassTransform
Transforming lifecycle-runtime-release.aar (androidx.lifecycle:lifecycle-runtime-android:2.8.0) with IdentityTransform
Transforming lifecycle-runtime-release.aar (androidx.lifecycle:lifecycle-runtime-android:2.8.0) with DexingNoClasspathTransform
Transforming lifecycle-runtime-release.aar (androidx.lifecycle:lifecycle-runtime-android:2.8.0) with DexingOutputSplitTransform
Transforming lifecycle-service-2.8.0.aar (androidx.lifecycle:lifecycle-service:2.8.0) with AarToClassTransform
Transforming lifecycle-service-2.8.0.aar (androidx.lifecycle:lifecycle-service:2.8.0) with IdentityTransform
Transforming lifecycle-service-2.8.0.aar (androidx.lifecycle:lifecycle-service:2.8.0) with DexingNoClasspathTransform
Transforming lifecycle-service-2.8.0.aar (androidx.lifecycle:lifecycle-service:2.8.0) with DexingOutputSplitTransform
Transforming lifecycle-livedata-2.8.0.aar (androidx.lifecycle:lifecycle-livedata:2.8.0) with AarToClassTransform
Transforming lifecycle-livedata-2.8.0.aar (androidx.lifecycle:lifecycle-livedata:2.8.0) with IdentityTransform
Transforming lifecycle-livedata-2.8.0.aar (androidx.lifecycle:lifecycle-livedata:2.8.0) with DexingNoClasspathTransform
Transforming lifecycle-livedata-2.8.0.aar (androidx.lifecycle:lifecycle-livedata:2.8.0) with DexingOutputSplitTransform
Transforming lifecycle-livedata-core-2.8.0.aar (androidx.lifecycle:lifecycle-livedata-core:2.8.0) with AarToClassTransform
Transforming lifecycle-livedata-core-2.8.0.aar (androidx.lifecycle:lifecycle-livedata-core:2.8.0) with IdentityTransform
Transforming lifecycle-livedata-core-2.8.0.aar (androidx.lifecycle:lifecycle-livedata-core:2.8.0) with DexingNoClasspathTransform
Transforming lifecycle-livedata-core-2.8.0.aar (androidx.lifecycle:lifecycle-livedata-core:2.8.0) with DexingOutputSplitTransform
Transforming lifecycle-livedata-core-2.8.0.aar (androidx.lifecycle:lifecycle-livedata-core:2.8.0) with AarToClassTransform
Transforming lifecycle-livedata-core-2.8.0.aar (androidx.lifecycle:lifecycle-livedata-core:2.8.0) with IdentityTransform
Transforming lifecycle-livedata-core-2.8.0.aar (androidx.lifecycle:lifecycle-livedata-core:2.8.0) with DexingNoClasspathTransform
Transforming lifecycle-livedata-core-2.8.0.aar (androidx.lifecycle:lifecycle-livedata-core:2.8.0) with DexingOutputSplitTransform
Transforming lifecycle-viewmodel-savedstate-2.8.0.aar (androidx.lifecycle:lifecycle-viewmodel-savedstate:2.8.0) with AarToClassTransform
Transforming lifecycle-viewmodel-savedstate-2.8.0.aar (androidx.lifecycle:lifecycle-viewmodel-savedstate:2.8.0) with IdentityTransform
Transforming lifecycle-viewmodel-savedstate-2.8.0.aar (androidx.lifecycle:lifecycle-viewmodel-savedstate:2.8.0) with DexingNoClasspathTransform
Transforming lifecycle-viewmodel-savedstate-2.8.0.aar (androidx.lifecycle:lifecycle-viewmodel-savedstate:2.8.0) with DexingOutputSplitTransform
Transforming lifecycle-viewmodel-ktx-2.8.0.aar (androidx.lifecycle:lifecycle-viewmodel-ktx:2.8.0) with AarToClassTransform
Transforming lifecycle-viewmodel-ktx-2.8.0.aar (androidx.lifecycle:lifecycle-viewmodel-ktx:2.8.0) with IdentityTransform
Transforming lifecycle-viewmodel-ktx-2.8.0.aar (androidx.lifecycle:lifecycle-viewmodel-ktx:2.8.0) with DexingNoClasspathTransform
Transforming lifecycle-viewmodel-ktx-2.8.0.aar (androidx.lifecycle:lifecycle-viewmodel-ktx:2.8.0) with DexingOutputSplitTransform
Transforming lifecycle-runtime-ktx-release.aar (androidx.lifecycle:lifecycle-runtime-ktx-android:2.8.0) with AarToClassTransform
Transforming lifecycle-runtime-ktx-release.aar (androidx.lifecycle:lifecycle-runtime-ktx-android:2.8.0) with IdentityTransform
Transforming lifecycle-runtime-ktx-release.aar (androidx.lifecycle:lifecycle-runtime-ktx-android:2.8.0) with DexingNoClasspathTransform
Transforming lifecycle-runtime-ktx-release.aar (androidx.lifecycle:lifecycle-runtime-ktx-android:2.8.0) with DexingOutputSplitTransform
Transforming lifecycle-viewmodel-compose-release.aar (androidx.lifecycle:lifecycle-viewmodel-compose-android:2.8.0) with AarToClassTransform
Transforming lifecycle-viewmodel-compose-release.aar (androidx.lifecycle:lifecycle-viewmodel-compose-android:2.8.0) with IdentityTransform
Transforming lifecycle-viewmodel-compose-release.aar (androidx.lifecycle:lifecycle-viewmodel-compose-android:2.8.0) with DexingNoClasspathTransform
Transforming lifecycle-viewmodel-compose-release.aar (androidx.lifecycle:lifecycle-viewmodel-compose-android:2.8.0) with DexingOutputSplitTransform
Transforming ui-release.aar (androidx.compose.ui:ui-android:1.6.7) with AarToClassTransform
Transforming ui-release.aar (androidx.compose.ui:ui-android:1.6.7) with IdentityTransform
Transforming ui-release.aar (androidx.compose.ui:ui-android:1.6.7) with DexingNoClasspathTransform
Transforming ui-release.aar (androidx.compose.ui:ui-android:1.6.7) with DexingOutputSplitTransform
Transforming ui-test-manifest-1.6.7.aar (androidx.compose.ui:ui-test-manifest:1.6.7) with AarToClassTransform
Transforming ui-test-manifest-1.6.7.aar (androidx.compose.ui:ui-test-manifest:1.6.7) with IdentityTransform
Transforming ui-test-manifest-1.6.7.aar (androidx.compose.ui:ui-test-manifest:1.6.7) with DexingNoClasspathTransform
Transforming ui-test-manifest-1.6.7.aar (androidx.compose.ui:ui-test-manifest:1.6.7) with DexingOutputSplitTransform
Transforming ui-tooling-release.aar (androidx.compose.ui:ui-tooling-android:1.6.7) with AarToClassTransform
Transforming ui-tooling-release.aar (androidx.compose.ui:ui-tooling-android:1.6.7) with IdentityTransform
Transforming ui-tooling-release.aar (androidx.compose.ui:ui-tooling-android:1.6.7) with DexingNoClasspathTransform
Transforming ui-tooling-release.aar (androidx.compose.ui:ui-tooling-android:1.6.7) with DexingOutputSplitTransform
Transforming activity-compose-1.9.0.aar (androidx.activity:activity-compose:1.9.0) with AarToClassTransform
Transforming activity-compose-1.9.0.aar (androidx.activity:activity-compose:1.9.0) with IdentityTransform
Transforming activity-compose-1.9.0.aar (androidx.activity:activity-compose:1.9.0) with DexingNoClasspathTransform
Transforming activity-compose-1.9.0.aar (androidx.activity:activity-compose:1.9.0) with DexingOutputSplitTransform
Transforming activity-ktx-1.9.0.aar (androidx.activity:activity-ktx:1.9.0) with AarToClassTransform
Transforming activity-ktx-1.9.0.aar (androidx.activity:activity-ktx:1.9.0) with IdentityTransform
Transforming activity-ktx-1.9.0.aar (androidx.activity:activity-ktx:1.9.0) with DexingNoClasspathTransform
Transforming activity-ktx-1.9.0.aar (androidx.activity:activity-ktx:1.9.0) with DexingOutputSplitTransform
Transforming activity-1.9.0.aar (androidx.activity:activity:1.9.0) with AarToClassTransform
Transforming activity-1.9.0.aar (androidx.activity:activity:1.9.0) with IdentityTransform
Transforming activity-1.9.0.aar (androidx.activity:activity:1.9.0) with DexingNoClasspathTransform
Transforming activity-1.9.0.aar (androidx.activity:activity:1.9.0) with DexingOutputSplitTransform
Transforming activity-1.9.0.aar (androidx.activity:activity:1.9.0) with AarToClassTransform
Transforming activity-1.9.0.aar (androidx.activity:activity:1.9.0) with IdentityTransform
Transforming activity-1.9.0.aar (androidx.activity:activity:1.9.0) with DexingNoClasspathTransform
Transforming activity-1.9.0.aar (androidx.activity:activity:1.9.0) with DexingOutputSplitTransform
Transforming appcompat-resources-1.3.1.aar (androidx.appcompat:appcompat-resources:1.3.1) with AarToClassTransform
Transforming appcompat-resources-1.3.1.aar (androidx.appcompat:appcompat-resources:1.3.1) with IdentityTransform
Transforming appcompat-resources-1.3.1.aar (androidx.appcompat:appcompat-resources:1.3.1) with DexingNoClasspathTransform
Transforming appcompat-resources-1.3.1.aar (androidx.appcompat:appcompat-resources:1.3.1) with DexingOutputSplitTransform
Transforming drawerlayout-1.0.0.aar (androidx.drawerlayout:drawerlayout:1.0.0) with AarToClassTransform
Transforming drawerlayout-1.0.0.aar (androidx.drawerlayout:drawerlayout:1.0.0) with IdentityTransform
Transforming drawerlayout-1.0.0.aar (androidx.drawerlayout:drawerlayout:1.0.0) with DexingNoClasspathTransform
Transforming drawerlayout-1.0.0.aar (androidx.drawerlayout:drawerlayout:1.0.0) with DexingOutputSplitTransform
Transforming coordinatorlayout-1.1.0.aar (androidx.coordinatorlayout:coordinatorlayout:1.1.0) with AarToClassTransform
Transforming coordinatorlayout-1.1.0.aar (androidx.coordinatorlayout:coordinatorlayout:1.1.0) with IdentityTransform
Transforming coordinatorlayout-1.1.0.aar (androidx.coordinatorlayout:coordinatorlayout:1.1.0) with DexingNoClasspathTransform
Transforming coordinatorlayout-1.1.0.aar (androidx.coordinatorlayout:coordinatorlayout:1.1.0) with DexingOutputSplitTransform
Transforming transition-1.2.0.aar (androidx.transition:transition:1.2.0) with AarToClassTransform
Transforming transition-1.2.0.aar (androidx.transition:transition:1.2.0) with IdentityTransform
Transforming transition-1.2.0.aar (androidx.transition:transition:1.2.0) with DexingNoClasspathTransform
Transforming transition-1.2.0.aar (androidx.transition:transition:1.2.0) with DexingOutputSplitTransform
Transforming vectordrawable-animated-1.1.0.aar (androidx.vectordrawable:vectordrawable-animated:1.1.0) with AarToClassTransform
Transforming vectordrawable-animated-1.1.0.aar (androidx.vectordrawable:vectordrawable-animated:1.1.0) with IdentityTransform
Transforming vectordrawable-animated-1.1.0.aar (androidx.vectordrawable:vectordrawable-animated:1.1.0) with DexingNoClasspathTransform
Transforming vectordrawable-animated-1.1.0.aar (androidx.vectordrawable:vectordrawable-animated:1.1.0) with DexingOutputSplitTransform
Transforming vectordrawable-1.1.0.aar (androidx.vectordrawable:vectordrawable:1.1.0) with AarToClassTransform
Transforming vectordrawable-1.1.0.aar (androidx.vectordrawable:vectordrawable:1.1.0) with IdentityTransform
Transforming vectordrawable-1.1.0.aar (androidx.vectordrawable:vectordrawable:1.1.0) with DexingNoClasspathTransform
Transforming vectordrawable-1.1.0.aar (androidx.vectordrawable:vectordrawable:1.1.0) with DexingOutputSplitTransform
Transforming vectordrawable-1.1.0.aar (androidx.vectordrawable:vectordrawable:1.1.0) with AarToClassTransform
Transforming vectordrawable-1.1.0.aar (androidx.vectordrawable:vectordrawable:1.1.0) with IdentityTransform
Transforming vectordrawable-1.1.0.aar (androidx.vectordrawable:vectordrawable:1.1.0) with DexingNoClasspathTransform
Transforming vectordrawable-1.1.0.aar (androidx.vectordrawable:vectordrawable:1.1.0) with DexingOutputSplitTransform
Transforming viewpager-1.0.0.aar (androidx.viewpager:viewpager:1.0.0) with AarToClassTransform
Transforming viewpager-1.0.0.aar (androidx.viewpager:viewpager:1.0.0) with IdentityTransform
Transforming viewpager-1.0.0.aar (androidx.viewpager:viewpager:1.0.0) with DexingNoClasspathTransform
Transforming viewpager-1.0.0.aar (androidx.viewpager:viewpager:1.0.0) with DexingOutputSplitTransform
Transforming autofill-1.0.0.aar (androidx.autofill:autofill:1.0.0) with AarToClassTransform
Transforming autofill-1.0.0.aar (androidx.autofill:autofill:1.0.0) with IdentityTransform
Transforming autofill-1.0.0.aar (androidx.autofill:autofill:1.0.0) with DexingNoClasspathTransform
Transforming autofill-1.0.0.aar (androidx.autofill:autofill:1.0.0) with DexingOutputSplitTransform
Transforming recycler-4.6.2.aar (io.noties.markwon:recycler:4.6.2) with AarToClassTransform
Transforming recycler-4.6.2.aar (io.noties.markwon:recycler:4.6.2) with IdentityTransform
Transforming recycler-4.6.2.aar (io.noties.markwon:recycler:4.6.2) with DexingNoClasspathTransform
Transforming recycler-4.6.2.aar (io.noties.markwon:recycler:4.6.2) with DexingOutputSplitTransform
Transforming recyclerview-1.1.0.aar (androidx.recyclerview:recyclerview:1.1.0) with AarToClassTransform
Transforming recyclerview-1.1.0.aar (androidx.recyclerview:recyclerview:1.1.0) with IdentityTransform
Transforming recyclerview-1.1.0.aar (androidx.recyclerview:recyclerview:1.1.0) with DexingNoClasspathTransform
Transforming recyclerview-1.1.0.aar (androidx.recyclerview:recyclerview:1.1.0) with DexingOutputSplitTransform
Transforming recyclerview-1.1.0.aar (androidx.recyclerview:recyclerview:1.1.0) with AarToClassTransform
Transforming recyclerview-1.1.0.aar (androidx.recyclerview:recyclerview:1.1.0) with IdentityTransform
Transforming recyclerview-1.1.0.aar (androidx.recyclerview:recyclerview:1.1.0) with DexingNoClasspathTransform
Transforming recyclerview-1.1.0.aar (androidx.recyclerview:recyclerview:1.1.0) with DexingOutputSplitTransform
Transforming customview-1.0.0.aar (androidx.customview:customview:1.0.0) with AarToClassTransform
Transforming customview-1.0.0.aar (androidx.customview:customview:1.0.0) with IdentityTransform
Transforming customview-1.0.0.aar (androidx.customview:customview:1.0.0) with DexingNoClasspathTransform
Transforming customview-1.0.0.aar (androidx.customview:customview:1.0.0) with DexingOutputSplitTransform
Transforming core-1.13.1.aar (androidx.core:core:1.13.1) with AarToClassTransform
Transforming core-1.13.1.aar (androidx.core:core:1.13.1) with IdentityTransform
Transforming core-1.13.1.aar (androidx.core:core:1.13.1) with DexingNoClasspathTransform
Transforming core-1.13.1.aar (androidx.core:core:1.13.1) with DexingOutputSplitTransform
Transforming core-1.13.1.aar (androidx.core:core:1.13.1) with AarToClassTransform
Transforming core-1.13.1.aar (androidx.core:core:1.13.1) with IdentityTransform
Transforming core-1.13.1.aar (androidx.core:core:1.13.1) with DexingNoClasspathTransform
Transforming core-1.13.1.aar (androidx.core:core:1.13.1) with DexingOutputSplitTransform
Transforming customview-poolingcontainer-1.0.0.aar (androidx.customview:customview-poolingcontainer:1.0.0) with AarToClassTransform
Transforming customview-poolingcontainer-1.0.0.aar (androidx.customview:customview-poolingcontainer:1.0.0) with IdentityTransform
Transforming customview-poolingcontainer-1.0.0.aar (androidx.customview:customview-poolingcontainer:1.0.0) with DexingNoClasspathTransform
Transforming customview-poolingcontainer-1.0.0.aar (androidx.customview:customview-poolingcontainer:1.0.0) with DexingOutputSplitTransform
Transforming core-ktx-1.13.1.aar (androidx.core:core-ktx:1.13.1) with AarToClassTransform
Transforming core-ktx-1.13.1.aar (androidx.core:core-ktx:1.13.1) with IdentityTransform
Transforming core-ktx-1.13.1.aar (androidx.core:core-ktx:1.13.1) with DexingNoClasspathTransform
Transforming core-ktx-1.13.1.aar (androidx.core:core-ktx:1.13.1) with DexingOutputSplitTransform
Transforming security-crypto-ktx-1.1.0-alpha06.aar (androidx.security:security-crypto-ktx:1.1.0-alpha06) with AarToClassTransform
Transforming security-crypto-ktx-1.1.0-alpha06.aar (androidx.security:security-crypto-ktx:1.1.0-alpha06) with IdentityTransform
Transforming security-crypto-ktx-1.1.0-alpha06.aar (androidx.security:security-crypto-ktx:1.1.0-alpha06) with DexingNoClasspathTransform
Transforming security-crypto-ktx-1.1.0-alpha06.aar (androidx.security:security-crypto-ktx:1.1.0-alpha06) with DexingOutputSplitTransform
Transforming kotlinx-serialization-core-jvm-1.6.3.jar (org.jetbrains.kotlinx:kotlinx-serialization-core-jvm:1.6.3) with IdentityTransform
Transforming kotlinx-serialization-core-jvm-1.6.3.jar (org.jetbrains.kotlinx:kotlinx-serialization-core-jvm:1.6.3) with IdentityTransform
Transforming kotlinx-serialization-core-jvm-1.6.3.jar (org.jetbrains.kotlinx:kotlinx-serialization-core-jvm:1.6.3) with DexingNoClasspathTransform
Transforming kotlinx-serialization-core-jvm-1.6.3.jar (org.jetbrains.kotlinx:kotlinx-serialization-core-jvm:1.6.3) with DexingOutputSplitTransform
Transforming kotlinx-serialization-json-jvm-1.6.3.jar (org.jetbrains.kotlinx:kotlinx-serialization-json-jvm:1.6.3) with IdentityTransform
Transforming kotlinx-serialization-json-jvm-1.6.3.jar (org.jetbrains.kotlinx:kotlinx-serialization-json-jvm:1.6.3) with IdentityTransform
Transforming kotlinx-serialization-json-jvm-1.6.3.jar (org.jetbrains.kotlinx:kotlinx-serialization-json-jvm:1.6.3) with DexingNoClasspathTransform
Transforming kotlinx-serialization-json-jvm-1.6.3.jar (org.jetbrains.kotlinx:kotlinx-serialization-json-jvm:1.6.3) with DexingOutputSplitTransform
Transforming room-ktx-2.5.0.aar (androidx.room:room-ktx:2.5.0) with AarToClassTransform
Transforming room-ktx-2.5.0.aar (androidx.room:room-ktx:2.5.0) with IdentityTransform
Transforming room-ktx-2.5.0.aar (androidx.room:room-ktx:2.5.0) with DexingNoClasspathTransform
Transforming room-ktx-2.5.0.aar (androidx.room:room-ktx:2.5.0) with DexingOutputSplitTransform
Transforming room-runtime-2.5.0.aar (androidx.room:room-runtime:2.5.0) with AarToClassTransform
Transforming room-runtime-2.5.0.aar (androidx.room:room-runtime:2.5.0) with IdentityTransform
Transforming room-runtime-2.5.0.aar (androidx.room:room-runtime:2.5.0) with DexingNoClasspathTransform
Transforming room-runtime-2.5.0.aar (androidx.room:room-runtime:2.5.0) with DexingOutputSplitTransform
Transforming annotation-experimental-1.4.0.aar (androidx.annotation:annotation-experimental:1.4.0) with AarToClassTransform
Transforming annotation-experimental-1.4.0.aar (androidx.annotation:annotation-experimental:1.4.0) with IdentityTransform
Transforming annotation-experimental-1.4.0.aar (androidx.annotation:annotation-experimental:1.4.0) with DexingNoClasspathTransform
Transforming annotation-experimental-1.4.0.aar (androidx.annotation:annotation-experimental:1.4.0) with DexingOutputSplitTransform
Transforming runtime-saveable-release.aar (androidx.compose.runtime:runtime-saveable-android:1.6.7) with AarToClassTransform
Transforming runtime-saveable-release.aar (androidx.compose.runtime:runtime-saveable-android:1.6.7) with IdentityTransform
Transforming runtime-saveable-release.aar (androidx.compose.runtime:runtime-saveable-android:1.6.7) with DexingNoClasspathTransform
Transforming runtime-saveable-release.aar (androidx.compose.runtime:runtime-saveable-android:1.6.7) with DexingOutputSplitTransform
Transforming runtime-release.aar (androidx.compose.runtime:runtime-android:1.6.7) with AarToClassTransform
Transforming runtime-release.aar (androidx.compose.runtime:runtime-android:1.6.7) with IdentityTransform
Transforming runtime-release.aar (androidx.compose.runtime:runtime-android:1.6.7) with DexingNoClasspathTransform
Transforming runtime-release.aar (androidx.compose.runtime:runtime-android:1.6.7) with DexingOutputSplitTransform
Transforming sqlite-framework-2.3.0.aar (androidx.sqlite:sqlite-framework:2.3.0) with AarToClassTransform
Transforming sqlite-framework-2.3.0.aar (androidx.sqlite:sqlite-framework:2.3.0) with IdentityTransform
Transforming sqlite-framework-2.3.0.aar (androidx.sqlite:sqlite-framework:2.3.0) with DexingNoClasspathTransform
Transforming sqlite-framework-2.3.0.aar (androidx.sqlite:sqlite-framework:2.3.0) with DexingOutputSplitTransform
Transforming terminal-view-v0.118.3.aar (com.github.termux.termux-app:terminal-view:v0.118.3) with AarToClassTransform
Transforming terminal-view-v0.118.3.aar (com.github.termux.termux-app:terminal-view:v0.118.3) with IdentityTransform
Transforming terminal-view-v0.118.3.aar (com.github.termux.termux-app:terminal-view:v0.118.3) with DexingNoClasspathTransform
Transforming terminal-view-v0.118.3.aar (com.github.termux.termux-app:terminal-view:v0.118.3) with DexingOutputSplitTransform
Transforming security-crypto-1.1.0-alpha06.aar (androidx.security:security-crypto:1.1.0-alpha06) with AarToClassTransform
Transforming security-crypto-1.1.0-alpha06.aar (androidx.security:security-crypto:1.1.0-alpha06) with IdentityTransform
Transforming security-crypto-1.1.0-alpha06.aar (androidx.security:security-crypto:1.1.0-alpha06) with DexingNoClasspathTransform
Transforming security-crypto-1.1.0-alpha06.aar (androidx.security:security-crypto:1.1.0-alpha06) with DexingOutputSplitTransform
Transforming ext-strikethrough-4.6.2.aar (io.noties.markwon:ext-strikethrough:4.6.2) with AarToClassTransform
Transforming ext-strikethrough-4.6.2.aar (io.noties.markwon:ext-strikethrough:4.6.2) with IdentityTransform
Transforming ext-strikethrough-4.6.2.aar (io.noties.markwon:ext-strikethrough:4.6.2) with DexingNoClasspathTransform
Transforming ext-strikethrough-4.6.2.aar (io.noties.markwon:ext-strikethrough:4.6.2) with DexingOutputSplitTransform
Transforming linkify-4.6.2.aar (io.noties.markwon:linkify:4.6.2) with AarToClassTransform
Transforming linkify-4.6.2.aar (io.noties.markwon:linkify:4.6.2) with IdentityTransform
Transforming linkify-4.6.2.aar (io.noties.markwon:linkify:4.6.2) with DexingNoClasspathTransform
Transforming linkify-4.6.2.aar (io.noties.markwon:linkify:4.6.2) with DexingOutputSplitTransform
Transforming core-4.6.2.aar (io.noties.markwon:core:4.6.2) with AarToClassTransform
Transforming core-4.6.2.aar (io.noties.markwon:core:4.6.2) with IdentityTransform
Transforming core-4.6.2.aar (io.noties.markwon:core:4.6.2) with DexingNoClasspathTransform
Transforming core-4.6.2.aar (io.noties.markwon:core:4.6.2) with DexingOutputSplitTransform
Transforming interpolator-1.0.0.aar (androidx.interpolator:interpolator:1.0.0) with AarToClassTransform
Transforming interpolator-1.0.0.aar (androidx.interpolator:interpolator:1.0.0) with IdentityTransform
Transforming interpolator-1.0.0.aar (androidx.interpolator:interpolator:1.0.0) with DexingNoClasspathTransform
Transforming interpolator-1.0.0.aar (androidx.interpolator:interpolator:1.0.0) with DexingOutputSplitTransform
Transforming interpolator-1.0.0.aar (androidx.interpolator:interpolator:1.0.0) with AarToClassTransform
Transforming interpolator-1.0.0.aar (androidx.interpolator:interpolator:1.0.0) with IdentityTransform
Transforming interpolator-1.0.0.aar (androidx.interpolator:interpolator:1.0.0) with DexingNoClasspathTransform
Transforming interpolator-1.0.0.aar (androidx.interpolator:interpolator:1.0.0) with DexingOutputSplitTransform
Transforming versionedparcelable-1.1.1.aar (androidx.versionedparcelable:versionedparcelable:1.1.1) with AarToClassTransform
Transforming versionedparcelable-1.1.1.aar (androidx.versionedparcelable:versionedparcelable:1.1.1) with IdentityTransform
Transforming versionedparcelable-1.1.1.aar (androidx.versionedparcelable:versionedparcelable:1.1.1) with DexingNoClasspathTransform
Transforming versionedparcelable-1.1.1.aar (androidx.versionedparcelable:versionedparcelable:1.1.1) with DexingOutputSplitTransform
Transforming cursoradapter-1.0.0.aar (androidx.cursoradapter:cursoradapter:1.0.0) with AarToClassTransform
Transforming cursoradapter-1.0.0.aar (androidx.cursoradapter:cursoradapter:1.0.0) with IdentityTransform
Transforming cursoradapter-1.0.0.aar (androidx.cursoradapter:cursoradapter:1.0.0) with DexingNoClasspathTransform
Transforming cursoradapter-1.0.0.aar (androidx.cursoradapter:cursoradapter:1.0.0) with DexingOutputSplitTransform
Transforming cardview-1.0.0.aar (androidx.cardview:cardview:1.0.0) with AarToClassTransform
Transforming cardview-1.0.0.aar (androidx.cardview:cardview:1.0.0) with IdentityTransform
Transforming cardview-1.0.0.aar (androidx.cardview:cardview:1.0.0) with DexingNoClasspathTransform
Transforming cardview-1.0.0.aar (androidx.cardview:cardview:1.0.0) with DexingOutputSplitTransform
Transforming transport-backend-cct-3.1.8.aar (com.google.android.datatransport:transport-backend-cct:3.1.8) with AarToClassTransform
Transforming transport-backend-cct-3.1.8.aar (com.google.android.datatransport:transport-backend-cct:3.1.8) with IdentityTransform
Transforming transport-backend-cct-3.1.8.aar (com.google.android.datatransport:transport-backend-cct:3.1.8) with DexingNoClasspathTransform
Transforming transport-backend-cct-3.1.8.aar (com.google.android.datatransport:transport-backend-cct:3.1.8) with DexingOutputSplitTransform
Transforming transport-runtime-3.1.8.aar (com.google.android.datatransport:transport-runtime:3.1.8) with AarToClassTransform
Transforming transport-runtime-3.1.8.aar (com.google.android.datatransport:transport-runtime:3.1.8) with IdentityTransform
Transforming transport-runtime-3.1.8.aar (com.google.android.datatransport:transport-runtime:3.1.8) with DexingNoClasspathTransform
Transforming transport-runtime-3.1.8.aar (com.google.android.datatransport:transport-runtime:3.1.8) with DexingOutputSplitTransform
Transforming transport-api-3.0.0.aar (com.google.android.datatransport:transport-api:3.0.0) with AarToClassTransform
Transforming transport-api-3.0.0.aar (com.google.android.datatransport:transport-api:3.0.0) with IdentityTransform
Transforming transport-api-3.0.0.aar (com.google.android.datatransport:transport-api:3.0.0) with DexingNoClasspathTransform
Transforming transport-api-3.0.0.aar (com.google.android.datatransport:transport-api:3.0.0) with DexingOutputSplitTransform
Transforming profileinstaller-1.3.1.aar (androidx.profileinstaller:profileinstaller:1.3.1) with AarToClassTransform
Transforming profileinstaller-1.3.1.aar (androidx.profileinstaller:profileinstaller:1.3.1) with IdentityTransform
Transforming profileinstaller-1.3.1.aar (androidx.profileinstaller:profileinstaller:1.3.1) with DexingNoClasspathTransform
Transforming profileinstaller-1.3.1.aar (androidx.profileinstaller:profileinstaller:1.3.1) with DexingOutputSplitTransform
Transforming startup-runtime-1.1.1.aar (androidx.startup:startup-runtime:1.1.1) with AarToClassTransform
Transforming startup-runtime-1.1.1.aar (androidx.startup:startup-runtime:1.1.1) with IdentityTransform
Transforming startup-runtime-1.1.1.aar (androidx.startup:startup-runtime:1.1.1) with DexingNoClasspathTransform
Transforming startup-runtime-1.1.1.aar (androidx.startup:startup-runtime:1.1.1) with DexingOutputSplitTransform
Transforming tracing-1.0.0.aar (androidx.tracing:tracing:1.0.0) with AarToClassTransform
Transforming tracing-1.0.0.aar (androidx.tracing:tracing:1.0.0) with IdentityTransform
Transforming tracing-1.0.0.aar (androidx.tracing:tracing:1.0.0) with DexingNoClasspathTransform
Transforming tracing-1.0.0.aar (androidx.tracing:tracing:1.0.0) with DexingOutputSplitTransform
Transforming firebase-encoders-json-18.0.0.aar (com.google.firebase:firebase-encoders-json:18.0.0) with AarToClassTransform
Transforming firebase-encoders-json-18.0.0.aar (com.google.firebase:firebase-encoders-json:18.0.0) with IdentityTransform
Transforming firebase-encoders-json-18.0.0.aar (com.google.firebase:firebase-encoders-json:18.0.0) with DexingNoClasspathTransform
Transforming firebase-encoders-json-18.0.0.aar (com.google.firebase:firebase-encoders-json:18.0.0) with DexingOutputSplitTransform
Transforming firebase-encoders-proto-16.0.0.jar (com.google.firebase:firebase-encoders-proto:16.0.0) with IdentityTransform
Transforming firebase-encoders-proto-16.0.0.jar (com.google.firebase:firebase-encoders-proto:16.0.0) with IdentityTransform
Transforming firebase-encoders-proto-16.0.0.jar (com.google.firebase:firebase-encoders-proto:16.0.0) with DexingNoClasspathTransform
Transforming firebase-encoders-proto-16.0.0.jar (com.google.firebase:firebase-encoders-proto:16.0.0) with DexingOutputSplitTransform
Transforming firebase-encoders-17.0.0.jar (com.google.firebase:firebase-encoders:17.0.0) with IdentityTransform
Transforming firebase-encoders-17.0.0.jar (com.google.firebase:firebase-encoders:17.0.0) with IdentityTransform
Transforming firebase-encoders-17.0.0.jar (com.google.firebase:firebase-encoders:17.0.0) with DexingNoClasspathTransform
Transforming firebase-encoders-17.0.0.jar (com.google.firebase:firebase-encoders:17.0.0) with DexingOutputSplitTransform
Transforming core-runtime-2.2.0.aar (androidx.arch.core:core-runtime:2.2.0) with AarToClassTransform
Transforming core-runtime-2.2.0.aar (androidx.arch.core:core-runtime:2.2.0) with IdentityTransform
Transforming core-runtime-2.2.0.aar (androidx.arch.core:core-runtime:2.2.0) with DexingNoClasspathTransform
Transforming core-runtime-2.2.0.aar (androidx.arch.core:core-runtime:2.2.0) with DexingOutputSplitTransform
Transforming core-common-2.2.0.jar (androidx.arch.core:core-common:2.2.0) with IdentityTransform
Transforming core-common-2.2.0.jar (androidx.arch.core:core-common:2.2.0) with IdentityTransform
Transforming core-common-2.2.0.jar (androidx.arch.core:core-common:2.2.0) with DexingNoClasspathTransform
Transforming core-common-2.2.0.jar (androidx.arch.core:core-common:2.2.0) with DexingOutputSplitTransform
Transforming room-common-2.5.0.jar (androidx.room:room-common:2.5.0) with IdentityTransform
Transforming room-common-2.5.0.jar (androidx.room:room-common:2.5.0) with IdentityTransform
Transforming room-common-2.5.0.jar (androidx.room:room-common:2.5.0) with DexingNoClasspathTransform
Transforming room-common-2.5.0.jar (androidx.room:room-common:2.5.0) with DexingOutputSplitTransform
Transforming sqlite-2.3.0.aar (androidx.sqlite:sqlite:2.3.0) with AarToClassTransform
Transforming sqlite-2.3.0.aar (androidx.sqlite:sqlite:2.3.0) with IdentityTransform
Transforming sqlite-2.3.0.aar (androidx.sqlite:sqlite:2.3.0) with DexingNoClasspathTransform
Transforming sqlite-2.3.0.aar (androidx.sqlite:sqlite:2.3.0) with DexingOutputSplitTransform
Transforming concurrent-futures-1.1.0.jar (androidx.concurrent:concurrent-futures:1.1.0) with IdentityTransform
Transforming concurrent-futures-1.1.0.jar (androidx.concurrent:concurrent-futures:1.1.0) with IdentityTransform
Transforming concurrent-futures-1.1.0.jar (androidx.concurrent:concurrent-futures:1.1.0) with DexingNoClasspathTransform
Transforming concurrent-futures-1.1.0.jar (androidx.concurrent:concurrent-futures:1.1.0) with DexingOutputSplitTransform
Transforming collection-ktx-1.4.0.jar (androidx.collection:collection-ktx:1.4.0) with IdentityTransform
Transforming collection-ktx-1.4.0.jar (androidx.collection:collection-ktx:1.4.0) with IdentityTransform
Transforming collection-ktx-1.4.0.jar (androidx.collection:collection-ktx:1.4.0) with DexingNoClasspathTransform
Transforming collection-ktx-1.4.0.jar (androidx.collection:collection-ktx:1.4.0) with DexingOutputSplitTransform
Transforming collection-jvm-1.4.0.jar (androidx.collection:collection-jvm:1.4.0) with IdentityTransform
Transforming collection-jvm-1.4.0.jar (androidx.collection:collection-jvm:1.4.0) with IdentityTransform
Transforming collection-jvm-1.4.0.jar (androidx.collection:collection-jvm:1.4.0) with DexingNoClasspathTransform
Transforming collection-jvm-1.4.0.jar (androidx.collection:collection-jvm:1.4.0) with DexingOutputSplitTransform
Transforming documentfile-1.0.0.aar (androidx.documentfile:documentfile:1.0.0) with AarToClassTransform
Transforming documentfile-1.0.0.aar (androidx.documentfile:documentfile:1.0.0) with IdentityTransform
Transforming documentfile-1.0.0.aar (androidx.documentfile:documentfile:1.0.0) with DexingNoClasspathTransform
Transforming documentfile-1.0.0.aar (androidx.documentfile:documentfile:1.0.0) with DexingOutputSplitTransform
Transforming localbroadcastmanager-1.0.0.aar (androidx.localbroadcastmanager:localbroadcastmanager:1.0.0) with AarToClassTransform
Transforming localbroadcastmanager-1.0.0.aar (androidx.localbroadcastmanager:localbroadcastmanager:1.0.0) with IdentityTransform
Transforming localbroadcastmanager-1.0.0.aar (androidx.localbroadcastmanager:localbroadcastmanager:1.0.0) with DexingNoClasspathTransform
Transforming localbroadcastmanager-1.0.0.aar (androidx.localbroadcastmanager:localbroadcastmanager:1.0.0) with DexingOutputSplitTransform
Transforming print-1.0.0.aar (androidx.print:print:1.0.0) with AarToClassTransform
Transforming print-1.0.0.aar (androidx.print:print:1.0.0) with IdentityTransform
Transforming print-1.0.0.aar (androidx.print:print:1.0.0) with DexingNoClasspathTransform
Transforming print-1.0.0.aar (androidx.print:print:1.0.0) with DexingOutputSplitTransform
Transforming annotation-jvm-1.8.0.jar (androidx.annotation:annotation-jvm:1.8.0) with IdentityTransform
Transforming annotation-jvm-1.8.0.jar (androidx.annotation:annotation-jvm:1.8.0) with IdentityTransform
Transforming annotation-jvm-1.8.0.jar (androidx.annotation:annotation-jvm:1.8.0) with DexingNoClasspathTransform
Transforming annotation-jvm-1.8.0.jar (androidx.annotation:annotation-jvm:1.8.0) with DexingOutputSplitTransform
Transforming kotlinx-coroutines-android-1.7.3.jar (org.jetbrains.kotlinx:kotlinx-coroutines-android:1.7.3) with IdentityTransform
Transforming kotlinx-coroutines-android-1.7.3.jar (org.jetbrains.kotlinx:kotlinx-coroutines-android:1.7.3) with IdentityTransform
Transforming kotlinx-coroutines-android-1.7.3.jar (org.jetbrains.kotlinx:kotlinx-coroutines-android:1.7.3) with DexingNoClasspathTransform
Transforming kotlinx-coroutines-android-1.7.3.jar (org.jetbrains.kotlinx:kotlinx-coroutines-android:1.7.3) with DexingOutputSplitTransform
Transforming kotlinx-coroutines-core-jvm-1.7.3.jar (org.jetbrains.kotlinx:kotlinx-coroutines-core-jvm:1.7.3) with IdentityTransform
Transforming kotlinx-coroutines-core-jvm-1.7.3.jar (org.jetbrains.kotlinx:kotlinx-coroutines-core-jvm:1.7.3) with IdentityTransform
Transforming kotlinx-coroutines-core-jvm-1.7.3.jar (org.jetbrains.kotlinx:kotlinx-coroutines-core-jvm:1.7.3) with DexingNoClasspathTransform
Transforming kotlinx-coroutines-core-jvm-1.7.3.jar (org.jetbrains.kotlinx:kotlinx-coroutines-core-jvm:1.7.3) with DexingOutputSplitTransform
Transforming kotlin-stdlib-jdk8-1.8.20.jar (org.jetbrains.kotlin:kotlin-stdlib-jdk8:1.8.20) with IdentityTransform
Transforming kotlin-stdlib-jdk8-1.8.20.jar (org.jetbrains.kotlin:kotlin-stdlib-jdk8:1.8.20) with IdentityTransform
Transforming kotlin-stdlib-jdk8-1.8.20.jar (org.jetbrains.kotlin:kotlin-stdlib-jdk8:1.8.20) with DexingNoClasspathTransform
Transforming kotlin-stdlib-jdk8-1.8.20.jar (org.jetbrains.kotlin:kotlin-stdlib-jdk8:1.8.20) with DexingOutputSplitTransform
Transforming kotlin-stdlib-jdk7-1.8.20.jar (org.jetbrains.kotlin:kotlin-stdlib-jdk7:1.8.20) with IdentityTransform
Transforming kotlin-stdlib-jdk7-1.8.20.jar (org.jetbrains.kotlin:kotlin-stdlib-jdk7:1.8.20) with IdentityTransform
Transforming kotlin-stdlib-jdk7-1.8.20.jar (org.jetbrains.kotlin:kotlin-stdlib-jdk7:1.8.20) with DexingNoClasspathTransform
Transforming kotlin-stdlib-jdk7-1.8.20.jar (org.jetbrains.kotlin:kotlin-stdlib-jdk7:1.8.20) with DexingOutputSplitTransform
Transforming kotlin-stdlib-1.9.23.jar (org.jetbrains.kotlin:kotlin-stdlib:1.9.23) with IdentityTransform
Transforming kotlin-stdlib-1.9.23.jar (org.jetbrains.kotlin:kotlin-stdlib:1.9.23) with IdentityTransform
Transforming kotlin-stdlib-1.9.23.jar (org.jetbrains.kotlin:kotlin-stdlib:1.9.23) with DexingNoClasspathTransform
Transforming kotlin-stdlib-1.9.23.jar (org.jetbrains.kotlin:kotlin-stdlib:1.9.23) with DexingOutputSplitTransform
Transforming jose4j-0.9.6.jar (org.bitbucket.b_c:jose4j:0.9.6) with IdentityTransform
Transforming jose4j-0.9.6.jar (org.bitbucket.b_c:jose4j:0.9.6) with IdentityTransform
Transforming jose4j-0.9.6.jar (org.bitbucket.b_c:jose4j:0.9.6) with DexingNoClasspathTransform
Transforming jose4j-0.9.6.jar (org.bitbucket.b_c:jose4j:0.9.6) with DexingOutputSplitTransform
Transforming jdom2-2.0.6.1.jar (org.jdom:jdom2:2.0.6.1) with IdentityTransform
Transforming jdom2-2.0.6.1.jar (org.jdom:jdom2:2.0.6.1) with IdentityTransform
Transforming jdom2-2.0.6.1.jar (org.jdom:jdom2:2.0.6.1) with DexingNoClasspathTransform
Transforming jdom2-2.0.6.1.jar (org.jdom:jdom2:2.0.6.1) with DexingOutputSplitTransform
Transforming commons-io-2.14.0.jar (commons-io:commons-io:2.14.0) with IdentityTransform
Transforming commons-io-2.14.0.jar (commons-io:commons-io:2.14.0) with IdentityTransform
Transforming commons-io-2.14.0.jar (commons-io:commons-io:2.14.0) with DexingNoClasspathTransform
Transforming commons-io-2.14.0.jar (commons-io:commons-io:2.14.0) with DexingOutputSplitTransform
Transforming protobuf-java-3.25.5.jar (com.google.protobuf:protobuf-java:3.25.5) with IdentityTransform
Transforming protobuf-java-3.25.5.jar (com.google.protobuf:protobuf-java:3.25.5) with IdentityTransform
Transforming protobuf-java-3.25.5.jar (com.google.protobuf:protobuf-java:3.25.5) with DexingNoClasspathTransform
Transforming protobuf-java-3.25.5.jar (com.google.protobuf:protobuf-java:3.25.5) with DexingOutputSplitTransform
Transforming google-auth-library-oauth2-http-1.46.0.jar (com.google.auth:google-auth-library-oauth2-http:1.46.0) with IdentityTransform
Transforming google-auth-library-oauth2-http-1.46.0.jar (com.google.auth:google-auth-library-oauth2-http:1.46.0) with IdentityTransform
Transforming google-auth-library-oauth2-http-1.46.0.jar (com.google.auth:google-auth-library-oauth2-http:1.46.0) with DexingNoClasspathTransform
Transforming google-auth-library-oauth2-http-1.46.0.jar (com.google.auth:google-auth-library-oauth2-http:1.46.0) with DexingOutputSplitTransform
Transforming google-api-services-drive-v3-rev20230822-2.0.0.jar (com.google.apis:google-api-services-drive:v3-rev20230822-2.0.0) with IdentityTransform
Transforming google-api-services-drive-v3-rev20230822-2.0.0.jar (com.google.apis:google-api-services-drive:v3-rev20230822-2.0.0) with IdentityTransform
Transforming google-api-services-drive-v3-rev20230822-2.0.0.jar (com.google.apis:google-api-services-drive:v3-rev20230822-2.0.0) with DexingNoClasspathTransform
Transforming google-api-services-drive-v3-rev20230822-2.0.0.jar (com.google.apis:google-api-services-drive:v3-rev20230822-2.0.0) with DexingOutputSplitTransform
Transforming google-api-client-2.2.0.jar (com.google.api-client:google-api-client:2.2.0) with IdentityTransform
Transforming google-api-client-2.2.0.jar (com.google.api-client:google-api-client:2.2.0) with IdentityTransform
Transforming google-api-client-2.2.0.jar (com.google.api-client:google-api-client:2.2.0) with DexingNoClasspathTransform
Transforming google-api-client-2.2.0.jar (com.google.api-client:google-api-client:2.2.0) with DexingOutputSplitTransform
Transforming google-api-client-android-2.0.0.jar (com.google.api-client:google-api-client-android:2.0.0) with IdentityTransform
Transforming google-api-client-android-2.0.0.jar (com.google.api-client:google-api-client-android:2.0.0) with IdentityTransform
Transforming google-api-client-android-2.0.0.jar (com.google.api-client:google-api-client-android:2.0.0) with DexingNoClasspathTransform
Transforming google-api-client-android-2.0.0.jar (com.google.api-client:google-api-client-android:2.0.0) with DexingOutputSplitTransform
Transforming google-oauth-client-1.34.1.jar (com.google.oauth-client:google-oauth-client:1.34.1) with IdentityTransform
Transforming google-oauth-client-1.34.1.jar (com.google.oauth-client:google-oauth-client:1.34.1) with IdentityTransform
Transforming google-oauth-client-1.34.1.jar (com.google.oauth-client:google-oauth-client:1.34.1) with DexingNoClasspathTransform
Transforming google-oauth-client-1.34.1.jar (com.google.oauth-client:google-oauth-client:1.34.1) with DexingOutputSplitTransform
Transforming google-http-client-gson-2.1.0.jar (com.google.http-client:google-http-client-gson:2.1.0) with IdentityTransform
Transforming google-http-client-gson-2.1.0.jar (com.google.http-client:google-http-client-gson:2.1.0) with IdentityTransform
Transforming google-http-client-gson-2.1.0.jar (com.google.http-client:google-http-client-gson:2.1.0) with DexingNoClasspathTransform
Transforming google-http-client-gson-2.1.0.jar (com.google.http-client:google-http-client-gson:2.1.0) with DexingOutputSplitTransform
Transforming google-http-client-apache-v2-1.42.3.jar (com.google.http-client:google-http-client-apache-v2:1.42.3) with IdentityTransform
Transforming google-http-client-apache-v2-1.42.3.jar (com.google.http-client:google-http-client-apache-v2:1.42.3) with IdentityTransform
Transforming google-http-client-apache-v2-1.42.3.jar (com.google.http-client:google-http-client-apache-v2:1.42.3) with DexingNoClasspathTransform
Transforming google-http-client-apache-v2-1.42.3.jar (com.google.http-client:google-http-client-apache-v2:1.42.3) with DexingOutputSplitTransform
Transforming google-http-client-2.1.0.jar (com.google.http-client:google-http-client:2.1.0) with IdentityTransform
Transforming google-http-client-2.1.0.jar (com.google.http-client:google-http-client:2.1.0) with IdentityTransform
Transforming google-http-client-2.1.0.jar (com.google.http-client:google-http-client:2.1.0) with DexingNoClasspathTransform
Transforming google-http-client-2.1.0.jar (com.google.http-client:google-http-client:2.1.0) with DexingOutputSplitTransform
Transforming api-common-2.53.0.jar (com.google.api:api-common:2.53.0) with IdentityTransform
Transforming api-common-2.53.0.jar (com.google.api:api-common:2.53.0) with IdentityTransform
Transforming api-common-2.53.0.jar (com.google.api:api-common:2.53.0) with DexingNoClasspathTransform
Transforming api-common-2.53.0.jar (com.google.api:api-common:2.53.0) with DexingOutputSplitTransform
Transforming opencensus-contrib-http-util-0.31.1.jar (io.opencensus:opencensus-contrib-http-util:0.31.1) with IdentityTransform
Transforming opencensus-contrib-http-util-0.31.1.jar (io.opencensus:opencensus-contrib-http-util:0.31.1) with IdentityTransform
Transforming opencensus-contrib-http-util-0.31.1.jar (io.opencensus:opencensus-contrib-http-util:0.31.1) with DexingNoClasspathTransform
Transforming opencensus-contrib-http-util-0.31.1.jar (io.opencensus:opencensus-contrib-http-util:0.31.1) with DexingOutputSplitTransform
Transforming guava-33.6.0-android.jar (com.google.guava:guava:33.6.0-jre) with IdentityTransform
Transforming guava-33.6.0-android.jar (com.google.guava:guava:33.6.0-jre) with IdentityTransform
Transforming guava-33.6.0-android.jar (com.google.guava:guava:33.6.0-jre) with DexingNoClasspathTransform
Transforming guava-33.6.0-android.jar (com.google.guava:guava:33.6.0-jre) with DexingOutputSplitTransform
Transforming netty-codec-http2-4.1.132.Final.jar (io.netty:netty-codec-http2:4.1.132.Final) with IdentityTransform
Transforming netty-codec-http2-4.1.132.Final.jar (io.netty:netty-codec-http2:4.1.132.Final) with IdentityTransform
Transforming netty-codec-http2-4.1.132.Final.jar (io.netty:netty-codec-http2:4.1.132.Final) with DexingNoClasspathTransform
Transforming netty-codec-http2-4.1.132.Final.jar (io.netty:netty-codec-http2:4.1.132.Final) with DexingOutputSplitTransform
Transforming netty-codec-http-4.1.132.Final.jar (io.netty:netty-codec-http:4.1.132.Final) with IdentityTransform
Transforming netty-codec-http-4.1.132.Final.jar (io.netty:netty-codec-http:4.1.132.Final) with IdentityTransform
Transforming netty-codec-http-4.1.132.Final.jar (io.netty:netty-codec-http:4.1.132.Final) with DexingNoClasspathTransform
Transforming netty-codec-http-4.1.132.Final.jar (io.netty:netty-codec-http:4.1.132.Final) with DexingOutputSplitTransform
Transforming netty-handler-4.1.132.Final.jar (io.netty:netty-handler:4.1.132.Final) with IdentityTransform
Transforming netty-handler-4.1.132.Final.jar (io.netty:netty-handler:4.1.132.Final) with IdentityTransform
Transforming netty-handler-4.1.132.Final.jar (io.netty:netty-handler:4.1.132.Final) with DexingNoClasspathTransform
Transforming netty-handler-4.1.132.Final.jar (io.netty:netty-handler:4.1.132.Final) with DexingOutputSplitTransform
Transforming netty-codec-4.1.132.Final.jar (io.netty:netty-codec:4.1.132.Final) with IdentityTransform
Transforming netty-codec-4.1.132.Final.jar (io.netty:netty-codec:4.1.132.Final) with IdentityTransform
Transforming netty-codec-4.1.132.Final.jar (io.netty:netty-codec:4.1.132.Final) with DexingNoClasspathTransform
Transforming netty-codec-4.1.132.Final.jar (io.netty:netty-codec:4.1.132.Final) with DexingOutputSplitTransform
Transforming netty-transport-native-unix-common-4.1.132.Final.jar (io.netty:netty-transport-native-unix-common:4.1.132.Final) with IdentityTransform
Transforming netty-transport-native-unix-common-4.1.132.Final.jar (io.netty:netty-transport-native-unix-common:4.1.132.Final) with IdentityTransform
Transforming netty-transport-native-unix-common-4.1.132.Final.jar (io.netty:netty-transport-native-unix-common:4.1.132.Final) with DexingNoClasspathTransform
Transforming netty-transport-native-unix-common-4.1.132.Final.jar (io.netty:netty-transport-native-unix-common:4.1.132.Final) with DexingOutputSplitTransform
Transforming netty-transport-4.1.132.Final.jar (io.netty:netty-transport:4.1.132.Final) with IdentityTransform
Transforming netty-transport-4.1.132.Final.jar (io.netty:netty-transport:4.1.132.Final) with IdentityTransform
Transforming netty-transport-4.1.132.Final.jar (io.netty:netty-transport:4.1.132.Final) with DexingNoClasspathTransform
Transforming netty-transport-4.1.132.Final.jar (io.netty:netty-transport:4.1.132.Final) with DexingOutputSplitTransform
Transforming netty-buffer-4.1.132.Final.jar (io.netty:netty-buffer:4.1.132.Final) with IdentityTransform
Transforming netty-buffer-4.1.132.Final.jar (io.netty:netty-buffer:4.1.132.Final) with IdentityTransform
Transforming netty-buffer-4.1.132.Final.jar (io.netty:netty-buffer:4.1.132.Final) with DexingNoClasspathTransform
Transforming netty-buffer-4.1.132.Final.jar (io.netty:netty-buffer:4.1.132.Final) with DexingOutputSplitTransform
Transforming netty-resolver-4.1.132.Final.jar (io.netty:netty-resolver:4.1.132.Final) with IdentityTransform
Transforming netty-resolver-4.1.132.Final.jar (io.netty:netty-resolver:4.1.132.Final) with IdentityTransform
Transforming netty-resolver-4.1.132.Final.jar (io.netty:netty-resolver:4.1.132.Final) with DexingNoClasspathTransform
Transforming netty-resolver-4.1.132.Final.jar (io.netty:netty-resolver:4.1.132.Final) with DexingOutputSplitTransform
Transforming netty-common-4.1.132.Final.jar (io.netty:netty-common:4.1.132.Final) with IdentityTransform
Transforming netty-common-4.1.132.Final.jar (io.netty:netty-common:4.1.132.Final) with IdentityTransform
Transforming netty-common-4.1.132.Final.jar (io.netty:netty-common:4.1.132.Final) with DexingNoClasspathTransform
Transforming netty-common-4.1.132.Final.jar (io.netty:netty-common:4.1.132.Final) with DexingOutputSplitTransform
Transforming commons-net-3.10.0.jar (commons-net:commons-net:3.10.0) with IdentityTransform
Transforming commons-net-3.10.0.jar (commons-net:commons-net:3.10.0) with IdentityTransform
Transforming commons-net-3.10.0.jar (commons-net:commons-net:3.10.0) with DexingNoClasspathTransform
Transforming commons-net-3.10.0.jar (commons-net:commons-net:3.10.0) with DexingOutputSplitTransform
Transforming sshj-0.40.0.jar (com.hierynomus:sshj:0.40.0) with IdentityTransform
Transforming sshj-0.40.0.jar (com.hierynomus:sshj:0.40.0) with IdentityTransform
Transforming sshj-0.40.0.jar (com.hierynomus:sshj:0.40.0) with DexingNoClasspathTransform
Transforming sshj-0.40.0.jar (com.hierynomus:sshj:0.40.0) with DexingOutputSplitTransform
Transforming slf4j-nop-2.0.12.jar (org.slf4j:slf4j-nop:2.0.12) with IdentityTransform
Transforming slf4j-nop-2.0.12.jar (org.slf4j:slf4j-nop:2.0.12) with IdentityTransform
Transforming slf4j-nop-2.0.12.jar (org.slf4j:slf4j-nop:2.0.12) with DexingNoClasspathTransform
Transforming slf4j-nop-2.0.12.jar (org.slf4j:slf4j-nop:2.0.12) with DexingOutputSplitTransform
Transforming bcpkix-jdk18on-1.84.jar (org.bouncycastle:bcpkix-jdk18on:1.84) with IdentityTransform
Transforming bcpkix-jdk18on-1.84.jar (org.bouncycastle:bcpkix-jdk18on:1.84) with IdentityTransform
Transforming bcpkix-jdk18on-1.84.jar (org.bouncycastle:bcpkix-jdk18on:1.84) with DexingNoClasspathTransform
Transforming bcpkix-jdk18on-1.84.jar (org.bouncycastle:bcpkix-jdk18on:1.84) with DexingOutputSplitTransform
Transforming bcutil-jdk18on-1.84.jar (org.bouncycastle:bcutil-jdk18on:1.84) with IdentityTransform
Transforming bcutil-jdk18on-1.84.jar (org.bouncycastle:bcutil-jdk18on:1.84) with IdentityTransform
Transforming bcutil-jdk18on-1.84.jar (org.bouncycastle:bcutil-jdk18on:1.84) with DexingNoClasspathTransform
Transforming bcutil-jdk18on-1.84.jar (org.bouncycastle:bcutil-jdk18on:1.84) with DexingOutputSplitTransform
Transforming bcprov-jdk18on-1.84.jar (org.bouncycastle:bcprov-jdk18on:1.84) with IdentityTransform
Transforming bcprov-jdk18on-1.84.jar (org.bouncycastle:bcprov-jdk18on:1.84) with IdentityTransform
Transforming bcprov-jdk18on-1.84.jar (org.bouncycastle:bcprov-jdk18on:1.84) with DexingNoClasspathTransform
Transforming bcprov-jdk18on-1.84.jar (org.bouncycastle:bcprov-jdk18on:1.84) with DexingOutputSplitTransform
Transforming annotations-23.0.0.jar (org.jetbrains:annotations:23.0.0) with IdentityTransform
Transforming annotations-23.0.0.jar (org.jetbrains:annotations:23.0.0) with IdentityTransform
Transforming annotations-23.0.0.jar (org.jetbrains:annotations:23.0.0) with DexingNoClasspathTransform
Transforming annotations-23.0.0.jar (org.jetbrains:annotations:23.0.0) with DexingOutputSplitTransform
Transforming asn-one-0.6.0.jar (com.hierynomus:asn-one:0.6.0) with IdentityTransform
Transforming asn-one-0.6.0.jar (com.hierynomus:asn-one:0.6.0) with IdentityTransform
Transforming asn-one-0.6.0.jar (com.hierynomus:asn-one:0.6.0) with DexingNoClasspathTransform
Transforming asn-one-0.6.0.jar (com.hierynomus:asn-one:0.6.0) with DexingOutputSplitTransform
Transforming slf4j-api-2.0.17.jar (org.slf4j:slf4j-api:2.0.17) with IdentityTransform
Transforming slf4j-api-2.0.17.jar (org.slf4j:slf4j-api:2.0.17) with IdentityTransform
Transforming slf4j-api-2.0.17.jar (org.slf4j:slf4j-api:2.0.17) with DexingNoClasspathTransform
Transforming slf4j-api-2.0.17.jar (org.slf4j:slf4j-api:2.0.17) with DexingOutputSplitTransform
Transforming failureaccess-1.0.3.jar (com.google.guava:failureaccess:1.0.3) with IdentityTransform
Transforming failureaccess-1.0.3.jar (com.google.guava:failureaccess:1.0.3) with IdentityTransform
Transforming failureaccess-1.0.3.jar (com.google.guava:failureaccess:1.0.3) with DexingNoClasspathTransform
Transforming failureaccess-1.0.3.jar (com.google.guava:failureaccess:1.0.3) with DexingOutputSplitTransform
Transforming jspecify-1.0.0.jar (org.jspecify:jspecify:1.0.0) with IdentityTransform
Transforming jspecify-1.0.0.jar (org.jspecify:jspecify:1.0.0) with IdentityTransform
Transforming jspecify-1.0.0.jar (org.jspecify:jspecify:1.0.0) with DexingNoClasspathTransform
Transforming jspecify-1.0.0.jar (org.jspecify:jspecify:1.0.0) with DexingOutputSplitTransform
Transforming tink-android-1.8.0.jar (com.google.crypto.tink:tink-android:1.8.0) with IdentityTransform
Transforming tink-android-1.8.0.jar (com.google.crypto.tink:tink-android:1.8.0) with IdentityTransform
Transforming tink-android-1.8.0.jar (com.google.crypto.tink:tink-android:1.8.0) with DexingNoClasspathTransform
Transforming tink-android-1.8.0.jar (com.google.crypto.tink:tink-android:1.8.0) with DexingOutputSplitTransform
Transforming gson-2.12.1.jar (com.google.code.gson:gson:2.12.1) with IdentityTransform
Transforming gson-2.12.1.jar (com.google.code.gson:gson:2.12.1) with IdentityTransform
Transforming gson-2.12.1.jar (com.google.code.gson:gson:2.12.1) with DexingNoClasspathTransform
Transforming gson-2.12.1.jar (com.google.code.gson:gson:2.12.1) with DexingOutputSplitTransform
Transforming error_prone_annotations-2.47.0.jar (com.google.errorprone:error_prone_annotations:2.47.0) with IdentityTransform
Transforming error_prone_annotations-2.47.0.jar (com.google.errorprone:error_prone_annotations:2.47.0) with IdentityTransform
Transforming error_prone_annotations-2.47.0.jar (com.google.errorprone:error_prone_annotations:2.47.0) with DexingNoClasspathTransform
Transforming error_prone_annotations-2.47.0.jar (com.google.errorprone:error_prone_annotations:2.47.0) with DexingOutputSplitTransform
Transforming j2objc-annotations-3.1.jar (com.google.j2objc:j2objc-annotations:3.1) with IdentityTransform
Transforming j2objc-annotations-3.1.jar (com.google.j2objc:j2objc-annotations:3.1) with IdentityTransform
Transforming j2objc-annotations-3.1.jar (com.google.j2objc:j2objc-annotations:3.1) with DexingNoClasspathTransform
Transforming j2objc-annotations-3.1.jar (com.google.j2objc:j2objc-annotations:3.1) with DexingOutputSplitTransform
Transforming terminal-emulator-v0.118.3.aar (com.github.termux.termux-app:terminal-emulator:v0.118.3) with AarToClassTransform
Transforming terminal-emulator-v0.118.3.aar (com.github.termux.termux-app:terminal-emulator:v0.118.3) with IdentityTransform
Transforming terminal-emulator-v0.118.3.aar (com.github.termux.termux-app:terminal-emulator:v0.118.3) with DexingNoClasspathTransform
Transforming terminal-emulator-v0.118.3.aar (com.github.termux.termux-app:terminal-emulator:v0.118.3) with DexingOutputSplitTransform
Transforming hiddenapibypass-6.1.aar (org.lsposed.hiddenapibypass:hiddenapibypass:6.1) with AarToClassTransform
Transforming hiddenapibypass-6.1.aar (org.lsposed.hiddenapibypass:hiddenapibypass:6.1) with IdentityTransform
Transforming hiddenapibypass-6.1.aar (org.lsposed.hiddenapibypass:hiddenapibypass:6.1) with DexingNoClasspathTransform
Transforming hiddenapibypass-6.1.aar (org.lsposed.hiddenapibypass:hiddenapibypass:6.1) with DexingOutputSplitTransform
Transforming auto-value-annotations-1.11.0.jar (com.google.auto.value:auto-value-annotations:1.11.0) with IdentityTransform
Transforming auto-value-annotations-1.11.0.jar (com.google.auto.value:auto-value-annotations:1.11.0) with IdentityTransform
Transforming auto-value-annotations-1.11.0.jar (com.google.auto.value:auto-value-annotations:1.11.0) with DexingNoClasspathTransform
Transforming auto-value-annotations-1.11.0.jar (com.google.auto.value:auto-value-annotations:1.11.0) with DexingOutputSplitTransform
Transforming jsr305-3.0.2.jar (com.google.code.findbugs:jsr305:3.0.2) with IdentityTransform
Transforming jsr305-3.0.2.jar (com.google.code.findbugs:jsr305:3.0.2) with IdentityTransform
Transforming jsr305-3.0.2.jar (com.google.code.findbugs:jsr305:3.0.2) with DexingNoClasspathTransform
Transforming jsr305-3.0.2.jar (com.google.code.findbugs:jsr305:3.0.2) with DexingOutputSplitTransform
Transforming google-auth-library-credentials-1.46.0.jar (com.google.auth:google-auth-library-credentials:1.46.0) with IdentityTransform
Transforming google-auth-library-credentials-1.46.0.jar (com.google.auth:google-auth-library-credentials:1.46.0) with IdentityTransform
Transforming google-auth-library-credentials-1.46.0.jar (com.google.auth:google-auth-library-credentials:1.46.0) with DexingNoClasspathTransform
Transforming google-auth-library-credentials-1.46.0.jar (com.google.auth:google-auth-library-credentials:1.46.0) with DexingOutputSplitTransform
Transforming commonmark-ext-gfm-strikethrough-0.13.0.jar (com.atlassian.commonmark:commonmark-ext-gfm-strikethrough:0.13.0) with IdentityTransform
Transforming commonmark-ext-gfm-strikethrough-0.13.0.jar (com.atlassian.commonmark:commonmark-ext-gfm-strikethrough:0.13.0) with IdentityTransform
Transforming commonmark-ext-gfm-strikethrough-0.13.0.jar (com.atlassian.commonmark:commonmark-ext-gfm-strikethrough:0.13.0) with DexingNoClasspathTransform
Transforming commonmark-ext-gfm-strikethrough-0.13.0.jar (com.atlassian.commonmark:commonmark-ext-gfm-strikethrough:0.13.0) with DexingOutputSplitTransform
Transforming commonmark-0.13.0.jar (com.atlassian.commonmark:commonmark:0.13.0) with IdentityTransform
Transforming commonmark-0.13.0.jar (com.atlassian.commonmark:commonmark:0.13.0) with IdentityTransform
Transforming commonmark-0.13.0.jar (com.atlassian.commonmark:commonmark:0.13.0) with DexingNoClasspathTransform
Transforming commonmark-0.13.0.jar (com.atlassian.commonmark:commonmark:0.13.0) with DexingOutputSplitTransform
Transforming httpclient-4.5.14.jar (org.apache.httpcomponents:httpclient:4.5.14) with IdentityTransform
Transforming httpclient-4.5.14.jar (org.apache.httpcomponents:httpclient:4.5.14) with IdentityTransform
Transforming httpclient-4.5.14.jar (org.apache.httpcomponents:httpclient:4.5.14) with DexingNoClasspathTransform
Transforming httpclient-4.5.14.jar (org.apache.httpcomponents:httpclient:4.5.14) with DexingOutputSplitTransform
Transforming commons-codec-1.15.jar (commons-codec:commons-codec:1.15) with IdentityTransform
Transforming commons-codec-1.15.jar (commons-codec:commons-codec:1.15) with IdentityTransform
Transforming commons-codec-1.15.jar (commons-codec:commons-codec:1.15) with DexingNoClasspathTransform
Transforming commons-codec-1.15.jar (commons-codec:commons-codec:1.15) with DexingOutputSplitTransform
Transforming httpcore-4.4.16.jar (org.apache.httpcomponents:httpcore:4.4.16) with IdentityTransform
Transforming httpcore-4.4.16.jar (org.apache.httpcomponents:httpcore:4.4.16) with IdentityTransform
Transforming httpcore-4.4.16.jar (org.apache.httpcomponents:httpcore:4.4.16) with DexingNoClasspathTransform
Transforming httpcore-4.4.16.jar (org.apache.httpcomponents:httpcore:4.4.16) with DexingOutputSplitTransform
Transforming opencensus-api-0.31.1.jar (io.opencensus:opencensus-api:0.31.1) with IdentityTransform
Transforming opencensus-api-0.31.1.jar (io.opencensus:opencensus-api:0.31.1) with IdentityTransform
Transforming opencensus-api-0.31.1.jar (io.opencensus:opencensus-api:0.31.1) with DexingNoClasspathTransform
Transforming opencensus-api-0.31.1.jar (io.opencensus:opencensus-api:0.31.1) with DexingOutputSplitTransform
Transforming grpc-context-1.70.0.jar (io.grpc:grpc-context:1.70.0) with IdentityTransform
Transforming grpc-context-1.70.0.jar (io.grpc:grpc-context:1.70.0) with IdentityTransform
Transforming grpc-context-1.70.0.jar (io.grpc:grpc-context:1.70.0) with DexingNoClasspathTransform
Transforming grpc-context-1.70.0.jar (io.grpc:grpc-context:1.70.0) with DexingOutputSplitTransform
Transforming javax.annotation-api-1.3.2.jar (javax.annotation:javax.annotation-api:1.3.2) with IdentityTransform
Transforming javax.annotation-api-1.3.2.jar (javax.annotation:javax.annotation-api:1.3.2) with IdentityTransform
Transforming javax.annotation-api-1.3.2.jar (javax.annotation:javax.annotation-api:1.3.2) with DexingNoClasspathTransform
Transforming javax.annotation-api-1.3.2.jar (javax.annotation:javax.annotation-api:1.3.2) with DexingOutputSplitTransform
Transforming constraintlayout-solver-2.0.1.jar (androidx.constraintlayout:constraintlayout-solver:2.0.1) with IdentityTransform
Transforming constraintlayout-solver-2.0.1.jar (androidx.constraintlayout:constraintlayout-solver:2.0.1) with IdentityTransform
Transforming constraintlayout-solver-2.0.1.jar (androidx.constraintlayout:constraintlayout-solver:2.0.1) with DexingNoClasspathTransform
Transforming constraintlayout-solver-2.0.1.jar (androidx.constraintlayout:constraintlayout-solver:2.0.1) with DexingOutputSplitTransform
Transforming javax.inject-1.jar (javax.inject:javax.inject:1) with IdentityTransform
Transforming javax.inject-1.jar (javax.inject:javax.inject:1) with IdentityTransform
Transforming javax.inject-1.jar (javax.inject:javax.inject:1) with DexingNoClasspathTransform
Transforming javax.inject-1.jar (javax.inject:javax.inject:1) with DexingOutputSplitTransform
Transforming grpc-api-1.70.0.jar (io.grpc:grpc-api:1.70.0) with IdentityTransform
Transforming grpc-api-1.70.0.jar (io.grpc:grpc-api:1.70.0) with IdentityTransform
Transforming grpc-api-1.70.0.jar (io.grpc:grpc-api:1.70.0) with DexingNoClasspathTransform
Transforming grpc-api-1.70.0.jar (io.grpc:grpc-api:1.70.0) with DexingOutputSplitTransform
Caching disabled for task ':app:mergeExtDexDebug' because:
  Build cache is disabled
Skipping task ':app:mergeExtDexDebug' as it is up-to-date.
Resolve mutations for :app:mergeLibDexDebug (Thread[#15972,Execution worker Thread 9,5,main]) started.
:app:mergeLibDexDebug (Thread[#15968,Execution worker Thread 6,5,main]) started.

> Task :app:mergeLibDexDebug UP-TO-DATE
Caching disabled for task ':app:mergeLibDexDebug' because:
  Build cache is disabled
Skipping task ':app:mergeLibDexDebug' as it is up-to-date.
Resolve mutations for :app:mergeProjectDexDebug (Thread[#15968,Execution worker Thread 6,5,main]) started.
:app:mergeProjectDexDebug (Thread[#15968,Execution worker Thread 6,5,main]) started.

> Task :app:mergeProjectDexDebug UP-TO-DATE
Caching disabled for task ':app:mergeProjectDexDebug' because:
  Build cache is disabled
Skipping task ':app:mergeProjectDexDebug' as it is up-to-date.
Resolve mutations for :app:configureNdkBuildDebug[arm64-v8a] (Thread[#15968,Execution worker Thread 6,5,main]) started.
:app:configureNdkBuildDebug[arm64-v8a] (Thread[#15968,Execution worker Thread 6,5,main]) started.

> Task :app:configureNdkBuildDebug[arm64-v8a]
Caching disabled for task ':app:configureNdkBuildDebug[arm64-v8a]' because:
  Build cache is disabled
  Caching has been disabled for the task
Task ':app:configureNdkBuildDebug[arm64-v8a]' is not up-to-date because:
  Task.upToDateWhen is false.
C/C++: /home/adamoutler/git/ssh/app/src/main/jni/Android.mk debug|arm64-v8a : Start JSON generation. Platform version: 26 min SDK version: arm64-v8a
C/C++: /home/adamoutler/git/ssh/app/src/main/jni/Android.mk debug|arm64-v8a : JSON '/home/adamoutler/git/ssh/app/build/.cxx/Debug/3u3n2p12/arm64-v8a/android_gradle_build.json' was up-to-date
C/C++: /home/adamoutler/git/ssh/app/src/main/jni/Android.mk debug|arm64-v8a : JSON generation completed without problems
C/C++: /home/adamoutler/git/ssh/app/src/main/jni/Android.mk debug|arm64-v8a : Writing build model to /home/adamoutler/git/ssh/app/build/intermediates/cxx/Debug/3u3n2p12/logs/arm64-v8a/build_model.json
Resolve mutations for :app:buildNdkBuildDebug[arm64-v8a] (Thread[#15974,Execution worker Thread 11,5,main]) started.
:app:buildNdkBuildDebug[arm64-v8a] (Thread[#15974,Execution worker Thread 11,5,main]) started.

> Task :app:buildNdkBuildDebug[arm64-v8a]
Caching disabled for task ':app:buildNdkBuildDebug[arm64-v8a]' because:
  Build cache is disabled
  Caching has been disabled for the task
Task ':app:buildNdkBuildDebug[arm64-v8a]' is not up-to-date because:
  Task.upToDateWhen is false.
C/C++: starting build
C/C++: reading expected JSONs
C/C++: done reading expected JSONs
C/C++: executing build commands for targets that produce .so files or executables
C/C++: evaluate miniconfig
C/C++: evaluate library termux (arm64-v8a)
C/C++: building target library termux because no targets are specified.
C/C++: about to build targets termux
C/C++: Build termux
C/C++: /home/adamoutler/Android/Sdk/ndk/29.0.14206865/ndk-build \
  NDK_PROJECT_PATH=null \
  APP_BUILD_SCRIPT=/home/adamoutler/git/ssh/app/src/main/jni/Android.mk \
  NDK_APPLICATION_MK=/home/adamoutler/git/ssh/app/src/main/jni/Application.mk \
  APP_ABI=arm64-v8a \
  NDK_ALL_ABIS=arm64-v8a \
  NDK_DEBUG=1 \
  APP_PLATFORM=android-26 \
  NDK_OUT=/home/adamoutler/git/ssh/app/build/intermediates/cxx/Debug/3u3n2p12/obj \
  NDK_LIBS_OUT=/home/adamoutler/git/ssh/app/build/intermediates/cxx/Debug/3u3n2p12/lib \
  -j20 \
  termux

Starting process 'command '/home/adamoutler/Android/Sdk/ndk/29.0.14206865/ndk-build''. Working directory: /home/adamoutler/git/ssh/app Command: /home/adamoutler/Android/Sdk/ndk/29.0.14206865/ndk-build NDK_PROJECT_PATH=null APP_BUILD_SCRIPT=/home/adamoutler/git/ssh/app/src/main/jni/Android.mk NDK_APPLICATION_MK=/home/adamoutler/git/ssh/app/src/main/jni/Application.mk APP_ABI=arm64-v8a NDK_ALL_ABIS=arm64-v8a NDK_DEBUG=1 APP_PLATFORM=android-26 NDK_OUT=/home/adamoutler/git/ssh/app/build/intermediates/cxx/Debug/3u3n2p12/obj NDK_LIBS_OUT=/home/adamoutler/git/ssh/app/build/intermediates/cxx/Debug/3u3n2p12/lib -j20 termux
Successfully started process 'command '/home/adamoutler/Android/Sdk/ndk/29.0.14206865/ndk-build''
C/C++: Received process result: 0
C/C++: check expected build outputs
C/C++: build complete
Resolve mutations for :app:configureNdkBuildDebug[armeabi-v7a] (Thread[#15974,Execution worker Thread 11,5,main]) started.
:app:configureNdkBuildDebug[armeabi-v7a] (Thread[#15980,Execution worker Thread 17,5,main]) started.

> Task :app:configureNdkBuildDebug[armeabi-v7a]
Caching disabled for task ':app:configureNdkBuildDebug[armeabi-v7a]' because:
  Build cache is disabled
  Caching has been disabled for the task
Task ':app:configureNdkBuildDebug[armeabi-v7a]' is not up-to-date because:
  Task.upToDateWhen is false.
C/C++: /home/adamoutler/git/ssh/app/src/main/jni/Android.mk debug|armeabi-v7a : Start JSON generation. Platform version: 26 min SDK version: armeabi-v7a
C/C++: /home/adamoutler/git/ssh/app/src/main/jni/Android.mk debug|armeabi-v7a : JSON '/home/adamoutler/git/ssh/app/build/.cxx/Debug/3u3n2p12/armeabi-v7a/android_gradle_build.json' was up-to-date
C/C++: /home/adamoutler/git/ssh/app/src/main/jni/Android.mk debug|armeabi-v7a : JSON generation completed without problems
C/C++: /home/adamoutler/git/ssh/app/src/main/jni/Android.mk debug|armeabi-v7a : Writing build model to /home/adamoutler/git/ssh/app/build/intermediates/cxx/Debug/3u3n2p12/logs/armeabi-v7a/build_model.json
Resolve mutations for :app:buildNdkBuildDebug[armeabi-v7a] (Thread[#15980,Execution worker Thread 17,5,main]) started.
:app:buildNdkBuildDebug[armeabi-v7a] (Thread[#15980,Execution worker Thread 17,5,main]) started.

> Task :app:buildNdkBuildDebug[armeabi-v7a]
Caching disabled for task ':app:buildNdkBuildDebug[armeabi-v7a]' because:
  Build cache is disabled
  Caching has been disabled for the task
Task ':app:buildNdkBuildDebug[armeabi-v7a]' is not up-to-date because:
  Task.upToDateWhen is false.
C/C++: starting build
C/C++: reading expected JSONs
C/C++: done reading expected JSONs
C/C++: executing build commands for targets that produce .so files or executables
C/C++: evaluate miniconfig
C/C++: evaluate library termux (armeabi-v7a)
C/C++: building target library termux because no targets are specified.
C/C++: about to build targets termux
C/C++: Build termux
C/C++: /home/adamoutler/Android/Sdk/ndk/29.0.14206865/ndk-build \
  NDK_PROJECT_PATH=null \
  APP_BUILD_SCRIPT=/home/adamoutler/git/ssh/app/src/main/jni/Android.mk \
  NDK_APPLICATION_MK=/home/adamoutler/git/ssh/app/src/main/jni/Application.mk \
  APP_ABI=armeabi-v7a \
  NDK_ALL_ABIS=armeabi-v7a \
  NDK_DEBUG=1 \
  APP_PLATFORM=android-26 \
  NDK_OUT=/home/adamoutler/git/ssh/app/build/intermediates/cxx/Debug/3u3n2p12/obj \
  NDK_LIBS_OUT=/home/adamoutler/git/ssh/app/build/intermediates/cxx/Debug/3u3n2p12/lib \
  -j20 \
  termux

Starting process 'command '/home/adamoutler/Android/Sdk/ndk/29.0.14206865/ndk-build''. Working directory: /home/adamoutler/git/ssh/app Command: /home/adamoutler/Android/Sdk/ndk/29.0.14206865/ndk-build NDK_PROJECT_PATH=null APP_BUILD_SCRIPT=/home/adamoutler/git/ssh/app/src/main/jni/Android.mk NDK_APPLICATION_MK=/home/adamoutler/git/ssh/app/src/main/jni/Application.mk APP_ABI=armeabi-v7a NDK_ALL_ABIS=armeabi-v7a NDK_DEBUG=1 APP_PLATFORM=android-26 NDK_OUT=/home/adamoutler/git/ssh/app/build/intermediates/cxx/Debug/3u3n2p12/obj NDK_LIBS_OUT=/home/adamoutler/git/ssh/app/build/intermediates/cxx/Debug/3u3n2p12/lib -j20 termux
Successfully started process 'command '/home/adamoutler/Android/Sdk/ndk/29.0.14206865/ndk-build''
C/C++: Received process result: 0
C/C++: check expected build outputs
C/C++: build complete
Resolve mutations for :app:configureNdkBuildDebug[x86] (Thread[#15980,Execution worker Thread 17,5,main]) started.
:app:configureNdkBuildDebug[x86] (Thread[#15964,Execution worker Thread 2,5,main]) started.

> Task :app:configureNdkBuildDebug[x86]
Caching disabled for task ':app:configureNdkBuildDebug[x86]' because:
  Build cache is disabled
  Caching has been disabled for the task
Task ':app:configureNdkBuildDebug[x86]' is not up-to-date because:
  Task.upToDateWhen is false.
C/C++: /home/adamoutler/git/ssh/app/src/main/jni/Android.mk debug|x86 : Start JSON generation. Platform version: 26 min SDK version: x86
C/C++: /home/adamoutler/git/ssh/app/src/main/jni/Android.mk debug|x86 : JSON '/home/adamoutler/git/ssh/app/build/.cxx/Debug/3u3n2p12/x86/android_gradle_build.json' was up-to-date
C/C++: /home/adamoutler/git/ssh/app/src/main/jni/Android.mk debug|x86 : JSON generation completed without problems
C/C++: /home/adamoutler/git/ssh/app/src/main/jni/Android.mk debug|x86 : Writing build model to /home/adamoutler/git/ssh/app/build/intermediates/cxx/Debug/3u3n2p12/logs/x86/build_model.json
Resolve mutations for :app:buildNdkBuildDebug[x86] (Thread[#15964,Execution worker Thread 2,5,main]) started.
:app:buildNdkBuildDebug[x86] (Thread[#15964,Execution worker Thread 2,5,main]) started.

> Task :app:buildNdkBuildDebug[x86]
Caching disabled for task ':app:buildNdkBuildDebug[x86]' because:
  Build cache is disabled
  Caching has been disabled for the task
Task ':app:buildNdkBuildDebug[x86]' is not up-to-date because:
  Task.upToDateWhen is false.
C/C++: starting build
C/C++: reading expected JSONs
C/C++: done reading expected JSONs
C/C++: executing build commands for targets that produce .so files or executables
C/C++: evaluate miniconfig
C/C++: evaluate library termux (x86)
C/C++: building target library termux because no targets are specified.
C/C++: about to build targets termux
C/C++: Build termux
C/C++: /home/adamoutler/Android/Sdk/ndk/29.0.14206865/ndk-build \
  NDK_PROJECT_PATH=null \
  APP_BUILD_SCRIPT=/home/adamoutler/git/ssh/app/src/main/jni/Android.mk \
  NDK_APPLICATION_MK=/home/adamoutler/git/ssh/app/src/main/jni/Application.mk \
  APP_ABI=x86 \
  NDK_ALL_ABIS=x86 \
  NDK_DEBUG=1 \
  APP_PLATFORM=android-26 \
  NDK_OUT=/home/adamoutler/git/ssh/app/build/intermediates/cxx/Debug/3u3n2p12/obj \
  NDK_LIBS_OUT=/home/adamoutler/git/ssh/app/build/intermediates/cxx/Debug/3u3n2p12/lib \
  -j20 \
  termux

Starting process 'command '/home/adamoutler/Android/Sdk/ndk/29.0.14206865/ndk-build''. Working directory: /home/adamoutler/git/ssh/app Command: /home/adamoutler/Android/Sdk/ndk/29.0.14206865/ndk-build NDK_PROJECT_PATH=null APP_BUILD_SCRIPT=/home/adamoutler/git/ssh/app/src/main/jni/Android.mk NDK_APPLICATION_MK=/home/adamoutler/git/ssh/app/src/main/jni/Application.mk APP_ABI=x86 NDK_ALL_ABIS=x86 NDK_DEBUG=1 APP_PLATFORM=android-26 NDK_OUT=/home/adamoutler/git/ssh/app/build/intermediates/cxx/Debug/3u3n2p12/obj NDK_LIBS_OUT=/home/adamoutler/git/ssh/app/build/intermediates/cxx/Debug/3u3n2p12/lib -j20 termux
Successfully started process 'command '/home/adamoutler/Android/Sdk/ndk/29.0.14206865/ndk-build''
C/C++: Received process result: 0
C/C++: check expected build outputs
C/C++: build complete
Resolve mutations for :app:configureNdkBuildDebug[x86_64] (Thread[#15964,Execution worker Thread 2,5,main]) started.
:app:configureNdkBuildDebug[x86_64] (Thread[#15964,Execution worker Thread 2,5,main]) started.

> Task :app:configureNdkBuildDebug[x86_64]
Caching disabled for task ':app:configureNdkBuildDebug[x86_64]' because:
  Build cache is disabled
  Caching has been disabled for the task
Task ':app:configureNdkBuildDebug[x86_64]' is not up-to-date because:
  Task.upToDateWhen is false.
C/C++: /home/adamoutler/git/ssh/app/src/main/jni/Android.mk debug|x86_64 : Start JSON generation. Platform version: 26 min SDK version: x86_64
C/C++: /home/adamoutler/git/ssh/app/src/main/jni/Android.mk debug|x86_64 : JSON '/home/adamoutler/git/ssh/app/build/.cxx/Debug/3u3n2p12/x86_64/android_gradle_build.json' was up-to-date
C/C++: /home/adamoutler/git/ssh/app/src/main/jni/Android.mk debug|x86_64 : JSON generation completed without problems
C/C++: /home/adamoutler/git/ssh/app/src/main/jni/Android.mk debug|x86_64 : Writing build model to /home/adamoutler/git/ssh/app/build/intermediates/cxx/Debug/3u3n2p12/logs/x86_64/build_model.json
Resolve mutations for :app:buildNdkBuildDebug[x86_64] (Thread[#15964,Execution worker Thread 2,5,main]) started.
:app:buildNdkBuildDebug[x86_64] (Thread[#15970,Execution worker Thread 8,5,main]) started.

> Task :app:buildNdkBuildDebug[x86_64]
Caching disabled for task ':app:buildNdkBuildDebug[x86_64]' because:
  Build cache is disabled
  Caching has been disabled for the task
Task ':app:buildNdkBuildDebug[x86_64]' is not up-to-date because:
  Task.upToDateWhen is false.
C/C++: starting build
C/C++: reading expected JSONs
C/C++: done reading expected JSONs
C/C++: executing build commands for targets that produce .so files or executables
C/C++: evaluate miniconfig
C/C++: evaluate library termux (x86_64)
C/C++: building target library termux because no targets are specified.
C/C++: about to build targets termux
C/C++: Build termux
C/C++: /home/adamoutler/Android/Sdk/ndk/29.0.14206865/ndk-build \
  NDK_PROJECT_PATH=null \
  APP_BUILD_SCRIPT=/home/adamoutler/git/ssh/app/src/main/jni/Android.mk \
  NDK_APPLICATION_MK=/home/adamoutler/git/ssh/app/src/main/jni/Application.mk \
  APP_ABI=x86_64 \
  NDK_ALL_ABIS=x86_64 \
  NDK_DEBUG=1 \
  APP_PLATFORM=android-26 \
  NDK_OUT=/home/adamoutler/git/ssh/app/build/intermediates/cxx/Debug/3u3n2p12/obj \
  NDK_LIBS_OUT=/home/adamoutler/git/ssh/app/build/intermediates/cxx/Debug/3u3n2p12/lib \
  -j20 \
  termux

Starting process 'command '/home/adamoutler/Android/Sdk/ndk/29.0.14206865/ndk-build''. Working directory: /home/adamoutler/git/ssh/app Command: /home/adamoutler/Android/Sdk/ndk/29.0.14206865/ndk-build NDK_PROJECT_PATH=null APP_BUILD_SCRIPT=/home/adamoutler/git/ssh/app/src/main/jni/Android.mk NDK_APPLICATION_MK=/home/adamoutler/git/ssh/app/src/main/jni/Application.mk APP_ABI=x86_64 NDK_ALL_ABIS=x86_64 NDK_DEBUG=1 APP_PLATFORM=android-26 NDK_OUT=/home/adamoutler/git/ssh/app/build/intermediates/cxx/Debug/3u3n2p12/obj NDK_LIBS_OUT=/home/adamoutler/git/ssh/app/build/intermediates/cxx/Debug/3u3n2p12/lib -j20 termux
Successfully started process 'command '/home/adamoutler/Android/Sdk/ndk/29.0.14206865/ndk-build''
C/C++: Received process result: 0
C/C++: check expected build outputs
C/C++: build complete
Resolve mutations for :app:mergeDebugJniLibFolders (Thread[#15970,Execution worker Thread 8,5,main]) started.
:app:mergeDebugJniLibFolders (Thread[#15962,included builds,5,main]) started.

> Task :app:mergeDebugJniLibFolders UP-TO-DATE
Caching disabled for task ':app:mergeDebugJniLibFolders' because:
  Build cache is disabled
  Simple merging task
Skipping task ':app:mergeDebugJniLibFolders' as it is up-to-date.
Resolve mutations for :app:mergeDebugNativeLibs (Thread[#15962,included builds,5,main]) started.
:app:mergeDebugNativeLibs (Thread[#15962,included builds,5,main]) started.

> Task :app:mergeDebugNativeLibs UP-TO-DATE
Transforming termux-shared-v0.118.3.aar (com.github.termux.termux-app:termux-shared:v0.118.3) with ExtractAarTransform
Transforming termux-shared-v0.118.3.aar (com.github.termux.termux-app:termux-shared:v0.118.3) with AarTransform
Transforming material-1.4.0.aar (com.google.android.material:material:1.4.0) with ExtractAarTransform
Transforming material-1.4.0.aar (com.google.android.material:material:1.4.0) with AarTransform
Transforming constraintlayout-2.0.1.aar (androidx.constraintlayout:constraintlayout:2.0.1) with ExtractAarTransform
Transforming constraintlayout-2.0.1.aar (androidx.constraintlayout:constraintlayout:2.0.1) with AarTransform
Transforming appcompat-1.3.1.aar (androidx.appcompat:appcompat:1.3.1) with ExtractAarTransform
Transforming appcompat-1.3.1.aar (androidx.appcompat:appcompat:1.3.1) with AarTransform
Transforming window-1.0.0-alpha09.aar (androidx.window:window:1.0.0-alpha09) with ExtractAarTransform
Transforming window-1.0.0-alpha09.aar (androidx.window:window:1.0.0-alpha09) with AarTransform
Transforming googleid-1.1.0.aar (com.google.android.libraries.identity.googleid:googleid:1.1.0) with ExtractAarTransform
Transforming googleid-1.1.0.aar (com.google.android.libraries.identity.googleid:googleid:1.1.0) with AarTransform
Transforming credentials-1.2.1.aar (androidx.credentials:credentials:1.2.1) with ExtractAarTransform
Transforming credentials-1.2.1.aar (androidx.credentials:credentials:1.2.1) with AarTransform
Transforming credentials-1.2.1.aar (androidx.credentials:credentials:1.2.1) with ExtractAarTransform
Transforming credentials-1.2.1.aar (androidx.credentials:credentials:1.2.1) with AarTransform
Transforming credentials-play-services-auth-1.2.1.aar (androidx.credentials:credentials-play-services-auth:1.2.1) with ExtractAarTransform
Transforming credentials-play-services-auth-1.2.1.aar (androidx.credentials:credentials-play-services-auth:1.2.1) with AarTransform
Transforming play-services-auth-21.1.1.aar (com.google.android.gms:play-services-auth:21.1.1) with ExtractAarTransform
Transforming play-services-auth-21.1.1.aar (com.google.android.gms:play-services-auth:21.1.1) with AarTransform
Transforming billing-ktx-6.2.0.aar (com.android.billingclient:billing-ktx:6.2.0) with ExtractAarTransform
Transforming billing-ktx-6.2.0.aar (com.android.billingclient:billing-ktx:6.2.0) with AarTransform
Transforming billing-6.2.0.aar (com.android.billingclient:billing:6.2.0) with ExtractAarTransform
Transforming billing-6.2.0.aar (com.android.billingclient:billing:6.2.0) with AarTransform
Transforming play-services-fido-20.1.0.aar (com.google.android.gms:play-services-fido:20.1.0) with ExtractAarTransform
Transforming play-services-fido-20.1.0.aar (com.google.android.gms:play-services-fido:20.1.0) with AarTransform
Transforming play-services-fido-20.1.0.aar (com.google.android.gms:play-services-fido:20.1.0) with ExtractAarTransform
Transforming play-services-fido-20.1.0.aar (com.google.android.gms:play-services-fido:20.1.0) with AarTransform
Transforming play-services-auth-api-phone-18.0.2.aar (com.google.android.gms:play-services-auth-api-phone:18.0.2) with ExtractAarTransform
Transforming play-services-auth-api-phone-18.0.2.aar (com.google.android.gms:play-services-auth-api-phone:18.0.2) with AarTransform
Transforming play-services-auth-base-18.0.10.aar (com.google.android.gms:play-services-auth-base:18.0.10) with ExtractAarTransform
Transforming play-services-auth-base-18.0.10.aar (com.google.android.gms:play-services-auth-base:18.0.10) with AarTransform
Transforming play-services-location-19.0.0.aar (com.google.android.gms:play-services-location:19.0.0) with ExtractAarTransform
Transforming play-services-location-19.0.0.aar (com.google.android.gms:play-services-location:19.0.0) with AarTransform
Transforming play-services-base-18.3.0.aar (com.google.android.gms:play-services-base:18.3.0) with ExtractAarTransform
Transforming play-services-base-18.3.0.aar (com.google.android.gms:play-services-base:18.3.0) with AarTransform
Transforming play-services-tasks-18.1.0.aar (com.google.android.gms:play-services-tasks:18.1.0) with ExtractAarTransform
Transforming play-services-tasks-18.1.0.aar (com.google.android.gms:play-services-tasks:18.1.0) with AarTransform
Transforming play-services-places-placereport-17.0.0.aar (com.google.android.gms:play-services-places-placereport:17.0.0) with ExtractAarTransform
Transforming play-services-places-placereport-17.0.0.aar (com.google.android.gms:play-services-places-placereport:17.0.0) with AarTransform
Transforming play-services-basement-18.3.0.aar (com.google.android.gms:play-services-basement:18.3.0) with ExtractAarTransform
Transforming play-services-basement-18.3.0.aar (com.google.android.gms:play-services-basement:18.3.0) with AarTransform
Transforming viewpager2-1.0.0.aar (androidx.viewpager2:viewpager2:1.0.0) with ExtractAarTransform
Transforming viewpager2-1.0.0.aar (androidx.viewpager2:viewpager2:1.0.0) with AarTransform
Transforming fragment-1.5.7.aar (androidx.fragment:fragment:1.5.7) with ExtractAarTransform
Transforming fragment-1.5.7.aar (androidx.fragment:fragment:1.5.7) with AarTransform
Transforming fragment-1.5.7.aar (androidx.fragment:fragment:1.5.7) with ExtractAarTransform
Transforming fragment-1.5.7.aar (androidx.fragment:fragment:1.5.7) with AarTransform
Transforming dynamicanimation-1.0.0.aar (androidx.dynamicanimation:dynamicanimation:1.0.0) with ExtractAarTransform
Transforming dynamicanimation-1.0.0.aar (androidx.dynamicanimation:dynamicanimation:1.0.0) with AarTransform
Transforming legacy-support-core-utils-1.0.0.aar (androidx.legacy:legacy-support-core-utils:1.0.0) with ExtractAarTransform
Transforming legacy-support-core-utils-1.0.0.aar (androidx.legacy:legacy-support-core-utils:1.0.0) with AarTransform
Transforming loader-1.1.0.aar (androidx.loader:loader:1.1.0) with ExtractAarTransform
Transforming loader-1.1.0.aar (androidx.loader:loader:1.1.0) with AarTransform
Transforming loader-1.1.0.aar (androidx.loader:loader:1.1.0) with ExtractAarTransform
Transforming loader-1.1.0.aar (androidx.loader:loader:1.1.0) with AarTransform
Transforming work-runtime-ktx-2.9.0.aar (androidx.work:work-runtime-ktx:2.9.0) with ExtractAarTransform
Transforming work-runtime-ktx-2.9.0.aar (androidx.work:work-runtime-ktx:2.9.0) with AarTransform
Transforming work-runtime-2.9.0.aar (androidx.work:work-runtime:2.9.0) with ExtractAarTransform
Transforming work-runtime-2.9.0.aar (androidx.work:work-runtime:2.9.0) with AarTransform
Transforming navigation-common-2.7.7.aar (androidx.navigation:navigation-common:2.7.7) with ExtractAarTransform
Transforming navigation-common-2.7.7.aar (androidx.navigation:navigation-common:2.7.7) with AarTransform
Transforming navigation-runtime-2.7.7.aar (androidx.navigation:navigation-runtime:2.7.7) with ExtractAarTransform
Transforming navigation-runtime-2.7.7.aar (androidx.navigation:navigation-runtime:2.7.7) with AarTransform
Transforming navigation-common-ktx-2.7.7.aar (androidx.navigation:navigation-common-ktx:2.7.7) with ExtractAarTransform
Transforming navigation-common-ktx-2.7.7.aar (androidx.navigation:navigation-common-ktx:2.7.7) with AarTransform
Transforming navigation-runtime-ktx-2.7.7.aar (androidx.navigation:navigation-runtime-ktx:2.7.7) with ExtractAarTransform
Transforming navigation-runtime-ktx-2.7.7.aar (androidx.navigation:navigation-runtime-ktx:2.7.7) with AarTransform
Transforming navigation-compose-2.7.7.aar (androidx.navigation:navigation-compose:2.7.7) with ExtractAarTransform
Transforming navigation-compose-2.7.7.aar (androidx.navigation:navigation-compose:2.7.7) with AarTransform
Transforming material3-release.aar (androidx.compose.material3:material3-android:1.2.1) with ExtractAarTransform
Transforming material3-release.aar (androidx.compose.material3:material3-android:1.2.1) with AarTransform
Transforming savedstate-ktx-1.2.1.aar (androidx.savedstate:savedstate-ktx:1.2.1) with ExtractAarTransform
Transforming savedstate-ktx-1.2.1.aar (androidx.savedstate:savedstate-ktx:1.2.1) with AarTransform
Transforming material-ripple-release.aar (androidx.compose.material:material-ripple-android:1.6.7) with ExtractAarTransform
Transforming material-ripple-release.aar (androidx.compose.material:material-ripple-android:1.6.7) with AarTransform
Transforming material-icons-core-release.aar (androidx.compose.material:material-icons-core-android:1.6.7) with ExtractAarTransform
Transforming material-icons-core-release.aar (androidx.compose.material:material-icons-core-android:1.6.7) with AarTransform
Transforming material-icons-extended-release.aar (androidx.compose.material:material-icons-extended-android:1.6.7) with ExtractAarTransform
Transforming material-icons-extended-release.aar (androidx.compose.material:material-icons-extended-android:1.6.7) with AarTransform
Transforming material-release.aar (androidx.compose.material:material-android:1.6.7) with ExtractAarTransform
Transforming material-release.aar (androidx.compose.material:material-android:1.6.7) with AarTransform
Transforming savedstate-1.2.1.aar (androidx.savedstate:savedstate:1.2.1) with ExtractAarTransform
Transforming savedstate-1.2.1.aar (androidx.savedstate:savedstate:1.2.1) with AarTransform
Transforming foundation-release.aar (androidx.compose.foundation:foundation-android:1.6.7) with ExtractAarTransform
Transforming foundation-release.aar (androidx.compose.foundation:foundation-android:1.6.7) with AarTransform
Transforming foundation-layout-release.aar (androidx.compose.foundation:foundation-layout-android:1.6.7) with ExtractAarTransform
Transforming foundation-layout-release.aar (androidx.compose.foundation:foundation-layout-android:1.6.7) with AarTransform
Transforming animation-core-release.aar (androidx.compose.animation:animation-core-android:1.6.7) with ExtractAarTransform
Transforming animation-core-release.aar (androidx.compose.animation:animation-core-android:1.6.7) with AarTransform
Transforming animation-release.aar (androidx.compose.animation:animation-android:1.6.7) with ExtractAarTransform
Transforming animation-release.aar (androidx.compose.animation:animation-android:1.6.7) with AarTransform
Transforming ui-tooling-data-release.aar (androidx.compose.ui:ui-tooling-data-android:1.6.7) with ExtractAarTransform
Transforming ui-tooling-data-release.aar (androidx.compose.ui:ui-tooling-data-android:1.6.7) with AarTransform
Transforming ui-unit-release.aar (androidx.compose.ui:ui-unit-android:1.6.7) with ExtractAarTransform
Transforming ui-unit-release.aar (androidx.compose.ui:ui-unit-android:1.6.7) with AarTransform
Transforming ui-geometry-release.aar (androidx.compose.ui:ui-geometry-android:1.6.7) with ExtractAarTransform
Transforming ui-geometry-release.aar (androidx.compose.ui:ui-geometry-android:1.6.7) with AarTransform
Transforming ui-util-release.aar (androidx.compose.ui:ui-util-android:1.6.7) with ExtractAarTransform
Transforming ui-util-release.aar (androidx.compose.ui:ui-util-android:1.6.7) with AarTransform
Transforming ui-tooling-preview-release.aar (androidx.compose.ui:ui-tooling-preview-android:1.6.7) with ExtractAarTransform
Transforming ui-tooling-preview-release.aar (androidx.compose.ui:ui-tooling-preview-android:1.6.7) with AarTransform
Transforming ui-graphics-release.aar (androidx.compose.ui:ui-graphics-android:1.6.7) with ExtractAarTransform
Transforming ui-graphics-release.aar (androidx.compose.ui:ui-graphics-android:1.6.7) with AarTransform
Transforming ui-text-release.aar (androidx.compose.ui:ui-text-android:1.6.7) with ExtractAarTransform
Transforming ui-text-release.aar (androidx.compose.ui:ui-text-android:1.6.7) with AarTransform
Transforming emoji2-1.3.0.aar (androidx.emoji2:emoji2:1.3.0) with ExtractAarTransform
Transforming emoji2-1.3.0.aar (androidx.emoji2:emoji2:1.3.0) with AarTransform
Transforming lifecycle-process-2.8.0.aar (androidx.lifecycle:lifecycle-process:2.8.0) with ExtractAarTransform
Transforming lifecycle-process-2.8.0.aar (androidx.lifecycle:lifecycle-process:2.8.0) with AarTransform
Transforming lifecycle-livedata-core-ktx-2.8.0.aar (androidx.lifecycle:lifecycle-livedata-core-ktx:2.8.0) with ExtractAarTransform
Transforming lifecycle-livedata-core-ktx-2.8.0.aar (androidx.lifecycle:lifecycle-livedata-core-ktx:2.8.0) with AarTransform
Transforming lifecycle-common-jvm-2.8.0.jar (androidx.lifecycle:lifecycle-common-jvm:2.8.0) with ExtractJniTransform
Transforming lifecycle-common-java8-2.8.0.jar (androidx.lifecycle:lifecycle-common-java8:2.8.0) with ExtractJniTransform
Transforming lifecycle-viewmodel-2.8.0.aar (androidx.lifecycle:lifecycle-viewmodel:2.8.0) with ExtractAarTransform
Transforming lifecycle-viewmodel-2.8.0.aar (androidx.lifecycle:lifecycle-viewmodel:2.8.0) with AarTransform
Transforming lifecycle-viewmodel-release.aar (androidx.lifecycle:lifecycle-viewmodel-android:2.8.0) with ExtractAarTransform
Transforming lifecycle-viewmodel-release.aar (androidx.lifecycle:lifecycle-viewmodel-android:2.8.0) with AarTransform
Transforming lifecycle-runtime-release.aar (androidx.lifecycle:lifecycle-runtime-android:2.8.0) with ExtractAarTransform
Transforming lifecycle-runtime-release.aar (androidx.lifecycle:lifecycle-runtime-android:2.8.0) with AarTransform
Transforming lifecycle-service-2.8.0.aar (androidx.lifecycle:lifecycle-service:2.8.0) with ExtractAarTransform
Transforming lifecycle-service-2.8.0.aar (androidx.lifecycle:lifecycle-service:2.8.0) with AarTransform
Transforming lifecycle-livedata-2.8.0.aar (androidx.lifecycle:lifecycle-livedata:2.8.0) with ExtractAarTransform
Transforming lifecycle-livedata-2.8.0.aar (androidx.lifecycle:lifecycle-livedata:2.8.0) with AarTransform
Transforming lifecycle-livedata-core-2.8.0.aar (androidx.lifecycle:lifecycle-livedata-core:2.8.0) with ExtractAarTransform
Transforming lifecycle-livedata-core-2.8.0.aar (androidx.lifecycle:lifecycle-livedata-core:2.8.0) with AarTransform
Transforming lifecycle-livedata-core-2.8.0.aar (androidx.lifecycle:lifecycle-livedata-core:2.8.0) with ExtractAarTransform
Transforming lifecycle-livedata-core-2.8.0.aar (androidx.lifecycle:lifecycle-livedata-core:2.8.0) with AarTransform
Transforming lifecycle-viewmodel-savedstate-2.8.0.aar (androidx.lifecycle:lifecycle-viewmodel-savedstate:2.8.0) with ExtractAarTransform
Transforming lifecycle-viewmodel-savedstate-2.8.0.aar (androidx.lifecycle:lifecycle-viewmodel-savedstate:2.8.0) with AarTransform
Transforming lifecycle-viewmodel-ktx-2.8.0.aar (androidx.lifecycle:lifecycle-viewmodel-ktx:2.8.0) with ExtractAarTransform
Transforming lifecycle-viewmodel-ktx-2.8.0.aar (androidx.lifecycle:lifecycle-viewmodel-ktx:2.8.0) with AarTransform
Transforming lifecycle-runtime-ktx-release.aar (androidx.lifecycle:lifecycle-runtime-ktx-android:2.8.0) with ExtractAarTransform
Transforming lifecycle-runtime-ktx-release.aar (androidx.lifecycle:lifecycle-runtime-ktx-android:2.8.0) with AarTransform
Transforming lifecycle-viewmodel-compose-release.aar (androidx.lifecycle:lifecycle-viewmodel-compose-android:2.8.0) with ExtractAarTransform
Transforming lifecycle-viewmodel-compose-release.aar (androidx.lifecycle:lifecycle-viewmodel-compose-android:2.8.0) with AarTransform
Transforming ui-release.aar (androidx.compose.ui:ui-android:1.6.7) with ExtractAarTransform
Transforming ui-release.aar (androidx.compose.ui:ui-android:1.6.7) with AarTransform
Transforming ui-test-manifest-1.6.7.aar (androidx.compose.ui:ui-test-manifest:1.6.7) with ExtractAarTransform
Transforming ui-test-manifest-1.6.7.aar (androidx.compose.ui:ui-test-manifest:1.6.7) with AarTransform
Transforming ui-tooling-release.aar (androidx.compose.ui:ui-tooling-android:1.6.7) with ExtractAarTransform
Transforming ui-tooling-release.aar (androidx.compose.ui:ui-tooling-android:1.6.7) with AarTransform
Transforming activity-compose-1.9.0.aar (androidx.activity:activity-compose:1.9.0) with ExtractAarTransform
Transforming activity-compose-1.9.0.aar (androidx.activity:activity-compose:1.9.0) with AarTransform
Transforming activity-ktx-1.9.0.aar (androidx.activity:activity-ktx:1.9.0) with ExtractAarTransform
Transforming activity-ktx-1.9.0.aar (androidx.activity:activity-ktx:1.9.0) with AarTransform
Transforming activity-1.9.0.aar (androidx.activity:activity:1.9.0) with ExtractAarTransform
Transforming activity-1.9.0.aar (androidx.activity:activity:1.9.0) with AarTransform
Transforming activity-1.9.0.aar (androidx.activity:activity:1.9.0) with ExtractAarTransform
Transforming activity-1.9.0.aar (androidx.activity:activity:1.9.0) with AarTransform
Transforming appcompat-resources-1.3.1.aar (androidx.appcompat:appcompat-resources:1.3.1) with ExtractAarTransform
Transforming appcompat-resources-1.3.1.aar (androidx.appcompat:appcompat-resources:1.3.1) with AarTransform
Transforming drawerlayout-1.0.0.aar (androidx.drawerlayout:drawerlayout:1.0.0) with ExtractAarTransform
Transforming drawerlayout-1.0.0.aar (androidx.drawerlayout:drawerlayout:1.0.0) with AarTransform
Transforming coordinatorlayout-1.1.0.aar (androidx.coordinatorlayout:coordinatorlayout:1.1.0) with ExtractAarTransform
Transforming coordinatorlayout-1.1.0.aar (androidx.coordinatorlayout:coordinatorlayout:1.1.0) with AarTransform
Transforming transition-1.2.0.aar (androidx.transition:transition:1.2.0) with ExtractAarTransform
Transforming transition-1.2.0.aar (androidx.transition:transition:1.2.0) with AarTransform
Transforming vectordrawable-animated-1.1.0.aar (androidx.vectordrawable:vectordrawable-animated:1.1.0) with ExtractAarTransform
Transforming vectordrawable-animated-1.1.0.aar (androidx.vectordrawable:vectordrawable-animated:1.1.0) with AarTransform
Transforming vectordrawable-1.1.0.aar (androidx.vectordrawable:vectordrawable:1.1.0) with ExtractAarTransform
Transforming vectordrawable-1.1.0.aar (androidx.vectordrawable:vectordrawable:1.1.0) with AarTransform
Transforming vectordrawable-1.1.0.aar (androidx.vectordrawable:vectordrawable:1.1.0) with ExtractAarTransform
Transforming vectordrawable-1.1.0.aar (androidx.vectordrawable:vectordrawable:1.1.0) with AarTransform
Transforming viewpager-1.0.0.aar (androidx.viewpager:viewpager:1.0.0) with ExtractAarTransform
Transforming viewpager-1.0.0.aar (androidx.viewpager:viewpager:1.0.0) with AarTransform
Transforming autofill-1.0.0.aar (androidx.autofill:autofill:1.0.0) with ExtractAarTransform
Transforming autofill-1.0.0.aar (androidx.autofill:autofill:1.0.0) with AarTransform
Transforming recycler-4.6.2.aar (io.noties.markwon:recycler:4.6.2) with ExtractAarTransform
Transforming recycler-4.6.2.aar (io.noties.markwon:recycler:4.6.2) with AarTransform
Transforming recyclerview-1.1.0.aar (androidx.recyclerview:recyclerview:1.1.0) with ExtractAarTransform
Transforming recyclerview-1.1.0.aar (androidx.recyclerview:recyclerview:1.1.0) with AarTransform
Transforming recyclerview-1.1.0.aar (androidx.recyclerview:recyclerview:1.1.0) with ExtractAarTransform
Transforming recyclerview-1.1.0.aar (androidx.recyclerview:recyclerview:1.1.0) with AarTransform
Transforming customview-1.0.0.aar (androidx.customview:customview:1.0.0) with ExtractAarTransform
Transforming customview-1.0.0.aar (androidx.customview:customview:1.0.0) with AarTransform
Transforming core-1.13.1.aar (androidx.core:core:1.13.1) with ExtractAarTransform
Transforming core-1.13.1.aar (androidx.core:core:1.13.1) with AarTransform
Transforming core-1.13.1.aar (androidx.core:core:1.13.1) with ExtractAarTransform
Transforming core-1.13.1.aar (androidx.core:core:1.13.1) with AarTransform
Transforming customview-poolingcontainer-1.0.0.aar (androidx.customview:customview-poolingcontainer:1.0.0) with ExtractAarTransform
Transforming customview-poolingcontainer-1.0.0.aar (androidx.customview:customview-poolingcontainer:1.0.0) with AarTransform
Transforming core-ktx-1.13.1.aar (androidx.core:core-ktx:1.13.1) with ExtractAarTransform
Transforming core-ktx-1.13.1.aar (androidx.core:core-ktx:1.13.1) with AarTransform
Transforming security-crypto-ktx-1.1.0-alpha06.aar (androidx.security:security-crypto-ktx:1.1.0-alpha06) with ExtractAarTransform
Transforming security-crypto-ktx-1.1.0-alpha06.aar (androidx.security:security-crypto-ktx:1.1.0-alpha06) with AarTransform
Transforming kotlinx-serialization-core-jvm-1.6.3.jar (org.jetbrains.kotlinx:kotlinx-serialization-core-jvm:1.6.3) with ExtractJniTransform
Transforming kotlinx-serialization-json-jvm-1.6.3.jar (org.jetbrains.kotlinx:kotlinx-serialization-json-jvm:1.6.3) with ExtractJniTransform
Transforming room-ktx-2.5.0.aar (androidx.room:room-ktx:2.5.0) with ExtractAarTransform
Transforming room-ktx-2.5.0.aar (androidx.room:room-ktx:2.5.0) with AarTransform
Transforming room-runtime-2.5.0.aar (androidx.room:room-runtime:2.5.0) with ExtractAarTransform
Transforming room-runtime-2.5.0.aar (androidx.room:room-runtime:2.5.0) with AarTransform
Transforming annotation-experimental-1.4.0.aar (androidx.annotation:annotation-experimental:1.4.0) with ExtractAarTransform
Transforming annotation-experimental-1.4.0.aar (androidx.annotation:annotation-experimental:1.4.0) with AarTransform
Transforming runtime-saveable-release.aar (androidx.compose.runtime:runtime-saveable-android:1.6.7) with ExtractAarTransform
Transforming runtime-saveable-release.aar (androidx.compose.runtime:runtime-saveable-android:1.6.7) with AarTransform
Transforming runtime-release.aar (androidx.compose.runtime:runtime-android:1.6.7) with ExtractAarTransform
Transforming runtime-release.aar (androidx.compose.runtime:runtime-android:1.6.7) with AarTransform
Transforming sqlite-framework-2.3.0.aar (androidx.sqlite:sqlite-framework:2.3.0) with ExtractAarTransform
Transforming sqlite-framework-2.3.0.aar (androidx.sqlite:sqlite-framework:2.3.0) with AarTransform
Transforming terminal-view-v0.118.3.aar (com.github.termux.termux-app:terminal-view:v0.118.3) with ExtractAarTransform
Transforming terminal-view-v0.118.3.aar (com.github.termux.termux-app:terminal-view:v0.118.3) with AarTransform
Transforming security-crypto-1.1.0-alpha06.aar (androidx.security:security-crypto:1.1.0-alpha06) with ExtractAarTransform
Transforming security-crypto-1.1.0-alpha06.aar (androidx.security:security-crypto:1.1.0-alpha06) with AarTransform
Transforming ext-strikethrough-4.6.2.aar (io.noties.markwon:ext-strikethrough:4.6.2) with ExtractAarTransform
Transforming ext-strikethrough-4.6.2.aar (io.noties.markwon:ext-strikethrough:4.6.2) with AarTransform
Transforming linkify-4.6.2.aar (io.noties.markwon:linkify:4.6.2) with ExtractAarTransform
Transforming linkify-4.6.2.aar (io.noties.markwon:linkify:4.6.2) with AarTransform
Transforming core-4.6.2.aar (io.noties.markwon:core:4.6.2) with ExtractAarTransform
Transforming core-4.6.2.aar (io.noties.markwon:core:4.6.2) with AarTransform
Transforming interpolator-1.0.0.aar (androidx.interpolator:interpolator:1.0.0) with ExtractAarTransform
Transforming interpolator-1.0.0.aar (androidx.interpolator:interpolator:1.0.0) with AarTransform
Transforming interpolator-1.0.0.aar (androidx.interpolator:interpolator:1.0.0) with ExtractAarTransform
Transforming interpolator-1.0.0.aar (androidx.interpolator:interpolator:1.0.0) with AarTransform
Transforming versionedparcelable-1.1.1.aar (androidx.versionedparcelable:versionedparcelable:1.1.1) with ExtractAarTransform
Transforming versionedparcelable-1.1.1.aar (androidx.versionedparcelable:versionedparcelable:1.1.1) with AarTransform
Transforming cursoradapter-1.0.0.aar (androidx.cursoradapter:cursoradapter:1.0.0) with ExtractAarTransform
Transforming cursoradapter-1.0.0.aar (androidx.cursoradapter:cursoradapter:1.0.0) with AarTransform
Transforming cardview-1.0.0.aar (androidx.cardview:cardview:1.0.0) with ExtractAarTransform
Transforming cardview-1.0.0.aar (androidx.cardview:cardview:1.0.0) with AarTransform
Transforming transport-backend-cct-3.1.8.aar (com.google.android.datatransport:transport-backend-cct:3.1.8) with ExtractAarTransform
Transforming transport-backend-cct-3.1.8.aar (com.google.android.datatransport:transport-backend-cct:3.1.8) with AarTransform
Transforming transport-runtime-3.1.8.aar (com.google.android.datatransport:transport-runtime:3.1.8) with ExtractAarTransform
Transforming transport-runtime-3.1.8.aar (com.google.android.datatransport:transport-runtime:3.1.8) with AarTransform
Transforming transport-api-3.0.0.aar (com.google.android.datatransport:transport-api:3.0.0) with ExtractAarTransform
Transforming transport-api-3.0.0.aar (com.google.android.datatransport:transport-api:3.0.0) with AarTransform
Transforming profileinstaller-1.3.1.aar (androidx.profileinstaller:profileinstaller:1.3.1) with ExtractAarTransform
Transforming profileinstaller-1.3.1.aar (androidx.profileinstaller:profileinstaller:1.3.1) with AarTransform
Transforming startup-runtime-1.1.1.aar (androidx.startup:startup-runtime:1.1.1) with ExtractAarTransform
Transforming startup-runtime-1.1.1.aar (androidx.startup:startup-runtime:1.1.1) with AarTransform
Transforming tracing-1.0.0.aar (androidx.tracing:tracing:1.0.0) with ExtractAarTransform
Transforming tracing-1.0.0.aar (androidx.tracing:tracing:1.0.0) with AarTransform
Transforming firebase-encoders-json-18.0.0.aar (com.google.firebase:firebase-encoders-json:18.0.0) with ExtractAarTransform
Transforming firebase-encoders-json-18.0.0.aar (com.google.firebase:firebase-encoders-json:18.0.0) with AarTransform
Transforming firebase-encoders-proto-16.0.0.jar (com.google.firebase:firebase-encoders-proto:16.0.0) with ExtractJniTransform
Transforming firebase-encoders-17.0.0.jar (com.google.firebase:firebase-encoders:17.0.0) with ExtractJniTransform
Transforming core-runtime-2.2.0.aar (androidx.arch.core:core-runtime:2.2.0) with ExtractAarTransform
Transforming core-runtime-2.2.0.aar (androidx.arch.core:core-runtime:2.2.0) with AarTransform
Transforming core-common-2.2.0.jar (androidx.arch.core:core-common:2.2.0) with ExtractJniTransform
Transforming room-common-2.5.0.jar (androidx.room:room-common:2.5.0) with ExtractJniTransform
Transforming sqlite-2.3.0.aar (androidx.sqlite:sqlite:2.3.0) with ExtractAarTransform
Transforming sqlite-2.3.0.aar (androidx.sqlite:sqlite:2.3.0) with AarTransform
Transforming concurrent-futures-1.1.0.jar (androidx.concurrent:concurrent-futures:1.1.0) with ExtractJniTransform
Transforming collection-ktx-1.4.0.jar (androidx.collection:collection-ktx:1.4.0) with ExtractJniTransform
Transforming collection-jvm-1.4.0.jar (androidx.collection:collection-jvm:1.4.0) with ExtractJniTransform
Transforming documentfile-1.0.0.aar (androidx.documentfile:documentfile:1.0.0) with ExtractAarTransform
Transforming documentfile-1.0.0.aar (androidx.documentfile:documentfile:1.0.0) with AarTransform
Transforming localbroadcastmanager-1.0.0.aar (androidx.localbroadcastmanager:localbroadcastmanager:1.0.0) with ExtractAarTransform
Transforming localbroadcastmanager-1.0.0.aar (androidx.localbroadcastmanager:localbroadcastmanager:1.0.0) with AarTransform
Transforming print-1.0.0.aar (androidx.print:print:1.0.0) with ExtractAarTransform
Transforming print-1.0.0.aar (androidx.print:print:1.0.0) with AarTransform
Transforming annotation-jvm-1.8.0.jar (androidx.annotation:annotation-jvm:1.8.0) with ExtractJniTransform
Transforming kotlinx-coroutines-android-1.7.3.jar (org.jetbrains.kotlinx:kotlinx-coroutines-android:1.7.3) with ExtractJniTransform
Transforming kotlinx-coroutines-core-jvm-1.7.3.jar (org.jetbrains.kotlinx:kotlinx-coroutines-core-jvm:1.7.3) with ExtractJniTransform
Transforming kotlin-stdlib-jdk8-1.8.20.jar (org.jetbrains.kotlin:kotlin-stdlib-jdk8:1.8.20) with ExtractJniTransform
Transforming kotlin-stdlib-jdk7-1.8.20.jar (org.jetbrains.kotlin:kotlin-stdlib-jdk7:1.8.20) with ExtractJniTransform
Transforming kotlin-stdlib-1.9.23.jar (org.jetbrains.kotlin:kotlin-stdlib:1.9.23) with ExtractJniTransform
Transforming jose4j-0.9.6.jar (org.bitbucket.b_c:jose4j:0.9.6) with ExtractJniTransform
Transforming jdom2-2.0.6.1.jar (org.jdom:jdom2:2.0.6.1) with ExtractJniTransform
Transforming commons-io-2.14.0.jar (commons-io:commons-io:2.14.0) with ExtractJniTransform
Transforming protobuf-java-3.25.5.jar (com.google.protobuf:protobuf-java:3.25.5) with ExtractJniTransform
Transforming google-auth-library-oauth2-http-1.46.0.jar (com.google.auth:google-auth-library-oauth2-http:1.46.0) with ExtractJniTransform
Transforming google-api-services-drive-v3-rev20230822-2.0.0.jar (com.google.apis:google-api-services-drive:v3-rev20230822-2.0.0) with ExtractJniTransform
Transforming google-api-client-2.2.0.jar (com.google.api-client:google-api-client:2.2.0) with ExtractJniTransform
Transforming google-api-client-android-2.0.0.jar (com.google.api-client:google-api-client-android:2.0.0) with ExtractJniTransform
Transforming google-oauth-client-1.34.1.jar (com.google.oauth-client:google-oauth-client:1.34.1) with ExtractJniTransform
Transforming google-http-client-gson-2.1.0.jar (com.google.http-client:google-http-client-gson:2.1.0) with ExtractJniTransform
Transforming google-http-client-apache-v2-1.42.3.jar (com.google.http-client:google-http-client-apache-v2:1.42.3) with ExtractJniTransform
Transforming google-http-client-2.1.0.jar (com.google.http-client:google-http-client:2.1.0) with ExtractJniTransform
Transforming api-common-2.53.0.jar (com.google.api:api-common:2.53.0) with ExtractJniTransform
Transforming opencensus-contrib-http-util-0.31.1.jar (io.opencensus:opencensus-contrib-http-util:0.31.1) with ExtractJniTransform
Transforming guava-33.6.0-android.jar (com.google.guava:guava:33.6.0-jre) with ExtractJniTransform
Transforming netty-codec-http2-4.1.132.Final.jar (io.netty:netty-codec-http2:4.1.132.Final) with ExtractJniTransform
Transforming netty-codec-http-4.1.132.Final.jar (io.netty:netty-codec-http:4.1.132.Final) with ExtractJniTransform
Transforming netty-handler-4.1.132.Final.jar (io.netty:netty-handler:4.1.132.Final) with ExtractJniTransform
Transforming netty-codec-4.1.132.Final.jar (io.netty:netty-codec:4.1.132.Final) with ExtractJniTransform
Transforming netty-transport-native-unix-common-4.1.132.Final.jar (io.netty:netty-transport-native-unix-common:4.1.132.Final) with ExtractJniTransform
Transforming netty-transport-4.1.132.Final.jar (io.netty:netty-transport:4.1.132.Final) with ExtractJniTransform
Transforming netty-buffer-4.1.132.Final.jar (io.netty:netty-buffer:4.1.132.Final) with ExtractJniTransform
Transforming netty-resolver-4.1.132.Final.jar (io.netty:netty-resolver:4.1.132.Final) with ExtractJniTransform
Transforming netty-common-4.1.132.Final.jar (io.netty:netty-common:4.1.132.Final) with ExtractJniTransform
Transforming commons-net-3.10.0.jar (commons-net:commons-net:3.10.0) with ExtractJniTransform
Transforming sshj-0.40.0.jar (com.hierynomus:sshj:0.40.0) with ExtractJniTransform
Transforming slf4j-nop-2.0.12.jar (org.slf4j:slf4j-nop:2.0.12) with ExtractJniTransform
Transforming bcpkix-jdk18on-1.84.jar (org.bouncycastle:bcpkix-jdk18on:1.84) with ExtractJniTransform
Transforming bcutil-jdk18on-1.84.jar (org.bouncycastle:bcutil-jdk18on:1.84) with ExtractJniTransform
Transforming bcprov-jdk18on-1.84.jar (org.bouncycastle:bcprov-jdk18on:1.84) with ExtractJniTransform
Transforming annotations-23.0.0.jar (org.jetbrains:annotations:23.0.0) with ExtractJniTransform
Transforming asn-one-0.6.0.jar (com.hierynomus:asn-one:0.6.0) with ExtractJniTransform
Transforming slf4j-api-2.0.17.jar (org.slf4j:slf4j-api:2.0.17) with ExtractJniTransform
Transforming failureaccess-1.0.3.jar (com.google.guava:failureaccess:1.0.3) with ExtractJniTransform
Transforming jspecify-1.0.0.jar (org.jspecify:jspecify:1.0.0) with ExtractJniTransform
Transforming tink-android-1.8.0.jar (com.google.crypto.tink:tink-android:1.8.0) with ExtractJniTransform
Transforming gson-2.12.1.jar (com.google.code.gson:gson:2.12.1) with ExtractJniTransform
Transforming error_prone_annotations-2.47.0.jar (com.google.errorprone:error_prone_annotations:2.47.0) with ExtractJniTransform
Transforming j2objc-annotations-3.1.jar (com.google.j2objc:j2objc-annotations:3.1) with ExtractJniTransform
Transforming terminal-emulator-v0.118.3.aar (com.github.termux.termux-app:terminal-emulator:v0.118.3) with ExtractAarTransform
Transforming terminal-emulator-v0.118.3.aar (com.github.termux.termux-app:terminal-emulator:v0.118.3) with AarTransform
Transforming hiddenapibypass-6.1.aar (org.lsposed.hiddenapibypass:hiddenapibypass:6.1) with ExtractAarTransform
Transforming hiddenapibypass-6.1.aar (org.lsposed.hiddenapibypass:hiddenapibypass:6.1) with AarTransform
Transforming auto-value-annotations-1.11.0.jar (com.google.auto.value:auto-value-annotations:1.11.0) with ExtractJniTransform
Transforming jsr305-3.0.2.jar (com.google.code.findbugs:jsr305:3.0.2) with ExtractJniTransform
Transforming google-auth-library-credentials-1.46.0.jar (com.google.auth:google-auth-library-credentials:1.46.0) with ExtractJniTransform
Transforming commonmark-ext-gfm-strikethrough-0.13.0.jar (com.atlassian.commonmark:commonmark-ext-gfm-strikethrough:0.13.0) with ExtractJniTransform
Transforming commonmark-0.13.0.jar (com.atlassian.commonmark:commonmark:0.13.0) with ExtractJniTransform
Transforming httpclient-4.5.14.jar (org.apache.httpcomponents:httpclient:4.5.14) with ExtractJniTransform
Transforming commons-codec-1.15.jar (commons-codec:commons-codec:1.15) with ExtractJniTransform
Transforming httpcore-4.4.16.jar (org.apache.httpcomponents:httpcore:4.4.16) with ExtractJniTransform
Transforming opencensus-api-0.31.1.jar (io.opencensus:opencensus-api:0.31.1) with ExtractJniTransform
Transforming grpc-context-1.70.0.jar (io.grpc:grpc-context:1.70.0) with ExtractJniTransform
Transforming javax.annotation-api-1.3.2.jar (javax.annotation:javax.annotation-api:1.3.2) with ExtractJniTransform
Transforming constraintlayout-solver-2.0.1.jar (androidx.constraintlayout:constraintlayout-solver:2.0.1) with ExtractJniTransform
Transforming javax.inject-1.jar (javax.inject:javax.inject:1) with ExtractJniTransform
Transforming grpc-api-1.70.0.jar (io.grpc:grpc-api:1.70.0) with ExtractJniTransform
Caching disabled for task ':app:mergeDebugNativeLibs' because:
  Build cache is disabled
  Caching has been disabled for the task
Skipping task ':app:mergeDebugNativeLibs' as it is up-to-date.
Resolve mutations for :app:stripDebugDebugSymbols (Thread[#15962,included builds,5,main]) started.
:app:stripDebugDebugSymbols (Thread[#15962,included builds,5,main]) started.

> Task :app:stripDebugDebugSymbols UP-TO-DATE
Caching disabled for task ':app:stripDebugDebugSymbols' because:
  Build cache is disabled
  Caching has been disabled for the task
Skipping task ':app:stripDebugDebugSymbols' as it is up-to-date.
Resolve mutations for :app:validateSigningDebug (Thread[#15962,included builds,5,main]) started.
:app:validateSigningDebug (Thread[#15973,Execution worker Thread 10,5,main]) started.

> Task :app:validateSigningDebug UP-TO-DATE
Caching disabled for task ':app:validateSigningDebug' because:
  Build cache is disabled
  Caching has been disabled for the task
Skipping task ':app:validateSigningDebug' as it is up-to-date.
Resolve mutations for :app:writeDebugAppMetadata (Thread[#15973,Execution worker Thread 10,5,main]) started.
:app:writeDebugAppMetadata (Thread[#15979,Execution worker Thread 16,5,main]) started.

> Task :app:writeDebugAppMetadata UP-TO-DATE
Caching disabled for task ':app:writeDebugAppMetadata' because:
  Build cache is disabled
  Caching has been disabled for the task
Skipping task ':app:writeDebugAppMetadata' as it is up-to-date.
Resolve mutations for :app:writeDebugSigningConfigVersions (Thread[#15979,Execution worker Thread 16,5,main]) started.
:app:writeDebugSigningConfigVersions (Thread[#15979,Execution worker Thread 16,5,main]) started.

> Task :app:writeDebugSigningConfigVersions UP-TO-DATE
Caching disabled for task ':app:writeDebugSigningConfigVersions' because:
  Build cache is disabled
  Caching has been disabled for the task
Skipping task ':app:writeDebugSigningConfigVersions' as it is up-to-date.
Resolve mutations for :app:packageDebug (Thread[#15979,Execution worker Thread 16,5,main]) started.
:app:packageDebug (Thread[#15979,Execution worker Thread 16,5,main]) started.

> Task :app:packageDebug UP-TO-DATE
Custom actions are attached to task ':app:packageDebug'.
Caching disabled for task ':app:packageDebug' because:
  Build cache is disabled
  Caching has been disabled for the task
Skipping task ':app:packageDebug' as it is up-to-date.
Resolve mutations for :app:createDebugApkListingFileRedirect (Thread[#15979,Execution worker Thread 16,5,main]) started.
:app:createDebugApkListingFileRedirect (Thread[#15979,Execution worker Thread 16,5,main]) started.

> Task :app:createDebugApkListingFileRedirect UP-TO-DATE
Caching disabled for task ':app:createDebugApkListingFileRedirect' because:
  Build cache is disabled
  Caching has been disabled for the task
Skipping task ':app:createDebugApkListingFileRedirect' as it is up-to-date.
Resolve mutations for :app:mergeDebugAndroidTestShaders (Thread[#15979,Execution worker Thread 16,5,main]) started.
:app:mergeDebugAndroidTestShaders (Thread[#15974,Execution worker Thread 11,5,main]) started.

> Task :app:mergeDebugAndroidTestShaders UP-TO-DATE
Caching disabled for task ':app:mergeDebugAndroidTestShaders' because:
  Build cache is disabled
  Simple merging task
Skipping task ':app:mergeDebugAndroidTestShaders' as it is up-to-date.
Resolve mutations for :app:compileDebugAndroidTestShaders (Thread[#15974,Execution worker Thread 11,5,main]) started.
:app:compileDebugAndroidTestShaders (Thread[#15980,Execution worker Thread 17,5,main]) started.

> Task :app:compileDebugAndroidTestShaders NO-SOURCE
Skipping task ':app:compileDebugAndroidTestShaders' as it has no source files and no previous output files.
Resolve mutations for :app:generateDebugAndroidTestAssets (Thread[#15980,Execution worker Thread 17,5,main]) started.
:app:generateDebugAndroidTestAssets (Thread[#15973,Execution worker Thread 10,5,main]) started.

> Task :app:generateDebugAndroidTestAssets UP-TO-DATE
Skipping task ':app:generateDebugAndroidTestAssets' as it has no actions.
Resolve mutations for :app:mergeDebugAndroidTestAssets (Thread[#15973,Execution worker Thread 10,5,main]) started.
:app:mergeDebugAndroidTestAssets (Thread[#15973,Execution worker Thread 10,5,main]) started.

> Task :app:mergeDebugAndroidTestAssets UP-TO-DATE
Transforming ui-test-release.aar (androidx.compose.ui:ui-test-android:1.6.7) with ExtractAarTransform
Transforming ui-test-release.aar (androidx.compose.ui:ui-test-android:1.6.7) with AarTransform
Transforming ui-test-junit4-release.aar (androidx.compose.ui:ui-test-junit4-android:1.6.7) with ExtractAarTransform
Transforming ui-test-junit4-release.aar (androidx.compose.ui:ui-test-junit4-android:1.6.7) with AarTransform
Transforming junit-1.2.1.aar (androidx.test.ext:junit:1.2.1) with ExtractAarTransform
Transforming junit-1.2.1.aar (androidx.test.ext:junit:1.2.1) with AarTransform
Transforming espresso-intents-3.6.1.aar (androidx.test.espresso:espresso-intents:3.6.1) with ExtractAarTransform
Transforming espresso-intents-3.6.1.aar (androidx.test.espresso:espresso-intents:3.6.1) with AarTransform
Transforming espresso-core-3.6.1.aar (androidx.test.espresso:espresso-core:3.6.1) with ExtractAarTransform
Transforming espresso-core-3.6.1.aar (androidx.test.espresso:espresso-core:3.6.1) with AarTransform
Transforming rules-1.7.0.aar (androidx.test:rules:1.7.0) with ExtractAarTransform
Transforming rules-1.7.0.aar (androidx.test:rules:1.7.0) with AarTransform
Transforming uiautomator-2.3.0.aar (androidx.test.uiautomator:uiautomator:2.3.0) with ExtractAarTransform
Transforming uiautomator-2.3.0.aar (androidx.test.uiautomator:uiautomator:2.3.0) with AarTransform
Transforming core-1.6.1.aar (androidx.test:core:1.6.1) with ExtractAarTransform
Transforming core-1.6.1.aar (androidx.test:core:1.6.1) with AarTransform
Transforming runner-1.7.0.aar (androidx.test:runner:1.7.0) with ExtractAarTransform
Transforming runner-1.7.0.aar (androidx.test:runner:1.7.0) with AarTransform
Transforming storage-1.6.0.aar (androidx.test.services:storage:1.6.0) with ExtractAarTransform
Transforming storage-1.6.0.aar (androidx.test.services:storage:1.6.0) with AarTransform
Transforming monitor-1.8.0.aar (androidx.test:monitor:1.8.0) with ExtractAarTransform
Transforming monitor-1.8.0.aar (androidx.test:monitor:1.8.0) with AarTransform
Transforming espresso-idling-resource-3.6.1.aar (androidx.test.espresso:espresso-idling-resource:3.6.1) with ExtractAarTransform
Transforming espresso-idling-resource-3.6.1.aar (androidx.test.espresso:espresso-idling-resource:3.6.1) with AarTransform
Caching disabled for task ':app:mergeDebugAndroidTestAssets' because:
  Build cache is disabled
  Simple merging task
Skipping task ':app:mergeDebugAndroidTestAssets' as it is up-to-date.
Resolve mutations for :app:compressDebugAndroidTestAssets (Thread[#15973,Execution worker Thread 10,5,main]) started.
:app:compressDebugAndroidTestAssets (Thread[#15974,Execution worker Thread 11,5,main]) started.

> Task :app:compressDebugAndroidTestAssets UP-TO-DATE
Caching disabled for task ':app:compressDebugAndroidTestAssets' because:
  Build cache is disabled
Skipping task ':app:compressDebugAndroidTestAssets' as it is up-to-date.
Resolve mutations for :app:desugarDebugAndroidTestFileDependencies (Thread[#15974,Execution worker Thread 11,5,main]) started.
:app:desugarDebugAndroidTestFileDependencies (Thread[#15962,included builds,5,main]) started.

> Task :app:desugarDebugAndroidTestFileDependencies UP-TO-DATE
Caching disabled for task ':app:desugarDebugAndroidTestFileDependencies' because:
  Build cache is disabled
Skipping task ':app:desugarDebugAndroidTestFileDependencies' as it is up-to-date.
Resolve mutations for :app:checkDebugAndroidTestDuplicateClasses (Thread[#15962,included builds,5,main]) started.
:app:checkDebugAndroidTestDuplicateClasses (Thread[#15962,included builds,5,main]) started.

> Task :app:checkDebugAndroidTestDuplicateClasses UP-TO-DATE
Transforming ui-test-release.aar (androidx.compose.ui:ui-test-android:1.6.7) with AarToClassTransform
Transforming ui-test-release.aar (androidx.compose.ui:ui-test-android:1.6.7) with EnumerateClassesTransform
Transforming ui-test-junit4-release.aar (androidx.compose.ui:ui-test-junit4-android:1.6.7) with AarToClassTransform
Transforming ui-test-junit4-release.aar (androidx.compose.ui:ui-test-junit4-android:1.6.7) with EnumerateClassesTransform
Transforming junit-1.2.1.aar (androidx.test.ext:junit:1.2.1) with AarToClassTransform
Transforming junit-1.2.1.aar (androidx.test.ext:junit:1.2.1) with EnumerateClassesTransform
Transforming espresso-intents-3.6.1.aar (androidx.test.espresso:espresso-intents:3.6.1) with AarToClassTransform
Transforming espresso-intents-3.6.1.aar (androidx.test.espresso:espresso-intents:3.6.1) with EnumerateClassesTransform
Transforming espresso-core-3.6.1.aar (androidx.test.espresso:espresso-core:3.6.1) with AarToClassTransform
Transforming espresso-core-3.6.1.aar (androidx.test.espresso:espresso-core:3.6.1) with EnumerateClassesTransform
Transforming rules-1.7.0.aar (androidx.test:rules:1.7.0) with AarToClassTransform
Transforming rules-1.7.0.aar (androidx.test:rules:1.7.0) with EnumerateClassesTransform
Transforming uiautomator-2.3.0.aar (androidx.test.uiautomator:uiautomator:2.3.0) with AarToClassTransform
Transforming uiautomator-2.3.0.aar (androidx.test.uiautomator:uiautomator:2.3.0) with EnumerateClassesTransform
Transforming sshd-core-2.17.1.jar (org.apache.sshd:sshd-core:2.17.1) with IdentityTransform
Transforming sshd-core-2.17.1.jar (org.apache.sshd:sshd-core:2.17.1) with EnumerateClassesTransform
Transforming core-1.6.1.aar (androidx.test:core:1.6.1) with AarToClassTransform
Transforming core-1.6.1.aar (androidx.test:core:1.6.1) with EnumerateClassesTransform
Transforming concurrent-futures-ktx-1.1.0.jar (androidx.concurrent:concurrent-futures-ktx:1.1.0) with IdentityTransform
Transforming concurrent-futures-ktx-1.1.0.jar (androidx.concurrent:concurrent-futures-ktx:1.1.0) with EnumerateClassesTransform
Transforming runner-1.7.0.aar (androidx.test:runner:1.7.0) with AarToClassTransform
Transforming runner-1.7.0.aar (androidx.test:runner:1.7.0) with EnumerateClassesTransform
Transforming storage-1.6.0.aar (androidx.test.services:storage:1.6.0) with AarToClassTransform
Transforming storage-1.6.0.aar (androidx.test.services:storage:1.6.0) with EnumerateClassesTransform
Transforming monitor-1.8.0.aar (androidx.test:monitor:1.8.0) with AarToClassTransform
Transforming monitor-1.8.0.aar (androidx.test:monitor:1.8.0) with EnumerateClassesTransform
Transforming kotlinx-coroutines-test-jvm-1.7.3.jar (org.jetbrains.kotlinx:kotlinx-coroutines-test-jvm:1.7.3) with IdentityTransform
Transforming kotlinx-coroutines-test-jvm-1.7.3.jar (org.jetbrains.kotlinx:kotlinx-coroutines-test-jvm:1.7.3) with EnumerateClassesTransform
Transforming sshd-common-2.17.1.jar (org.apache.sshd:sshd-common:2.17.1) with IdentityTransform
Transforming sshd-common-2.17.1.jar (org.apache.sshd:sshd-common:2.17.1) with EnumerateClassesTransform
Transforming jcl-over-slf4j-1.7.36.jar (org.slf4j:jcl-over-slf4j:1.7.36) with IdentityTransform
Transforming jcl-over-slf4j-1.7.36.jar (org.slf4j:jcl-over-slf4j:1.7.36) with EnumerateClassesTransform
Transforming junit-4.13.2.jar (junit:junit:4.13.2) with IdentityTransform
Transforming junit-4.13.2.jar (junit:junit:4.13.2) with EnumerateClassesTransform
Transforming espresso-idling-resource-3.6.1.aar (androidx.test.espresso:espresso-idling-resource:3.6.1) with AarToClassTransform
Transforming espresso-idling-resource-3.6.1.aar (androidx.test.espresso:espresso-idling-resource:3.6.1) with EnumerateClassesTransform
Transforming hamcrest-library-1.3.jar (org.hamcrest:hamcrest-library:1.3) with IdentityTransform
Transforming hamcrest-library-1.3.jar (org.hamcrest:hamcrest-library:1.3) with EnumerateClassesTransform
Transforming hamcrest-core-1.3.jar (org.hamcrest:hamcrest-core:1.3) with IdentityTransform
Transforming hamcrest-core-1.3.jar (org.hamcrest:hamcrest-core:1.3) with EnumerateClassesTransform
Caching disabled for task ':app:checkDebugAndroidTestDuplicateClasses' because:
  Build cache is disabled
  Caching has been disabled for the task
Skipping task ':app:checkDebugAndroidTestDuplicateClasses' as it is up-to-date.
Resolve mutations for :app:mergeExtDexDebugAndroidTest (Thread[#15962,included builds,5,main]) started.
:app:mergeExtDexDebugAndroidTest (Thread[#15962,included builds,5,main]) started.

> Task :app:mergeExtDexDebugAndroidTest UP-TO-DATE
Transforming ui-test-release.aar (androidx.compose.ui:ui-test-android:1.6.7) with AarToClassTransform
Transforming ui-test-release.aar (androidx.compose.ui:ui-test-android:1.6.7) with IdentityTransform
Transforming ui-test-release.aar (androidx.compose.ui:ui-test-android:1.6.7) with DexingNoClasspathTransform
Transforming ui-test-release.aar (androidx.compose.ui:ui-test-android:1.6.7) with DexingOutputSplitTransform
Transforming ui-test-junit4-release.aar (androidx.compose.ui:ui-test-junit4-android:1.6.7) with AarToClassTransform
Transforming ui-test-junit4-release.aar (androidx.compose.ui:ui-test-junit4-android:1.6.7) with IdentityTransform
Transforming ui-test-junit4-release.aar (androidx.compose.ui:ui-test-junit4-android:1.6.7) with DexingNoClasspathTransform
Transforming ui-test-junit4-release.aar (androidx.compose.ui:ui-test-junit4-android:1.6.7) with DexingOutputSplitTransform
Transforming junit-1.2.1.aar (androidx.test.ext:junit:1.2.1) with AarToClassTransform
Transforming junit-1.2.1.aar (androidx.test.ext:junit:1.2.1) with IdentityTransform
Transforming junit-1.2.1.aar (androidx.test.ext:junit:1.2.1) with DexingNoClasspathTransform
Transforming junit-1.2.1.aar (androidx.test.ext:junit:1.2.1) with DexingOutputSplitTransform
Transforming espresso-intents-3.6.1.aar (androidx.test.espresso:espresso-intents:3.6.1) with AarToClassTransform
Transforming espresso-intents-3.6.1.aar (androidx.test.espresso:espresso-intents:3.6.1) with IdentityTransform
Transforming espresso-intents-3.6.1.aar (androidx.test.espresso:espresso-intents:3.6.1) with DexingNoClasspathTransform
Transforming espresso-intents-3.6.1.aar (androidx.test.espresso:espresso-intents:3.6.1) with DexingOutputSplitTransform
Transforming espresso-core-3.6.1.aar (androidx.test.espresso:espresso-core:3.6.1) with AarToClassTransform
Transforming espresso-core-3.6.1.aar (androidx.test.espresso:espresso-core:3.6.1) with IdentityTransform
Transforming espresso-core-3.6.1.aar (androidx.test.espresso:espresso-core:3.6.1) with DexingNoClasspathTransform
Transforming espresso-core-3.6.1.aar (androidx.test.espresso:espresso-core:3.6.1) with DexingOutputSplitTransform
Transforming rules-1.7.0.aar (androidx.test:rules:1.7.0) with AarToClassTransform
Transforming rules-1.7.0.aar (androidx.test:rules:1.7.0) with IdentityTransform
Transforming rules-1.7.0.aar (androidx.test:rules:1.7.0) with DexingNoClasspathTransform
Transforming rules-1.7.0.aar (androidx.test:rules:1.7.0) with DexingOutputSplitTransform
Transforming uiautomator-2.3.0.aar (androidx.test.uiautomator:uiautomator:2.3.0) with AarToClassTransform
Transforming uiautomator-2.3.0.aar (androidx.test.uiautomator:uiautomator:2.3.0) with IdentityTransform
Transforming uiautomator-2.3.0.aar (androidx.test.uiautomator:uiautomator:2.3.0) with DexingNoClasspathTransform
Transforming uiautomator-2.3.0.aar (androidx.test.uiautomator:uiautomator:2.3.0) with DexingOutputSplitTransform
Transforming sshd-core-2.17.1.jar (org.apache.sshd:sshd-core:2.17.1) with IdentityTransform
Transforming sshd-core-2.17.1.jar (org.apache.sshd:sshd-core:2.17.1) with IdentityTransform
Transforming sshd-core-2.17.1.jar (org.apache.sshd:sshd-core:2.17.1) with DexingNoClasspathTransform
Transforming sshd-core-2.17.1.jar (org.apache.sshd:sshd-core:2.17.1) with DexingOutputSplitTransform
Transforming core-1.6.1.aar (androidx.test:core:1.6.1) with AarToClassTransform
Transforming core-1.6.1.aar (androidx.test:core:1.6.1) with IdentityTransform
Transforming core-1.6.1.aar (androidx.test:core:1.6.1) with DexingNoClasspathTransform
Transforming core-1.6.1.aar (androidx.test:core:1.6.1) with DexingOutputSplitTransform
Transforming concurrent-futures-ktx-1.1.0.jar (androidx.concurrent:concurrent-futures-ktx:1.1.0) with IdentityTransform
Transforming concurrent-futures-ktx-1.1.0.jar (androidx.concurrent:concurrent-futures-ktx:1.1.0) with IdentityTransform
Transforming concurrent-futures-ktx-1.1.0.jar (androidx.concurrent:concurrent-futures-ktx:1.1.0) with DexingNoClasspathTransform
Transforming concurrent-futures-ktx-1.1.0.jar (androidx.concurrent:concurrent-futures-ktx:1.1.0) with DexingOutputSplitTransform
Transforming runner-1.7.0.aar (androidx.test:runner:1.7.0) with AarToClassTransform
Transforming runner-1.7.0.aar (androidx.test:runner:1.7.0) with IdentityTransform
Transforming runner-1.7.0.aar (androidx.test:runner:1.7.0) with DexingNoClasspathTransform
Transforming runner-1.7.0.aar (androidx.test:runner:1.7.0) with DexingOutputSplitTransform
Transforming storage-1.6.0.aar (androidx.test.services:storage:1.6.0) with AarToClassTransform
Transforming storage-1.6.0.aar (androidx.test.services:storage:1.6.0) with IdentityTransform
Transforming storage-1.6.0.aar (androidx.test.services:storage:1.6.0) with DexingNoClasspathTransform
Transforming storage-1.6.0.aar (androidx.test.services:storage:1.6.0) with DexingOutputSplitTransform
Transforming monitor-1.8.0.aar (androidx.test:monitor:1.8.0) with AarToClassTransform
Transforming monitor-1.8.0.aar (androidx.test:monitor:1.8.0) with IdentityTransform
Transforming monitor-1.8.0.aar (androidx.test:monitor:1.8.0) with DexingNoClasspathTransform
Transforming monitor-1.8.0.aar (androidx.test:monitor:1.8.0) with DexingOutputSplitTransform
Transforming kotlinx-coroutines-test-jvm-1.7.3.jar (org.jetbrains.kotlinx:kotlinx-coroutines-test-jvm:1.7.3) with IdentityTransform
Transforming kotlinx-coroutines-test-jvm-1.7.3.jar (org.jetbrains.kotlinx:kotlinx-coroutines-test-jvm:1.7.3) with IdentityTransform
Transforming kotlinx-coroutines-test-jvm-1.7.3.jar (org.jetbrains.kotlinx:kotlinx-coroutines-test-jvm:1.7.3) with DexingNoClasspathTransform
Transforming kotlinx-coroutines-test-jvm-1.7.3.jar (org.jetbrains.kotlinx:kotlinx-coroutines-test-jvm:1.7.3) with DexingOutputSplitTransform
Transforming sshd-common-2.17.1.jar (org.apache.sshd:sshd-common:2.17.1) with IdentityTransform
Transforming sshd-common-2.17.1.jar (org.apache.sshd:sshd-common:2.17.1) with IdentityTransform
Transforming sshd-common-2.17.1.jar (org.apache.sshd:sshd-common:2.17.1) with DexingNoClasspathTransform
Transforming sshd-common-2.17.1.jar (org.apache.sshd:sshd-common:2.17.1) with DexingOutputSplitTransform
Transforming jcl-over-slf4j-1.7.36.jar (org.slf4j:jcl-over-slf4j:1.7.36) with IdentityTransform
Transforming jcl-over-slf4j-1.7.36.jar (org.slf4j:jcl-over-slf4j:1.7.36) with IdentityTransform
Transforming jcl-over-slf4j-1.7.36.jar (org.slf4j:jcl-over-slf4j:1.7.36) with DexingNoClasspathTransform
Transforming jcl-over-slf4j-1.7.36.jar (org.slf4j:jcl-over-slf4j:1.7.36) with DexingOutputSplitTransform
Transforming junit-4.13.2.jar (junit:junit:4.13.2) with IdentityTransform
Transforming junit-4.13.2.jar (junit:junit:4.13.2) with IdentityTransform
Transforming junit-4.13.2.jar (junit:junit:4.13.2) with DexingNoClasspathTransform
Transforming junit-4.13.2.jar (junit:junit:4.13.2) with DexingOutputSplitTransform
Transforming espresso-idling-resource-3.6.1.aar (androidx.test.espresso:espresso-idling-resource:3.6.1) with AarToClassTransform
Transforming espresso-idling-resource-3.6.1.aar (androidx.test.espresso:espresso-idling-resource:3.6.1) with IdentityTransform
Transforming espresso-idling-resource-3.6.1.aar (androidx.test.espresso:espresso-idling-resource:3.6.1) with DexingNoClasspathTransform
Transforming espresso-idling-resource-3.6.1.aar (androidx.test.espresso:espresso-idling-resource:3.6.1) with DexingOutputSplitTransform
Transforming hamcrest-library-1.3.jar (org.hamcrest:hamcrest-library:1.3) with IdentityTransform
Transforming hamcrest-library-1.3.jar (org.hamcrest:hamcrest-library:1.3) with IdentityTransform
Transforming hamcrest-library-1.3.jar (org.hamcrest:hamcrest-library:1.3) with DexingNoClasspathTransform
Transforming hamcrest-library-1.3.jar (org.hamcrest:hamcrest-library:1.3) with DexingOutputSplitTransform
Transforming hamcrest-core-1.3.jar (org.hamcrest:hamcrest-core:1.3) with IdentityTransform
Transforming hamcrest-core-1.3.jar (org.hamcrest:hamcrest-core:1.3) with IdentityTransform
Transforming hamcrest-core-1.3.jar (org.hamcrest:hamcrest-core:1.3) with DexingNoClasspathTransform
Transforming hamcrest-core-1.3.jar (org.hamcrest:hamcrest-core:1.3) with DexingOutputSplitTransform
Caching disabled for task ':app:mergeExtDexDebugAndroidTest' because:
  Build cache is disabled
Skipping task ':app:mergeExtDexDebugAndroidTest' as it is up-to-date.
Resolve mutations for :app:mergeLibDexDebugAndroidTest (Thread[#15962,included builds,5,main]) started.
:app:mergeLibDexDebugAndroidTest (Thread[#15962,included builds,5,main]) started.

> Task :app:mergeLibDexDebugAndroidTest UP-TO-DATE
Caching disabled for task ':app:mergeLibDexDebugAndroidTest' because:
  Build cache is disabled
Skipping task ':app:mergeLibDexDebugAndroidTest' as it is up-to-date.
Resolve mutations for :app:mergeDebugAndroidTestJniLibFolders (Thread[#15962,included builds,5,main]) started.
:app:mergeDebugAndroidTestJniLibFolders (Thread[#15962,included builds,5,main]) started.

> Task :app:mergeDebugAndroidTestJniLibFolders UP-TO-DATE
Caching disabled for task ':app:mergeDebugAndroidTestJniLibFolders' because:
  Build cache is disabled
  Simple merging task
Skipping task ':app:mergeDebugAndroidTestJniLibFolders' as it is up-to-date.
Resolve mutations for :app:mergeDebugAndroidTestNativeLibs (Thread[#15962,included builds,5,main]) started.
:app:mergeDebugAndroidTestNativeLibs (Thread[#15962,included builds,5,main]) started.

> Task :app:mergeDebugAndroidTestNativeLibs NO-SOURCE
Transforming ui-test-release.aar (androidx.compose.ui:ui-test-android:1.6.7) with ExtractAarTransform
Transforming ui-test-release.aar (androidx.compose.ui:ui-test-android:1.6.7) with AarTransform
Transforming ui-test-junit4-release.aar (androidx.compose.ui:ui-test-junit4-android:1.6.7) with ExtractAarTransform
Transforming ui-test-junit4-release.aar (androidx.compose.ui:ui-test-junit4-android:1.6.7) with AarTransform
Transforming junit-1.2.1.aar (androidx.test.ext:junit:1.2.1) with ExtractAarTransform
Transforming junit-1.2.1.aar (androidx.test.ext:junit:1.2.1) with AarTransform
Transforming espresso-intents-3.6.1.aar (androidx.test.espresso:espresso-intents:3.6.1) with ExtractAarTransform
Transforming espresso-intents-3.6.1.aar (androidx.test.espresso:espresso-intents:3.6.1) with AarTransform
Transforming espresso-core-3.6.1.aar (androidx.test.espresso:espresso-core:3.6.1) with ExtractAarTransform
Transforming espresso-core-3.6.1.aar (androidx.test.espresso:espresso-core:3.6.1) with AarTransform
Transforming rules-1.7.0.aar (androidx.test:rules:1.7.0) with ExtractAarTransform
Transforming rules-1.7.0.aar (androidx.test:rules:1.7.0) with AarTransform
Transforming uiautomator-2.3.0.aar (androidx.test.uiautomator:uiautomator:2.3.0) with ExtractAarTransform
Transforming uiautomator-2.3.0.aar (androidx.test.uiautomator:uiautomator:2.3.0) with AarTransform
Transforming sshd-core-2.17.1.jar (org.apache.sshd:sshd-core:2.17.1) with ExtractJniTransform
Transforming core-1.6.1.aar (androidx.test:core:1.6.1) with ExtractAarTransform
Transforming core-1.6.1.aar (androidx.test:core:1.6.1) with AarTransform
Transforming concurrent-futures-ktx-1.1.0.jar (androidx.concurrent:concurrent-futures-ktx:1.1.0) with ExtractJniTransform
Transforming runner-1.7.0.aar (androidx.test:runner:1.7.0) with ExtractAarTransform
Transforming runner-1.7.0.aar (androidx.test:runner:1.7.0) with AarTransform
Transforming storage-1.6.0.aar (androidx.test.services:storage:1.6.0) with ExtractAarTransform
Transforming storage-1.6.0.aar (androidx.test.services:storage:1.6.0) with AarTransform
Transforming monitor-1.8.0.aar (androidx.test:monitor:1.8.0) with ExtractAarTransform
Transforming monitor-1.8.0.aar (androidx.test:monitor:1.8.0) with AarTransform
Transforming kotlinx-coroutines-test-jvm-1.7.3.jar (org.jetbrains.kotlinx:kotlinx-coroutines-test-jvm:1.7.3) with ExtractJniTransform
Transforming sshd-common-2.17.1.jar (org.apache.sshd:sshd-common:2.17.1) with ExtractJniTransform
Transforming jcl-over-slf4j-1.7.36.jar (org.slf4j:jcl-over-slf4j:1.7.36) with ExtractJniTransform
Transforming junit-4.13.2.jar (junit:junit:4.13.2) with ExtractJniTransform
Transforming espresso-idling-resource-3.6.1.aar (androidx.test.espresso:espresso-idling-resource:3.6.1) with ExtractAarTransform
Transforming espresso-idling-resource-3.6.1.aar (androidx.test.espresso:espresso-idling-resource:3.6.1) with AarTransform
Transforming hamcrest-library-1.3.jar (org.hamcrest:hamcrest-library:1.3) with ExtractJniTransform
Transforming hamcrest-core-1.3.jar (org.hamcrest:hamcrest-core:1.3) with ExtractJniTransform
Skipping task ':app:mergeDebugAndroidTestNativeLibs' as it has no source files and no previous output files.
Resolve mutations for :app:stripDebugAndroidTestDebugSymbols (Thread[#15962,included builds,5,main]) started.
:app:stripDebugAndroidTestDebugSymbols (Thread[#15968,Execution worker Thread 6,5,main]) started.

> Task :app:stripDebugAndroidTestDebugSymbols NO-SOURCE
Skipping task ':app:stripDebugAndroidTestDebugSymbols' as it has no source files and no previous output files.
Resolve mutations for :app:validateSigningDebugAndroidTest (Thread[#15968,Execution worker Thread 6,5,main]) started.
:app:validateSigningDebugAndroidTest (Thread[#15973,Execution worker Thread 10,5,main]) started.

> Task :app:validateSigningDebugAndroidTest UP-TO-DATE
Caching disabled for task ':app:validateSigningDebugAndroidTest' because:
  Build cache is disabled
  Caching has been disabled for the task
Skipping task ':app:validateSigningDebugAndroidTest' as it is up-to-date.
Resolve mutations for :app:writeDebugAndroidTestSigningConfigVersions (Thread[#15973,Execution worker Thread 10,5,main]) started.
:app:writeDebugAndroidTestSigningConfigVersions (Thread[#15973,Execution worker Thread 10,5,main]) started.

> Task :app:writeDebugAndroidTestSigningConfigVersions UP-TO-DATE
Caching disabled for task ':app:writeDebugAndroidTestSigningConfigVersions' because:
  Build cache is disabled
  Caching has been disabled for the task
Skipping task ':app:writeDebugAndroidTestSigningConfigVersions' as it is up-to-date.

> Task :app:compileDebugAndroidTestKotlin
Transforming espresso-intents-3.6.1.aar (androidx.test.espresso:espresso-intents:3.6.1) with AarToClassTransform
Transforming espresso-core-3.6.1.aar (androidx.test.espresso:espresso-core:3.6.1) with AarToClassTransform
Transforming core-1.6.1.aar (androidx.test:core:1.6.1) with AarToClassTransform
Transforming play-services-fido-20.0.1.aar (com.google.android.gms:play-services-fido:20.0.1) with AarToClassTransform
Transforming ui-test-release.aar (androidx.compose.ui:ui-test-android:1.6.7) with AarToClassTransform
Transforming ui-test-junit4-release.aar (androidx.compose.ui:ui-test-junit4-android:1.6.7) with AarToClassTransform
Transforming junit-1.2.1.aar (androidx.test.ext:junit:1.2.1) with AarToClassTransform
Transforming rules-1.7.0.aar (androidx.test:rules:1.7.0) with AarToClassTransform
Transforming uiautomator-2.3.0.aar (androidx.test.uiautomator:uiautomator:2.3.0) with AarToClassTransform
Transforming runner-1.7.0.aar (androidx.test:runner:1.7.0) with AarToClassTransform
Transforming storage-1.6.0.aar (androidx.test.services:storage:1.6.0) with AarToClassTransform
Transforming monitor-1.8.0.aar (androidx.test:monitor:1.8.0) with AarToClassTransform
Transforming sshd-core-2.17.1.jar (org.apache.sshd:sshd-core:2.17.1) with IdentityTransform
Transforming tracing-1.0.0.aar (androidx.tracing:tracing:1.0.0) with AarToClassTransform
Transforming concurrent-futures-ktx-1.1.0.jar (androidx.concurrent:concurrent-futures-ktx:1.1.0) with IdentityTransform
Transforming kotlinx-coroutines-test-jvm-1.7.3.jar (org.jetbrains.kotlinx:kotlinx-coroutines-test-jvm:1.7.3) with IdentityTransform
Transforming concurrent-futures-1.1.0.jar (androidx.concurrent:concurrent-futures:1.1.0) with IdentityTransform
Transforming espresso-idling-resource-3.6.1.aar (androidx.test.espresso:espresso-idling-resource:3.6.1) with AarToClassTransform
Transforming junit-4.13.2.jar (junit:junit:4.13.2) with IdentityTransform
Transforming hamcrest-library-1.3.jar (org.hamcrest:hamcrest-library:1.3) with IdentityTransform
Transforming hamcrest-core-1.3.jar (org.hamcrest:hamcrest-core:1.3) with IdentityTransform
Transforming sshd-common-2.17.1.jar (org.apache.sshd:sshd-common:2.17.1) with IdentityTransform
Transforming jcl-over-slf4j-1.7.36.jar (org.slf4j:jcl-over-slf4j:1.7.36) with IdentityTransform
Transforming R.jar with ClasspathEntrySnapshotTransform
Transforming classes.jar with ClasspathEntrySnapshotTransform
Transforming navigation-common-2.7.7-api.jar with ClasspathEntrySnapshotTransform
Transforming navigation-runtime-2.7.7-api.jar with ClasspathEntrySnapshotTransform
Transforming navigation-common-ktx-2.7.7-api.jar with ClasspathEntrySnapshotTransform
Transforming navigation-runtime-ktx-2.7.7-api.jar with ClasspathEntrySnapshotTransform
Transforming navigation-compose-2.7.7-api.jar with ClasspathEntrySnapshotTransform
Transforming billing-ktx-6.2.0-api.jar with ClasspathEntrySnapshotTransform
Transforming billing-6.2.0-api.jar with ClasspathEntrySnapshotTransform
Transforming play-services-auth-21.1.1-api.jar with ClasspathEntrySnapshotTransform
Transforming play-services-auth-api-phone-18.0.2-api.jar with ClasspathEntrySnapshotTransform
Transforming play-services-auth-base-18.0.10-api.jar with ClasspathEntrySnapshotTransform
Transforming play-services-fido-20.0.1-api.jar with ClasspathEntrySnapshotTransform
Transforming play-services-location-19.0.0-api.jar with ClasspathEntrySnapshotTransform
Transforming play-services-base-18.3.0-api.jar with ClasspathEntrySnapshotTransform
Transforming play-services-tasks-18.1.0-api.jar with ClasspathEntrySnapshotTransform
Transforming play-services-places-placereport-17.0.0-api.jar with ClasspathEntrySnapshotTransform
Transforming play-services-basement-18.3.0-api.jar with ClasspathEntrySnapshotTransform
Transforming fragment-1.5.7-api.jar with ClasspathEntrySnapshotTransform
Transforming activity-1.9.0-api.jar with ClasspathEntrySnapshotTransform
Transforming activity-ktx-1.9.0-api.jar with ClasspathEntrySnapshotTransform
Transforming activity-compose-1.9.0-api.jar with ClasspathEntrySnapshotTransform
Transforming loader-1.1.0-api.jar with ClasspathEntrySnapshotTransform
Transforming work-runtime-ktx-2.9.0-api.jar with ClasspathEntrySnapshotTransform
Transforming work-runtime-2.9.0-api.jar with ClasspathEntrySnapshotTransform
Transforming espresso-intents-3.6.1-api.jar with ClasspathEntrySnapshotTransform
Transforming espresso-core-3.6.1-api.jar with ClasspathEntrySnapshotTransform
Transforming core-1.6.1-api.jar with ClasspathEntrySnapshotTransform
Transforming core-ktx-1.13.1-api.jar with ClasspathEntrySnapshotTransform
Transforming viewpager-1.0.0-api.jar with ClasspathEntrySnapshotTransform
Transforming customview-1.0.0-api.jar with ClasspathEntrySnapshotTransform
Transforming core-1.13.1-api.jar with ClasspathEntrySnapshotTransform
Transforming lifecycle-livedata-core-ktx-2.8.0-api.jar with ClasspathEntrySnapshotTransform
Transforming lifecycle-runtime-release-api.jar with ClasspathEntrySnapshotTransform
Transforming lifecycle-common-jvm-2.8.0.jar with ClasspathEntrySnapshotTransform
Transforming lifecycle-livedata-2.8.0-api.jar with ClasspathEntrySnapshotTransform
Transforming lifecycle-livedata-core-2.8.0-api.jar with ClasspathEntrySnapshotTransform
Transforming lifecycle-viewmodel-savedstate-2.8.0-api.jar with ClasspathEntrySnapshotTransform
Transforming lifecycle-viewmodel-2.8.0-api.jar with ClasspathEntrySnapshotTransform
Transforming lifecycle-viewmodel-release-api.jar with ClasspathEntrySnapshotTransform
Transforming lifecycle-viewmodel-ktx-2.8.0-api.jar with ClasspathEntrySnapshotTransform
Transforming lifecycle-runtime-ktx-release-api.jar with ClasspathEntrySnapshotTransform
Transforming lifecycle-viewmodel-compose-release-api.jar with ClasspathEntrySnapshotTransform
Transforming material3-release-api.jar with ClasspathEntrySnapshotTransform
Transforming material-icons-core-release-api.jar with ClasspathEntrySnapshotTransform
Transforming material-icons-extended-release-api.jar with ClasspathEntrySnapshotTransform
Transforming material-ripple-release-api.jar with ClasspathEntrySnapshotTransform
Transforming foundation-layout-release-api.jar with ClasspathEntrySnapshotTransform
Transforming foundation-release-api.jar with ClasspathEntrySnapshotTransform
Transforming animation-core-release-api.jar with ClasspathEntrySnapshotTransform
Transforming animation-release-api.jar with ClasspathEntrySnapshotTransform
Transforming ui-tooling-data-release-api.jar with ClasspathEntrySnapshotTransform
Transforming ui-util-release-api.jar with ClasspathEntrySnapshotTransform
Transforming ui-unit-release-api.jar with ClasspathEntrySnapshotTransform
Transforming ui-text-release-api.jar with ClasspathEntrySnapshotTransform
Transforming ui-geometry-release-api.jar with ClasspathEntrySnapshotTransform
Transforming ui-test-release-api.jar with ClasspathEntrySnapshotTransform
Transforming ui-tooling-preview-release-api.jar with ClasspathEntrySnapshotTransform
Transforming ui-tooling-release-api.jar with ClasspathEntrySnapshotTransform
Transforming ui-graphics-release-api.jar with ClasspathEntrySnapshotTransform
Transforming ui-release-api.jar with ClasspathEntrySnapshotTransform
Transforming ui-test-manifest-1.6.7-api.jar with ClasspathEntrySnapshotTransform
Transforming ui-test-junit4-release-api.jar with ClasspathEntrySnapshotTransform
Transforming junit-1.2.1-api.jar with ClasspathEntrySnapshotTransform
Transforming rules-1.7.0-api.jar with ClasspathEntrySnapshotTransform
Transforming uiautomator-2.3.0-api.jar with ClasspathEntrySnapshotTransform
Transforming sshd-core-2.17.1.jar with ClasspathEntrySnapshotTransform
Transforming security-crypto-ktx-1.1.0-alpha06-api.jar with ClasspathEntrySnapshotTransform
Transforming credentials-play-services-auth-1.2.1-api.jar with ClasspathEntrySnapshotTransform
Transforming googleid-1.1.0-api.jar with ClasspathEntrySnapshotTransform
Transforming credentials-1.2.1-api.jar with ClasspathEntrySnapshotTransform
Transforming runner-1.7.0-api.jar with ClasspathEntrySnapshotTransform
Transforming storage-1.6.0-api.jar with ClasspathEntrySnapshotTransform
Transforming monitor-1.8.0-api.jar with ClasspathEntrySnapshotTransform
Transforming kotlinx-serialization-core-jvm-1.6.3.jar with ClasspathEntrySnapshotTransform
Transforming kotlinx-serialization-json-jvm-1.6.3.jar with ClasspathEntrySnapshotTransform
Transforming concurrent-futures-ktx-1.1.0.jar with ClasspathEntrySnapshotTransform
Transforming runtime-saveable-release-api.jar with ClasspathEntrySnapshotTransform
Transforming runtime-release-api.jar with ClasspathEntrySnapshotTransform
Transforming kotlinx-coroutines-test-jvm-1.7.3.jar with ClasspathEntrySnapshotTransform
Transforming kotlinx-coroutines-android-1.7.3.jar with ClasspathEntrySnapshotTransform
Transforming kotlinx-coroutines-core-jvm-1.7.3.jar with ClasspathEntrySnapshotTransform
Transforming kotlin-stdlib-jdk8-1.8.20.jar with ClasspathEntrySnapshotTransform
Transforming concurrent-futures-1.1.0.jar with ClasspathEntrySnapshotTransform
Transforming security-crypto-1.1.0-alpha06-api.jar with ClasspathEntrySnapshotTransform
Transforming versionedparcelable-1.1.1-api.jar with ClasspathEntrySnapshotTransform
Transforming transport-backend-cct-3.1.8-api.jar with ClasspathEntrySnapshotTransform
Transforming transport-runtime-3.1.8-api.jar with ClasspathEntrySnapshotTransform
Transforming transport-api-3.0.0-api.jar with ClasspathEntrySnapshotTransform
Transforming savedstate-ktx-1.2.1-api.jar with ClasspathEntrySnapshotTransform
Transforming savedstate-1.2.1-api.jar with ClasspathEntrySnapshotTransform
Transforming firebase-encoders-json-18.0.0-api.jar with ClasspathEntrySnapshotTransform
Transforming firebase-encoders-proto-16.0.0.jar with ClasspathEntrySnapshotTransform
Transforming firebase-encoders-17.0.0.jar with ClasspathEntrySnapshotTransform
Transforming collection-jvm-1.4.0.jar with ClasspathEntrySnapshotTransform
Transforming core-runtime-2.2.0-api.jar with ClasspathEntrySnapshotTransform
Transforming core-common-2.2.0.jar with ClasspathEntrySnapshotTransform
Transforming annotation-jvm-1.8.0.jar with ClasspathEntrySnapshotTransform
Transforming annotation-experimental-1.4.0-api.jar with ClasspathEntrySnapshotTransform
Transforming kotlin-stdlib-jdk7-1.8.20.jar with ClasspathEntrySnapshotTransform
Transforming kotlin-stdlib-1.9.23.jar with ClasspathEntrySnapshotTransform
Transforming jose4j-0.9.6.jar with ClasspathEntrySnapshotTransform
Transforming jdom2-2.0.6.1.jar with ClasspathEntrySnapshotTransform
Transforming commons-io-2.14.0.jar with ClasspathEntrySnapshotTransform
Transforming protobuf-java-3.25.5.jar with ClasspathEntrySnapshotTransform
Transforming google-auth-library-oauth2-http-1.46.0.jar with ClasspathEntrySnapshotTransform
Transforming google-api-services-drive-v3-rev20230822-2.0.0.jar with ClasspathEntrySnapshotTransform
Transforming google-api-client-2.2.0.jar with ClasspathEntrySnapshotTransform
Transforming google-api-client-android-2.0.0.jar with ClasspathEntrySnapshotTransform
Transforming google-oauth-client-1.34.1.jar with ClasspathEntrySnapshotTransform
Transforming google-http-client-gson-2.1.0.jar with ClasspathEntrySnapshotTransform
Transforming google-http-client-apache-v2-1.42.3.jar with ClasspathEntrySnapshotTransform
Transforming google-http-client-2.1.0.jar with ClasspathEntrySnapshotTransform
Transforming api-common-2.53.0.jar with ClasspathEntrySnapshotTransform
Transforming opencensus-contrib-http-util-0.31.1.jar with ClasspathEntrySnapshotTransform
Transforming guava-33.6.0-android.jar with ClasspathEntrySnapshotTransform
Transforming netty-codec-http2-4.1.132.Final.jar with ClasspathEntrySnapshotTransform
Transforming netty-codec-http-4.1.132.Final.jar with ClasspathEntrySnapshotTransform
Transforming netty-handler-4.1.132.Final.jar with ClasspathEntrySnapshotTransform
Transforming netty-codec-4.1.132.Final.jar with ClasspathEntrySnapshotTransform
Transforming netty-transport-native-unix-common-4.1.132.Final.jar with ClasspathEntrySnapshotTransform
Transforming netty-transport-4.1.132.Final.jar with ClasspathEntrySnapshotTransform
Transforming netty-buffer-4.1.132.Final.jar with ClasspathEntrySnapshotTransform
Transforming netty-resolver-4.1.132.Final.jar with ClasspathEntrySnapshotTransform
Transforming netty-common-4.1.132.Final.jar with ClasspathEntrySnapshotTransform
Transforming commons-net-3.10.0.jar with ClasspathEntrySnapshotTransform
Transforming sshj-0.40.0.jar with ClasspathEntrySnapshotTransform
Transforming slf4j-nop-2.0.12.jar with ClasspathEntrySnapshotTransform
Transforming terminal-view-v0.118.3-api.jar with ClasspathEntrySnapshotTransform
Transforming termux-shared-v0.118.3-api.jar with ClasspathEntrySnapshotTransform
Transforming bcpkix-jdk18on-1.84.jar with ClasspathEntrySnapshotTransform
Transforming bcutil-jdk18on-1.84.jar with ClasspathEntrySnapshotTransform
Transforming bcprov-jdk18on-1.84.jar with ClasspathEntrySnapshotTransform
Transforming annotations-23.0.0.jar with ClasspathEntrySnapshotTransform
Transforming tracing-1.0.0-api.jar with ClasspathEntrySnapshotTransform
Transforming startup-runtime-1.1.1-api.jar with ClasspathEntrySnapshotTransform
Transforming junit-4.13.2.jar with ClasspathEntrySnapshotTransform
Transforming hamcrest-library-1.3.jar with ClasspathEntrySnapshotTransform
Transforming hamcrest-core-1.3.jar with ClasspathEntrySnapshotTransform
Transforming espresso-idling-resource-3.6.1-api.jar with ClasspathEntrySnapshotTransform
Transforming jsr305-3.0.2.jar with ClasspathEntrySnapshotTransform
Transforming gson-2.12.1.jar with ClasspathEntrySnapshotTransform
Transforming error_prone_annotations-2.47.0.jar with ClasspathEntrySnapshotTransform
Transforming javax.inject-1.jar with ClasspathEntrySnapshotTransform
Transforming sshd-common-2.17.1.jar with ClasspathEntrySnapshotTransform
Transforming jcl-over-slf4j-1.7.36.jar with ClasspathEntrySnapshotTransform
Transforming slf4j-api-2.0.17.jar with ClasspathEntrySnapshotTransform
Transforming failureaccess-1.0.3.jar with ClasspathEntrySnapshotTransform
Transforming jspecify-1.0.0.jar with ClasspathEntrySnapshotTransform
Transforming j2objc-annotations-3.1.jar with ClasspathEntrySnapshotTransform
Transforming terminal-emulator-v0.118.3-api.jar with ClasspathEntrySnapshotTransform
Transforming auto-value-annotations-1.11.0.jar with ClasspathEntrySnapshotTransform
Transforming google-auth-library-credentials-1.46.0.jar with ClasspathEntrySnapshotTransform
Transforming httpclient-4.5.14.jar with ClasspathEntrySnapshotTransform
Transforming commons-codec-1.15.jar with ClasspathEntrySnapshotTransform
Transforming httpcore-4.4.16.jar with ClasspathEntrySnapshotTransform
Transforming opencensus-api-0.31.1.jar with ClasspathEntrySnapshotTransform
Transforming grpc-context-1.70.0.jar with ClasspathEntrySnapshotTransform
Transforming javax.annotation-api-1.3.2.jar with ClasspathEntrySnapshotTransform
Transforming android.jar with ClasspathEntrySnapshotTransform
Transforming core-lambda-stubs.jar with ClasspathEntrySnapshotTransform
Caching disabled for task ':app:compileDebugAndroidTestKotlin' because:
  Build cache is disabled
Task ':app:compileDebugAndroidTestKotlin' is not up-to-date because:
  Input property 'sources' file /home/adamoutler/git/ssh/app/src/androidTest/kotlin/com/adamoutler/ssh/ConnectionCrashTest.kt has changed.
file or directory '/home/adamoutler/git/ssh/app/src/debugAndroidTest/kotlin', not found
file or directory '/home/adamoutler/git/ssh/app/src/androidTest/java', not found
file or directory '/home/adamoutler/git/ssh/app/src/androidTest/java', not found
file or directory '/home/adamoutler/git/ssh/app/src/androidTestDebug/kotlin', not found
file or directory '/home/adamoutler/git/ssh/app/src/androidTestDebug/kotlin', not found
file or directory '/home/adamoutler/git/ssh/app/src/androidTestDebug/java', not found
file or directory '/home/adamoutler/git/ssh/app/src/androidTestDebug/kotlin', not found
file or directory '/home/adamoutler/git/ssh/app/src/androidTestDebug/java', not found
file or directory '/home/adamoutler/git/ssh/app/src/androidTest/java', not found
file or directory '/home/adamoutler/git/ssh/app/src/androidTestDebug/java', not found
file or directory '/home/adamoutler/git/ssh/app/src/debugAndroidTest/kotlin', not found
file or directory '/home/adamoutler/git/ssh/app/src/androidTest/java', not found
file or directory '/home/adamoutler/git/ssh/app/src/androidTest/java', not found
file or directory '/home/adamoutler/git/ssh/app/src/androidTestDebug/kotlin', not found
file or directory '/home/adamoutler/git/ssh/app/src/androidTestDebug/kotlin', not found
file or directory '/home/adamoutler/git/ssh/app/src/androidTestDebug/java', not found
file or directory '/home/adamoutler/git/ssh/app/src/androidTestDebug/kotlin', not found
file or directory '/home/adamoutler/git/ssh/app/src/androidTestDebug/java', not found
file or directory '/home/adamoutler/git/ssh/app/src/androidTest/java', not found
file or directory '/home/adamoutler/git/ssh/app/src/androidTestDebug/java', not found
file or directory '/home/adamoutler/git/ssh/app/src/debugAndroidTest/kotlin', not found
file or directory '/home/adamoutler/git/ssh/app/src/androidTest/java', not found
file or directory '/home/adamoutler/git/ssh/app/src/androidTest/java', not found
file or directory '/home/adamoutler/git/ssh/app/src/androidTestDebug/kotlin', not found
file or directory '/home/adamoutler/git/ssh/app/src/androidTestDebug/kotlin', not found
file or directory '/home/adamoutler/git/ssh/app/src/androidTestDebug/java', not found
file or directory '/home/adamoutler/git/ssh/app/src/androidTestDebug/kotlin', not found
file or directory '/home/adamoutler/git/ssh/app/src/androidTestDebug/java', not found
file or directory '/home/adamoutler/git/ssh/app/src/androidTest/java', not found
file or directory '/home/adamoutler/git/ssh/app/src/androidTestDebug/java', not found
file or directory '/home/adamoutler/git/ssh/app/src/debugAndroidTest/kotlin', not found
file or directory '/home/adamoutler/git/ssh/app/src/androidTest/java', not found
file or directory '/home/adamoutler/git/ssh/app/src/androidTest/java', not found
file or directory '/home/adamoutler/git/ssh/app/src/androidTestDebug/kotlin', not found
file or directory '/home/adamoutler/git/ssh/app/src/androidTestDebug/kotlin', not found
file or directory '/home/adamoutler/git/ssh/app/src/androidTestDebug/java', not found
file or directory '/home/adamoutler/git/ssh/app/src/androidTestDebug/kotlin', not found
file or directory '/home/adamoutler/git/ssh/app/src/androidTestDebug/java', not found
file or directory '/home/adamoutler/git/ssh/app/src/androidTest/java', not found
file or directory '/home/adamoutler/git/ssh/app/src/androidTestDebug/java', not found
Kotlin source files: /home/adamoutler/git/ssh/app/src/androidTest/kotlin/com/adamoutler/ssh/OcrVerificationTest.kt, /home/adamoutler/git/ssh/app/src/androidTest/kotlin/com/adamoutler/ssh/ConnectionCrashTest.kt, /home/adamoutler/git/ssh/app/src/androidTest/kotlin/com/adamoutler/ssh/DeterministicMultiTurnTest.kt, /home/adamoutler/git/ssh/app/src/androidTest/kotlin/com/adamoutler/ssh/network/TerminalInstrumentationTest.kt, /home/adamoutler/git/ssh/app/src/androidTest/kotlin/com/adamoutler/ssh/network/SshServiceInstrumentationTest.kt, /home/adamoutler/git/ssh/app/src/androidTest/kotlin/com/adamoutler/ssh/ui/screens/AddEditProfileScreenInstrumentedTest.kt, /home/adamoutler/git/ssh/app/src/androidTest/kotlin/com/adamoutler/ssh/ui/screens/ConnectionListScreenInstrumentedTest.kt, /home/adamoutler/git/ssh/app/src/androidTest/kotlin/com/adamoutler/ssh/ui/components/TerminalScreenInstrumentedTest.kt, /home/adamoutler/git/ssh/app/src/androidTest/kotlin/com/adamoutler/ssh/sync/DriveSyncManagerInstrumentedTest.kt, /home/adamoutler/git/ssh/app/src/androidTest/kotlin/com/adamoutler/ssh/crypto/SecurityStorageManagerInstrumentedTest.kt, /home/adamoutler/git/ssh/app/src/androidTest/kotlin/com/adamoutler/ssh/ConnectionResumeE2ETest.kt
Java source files: /home/adamoutler/git/ssh/app/build/generated/source/buildConfig/androidTest/debug/com/adamoutler/ssh/test/BuildConfig.java
Script source files: 
Script file extensions: 
Using Kotlin/JVM incremental compilation
[KOTLIN] Kotlin compilation 'jdkHome' argument: null
i: found daemon on port 17756 (18316913 ms old), trying to connect
i: connected to the daemon
Options for KOTLIN DAEMON: IncrementalCompilationOptions(super=CompilationOptions(compilerMode=INCREMENTAL_COMPILER, targetPlatform=JVM, reportCategories=[0, 3], reportSeverity=2, requestedCompilationResults=[0], kotlinScriptExtensions=[]), areFileChangesKnown=true, modifiedFiles=[/home/adamoutler/git/ssh/app/src/androidTest/kotlin/com/adamoutler/ssh/ConnectionCrashTest.kt], deletedFiles=[], classpathChanges=NoChanges, workingDir=/home/adamoutler/git/ssh/app/build/kotlin/compileDebugAndroidTestKotlin/cacheable, multiModuleICSettings=MultiModuleICSettings(buildHistoryFile=/home/adamoutler/git/ssh/app/build/kotlin/compileDebugAndroidTestKotlin/local-state/build-history.bin, useModuleDetection=true), usePreciseJavaTracking=true, outputFiles=[/home/adamoutler/git/ssh/app/build/tmp/kotlin-classes/debugAndroidTest, /home/adamoutler/git/ssh/app/build/kotlin/compileDebugAndroidTestKotlin/cacheable, /home/adamoutler/git/ssh/app/build/kotlin/compileDebugAndroidTestKotlin/local-state])
w: file:///home/adamoutler/git/ssh/app/src/androidTest/kotlin/com/adamoutler/ssh/ConnectionCrashTest.kt:60:17 Variable 'scenario' is never used
Resolve mutations for :app:compileDebugAndroidTestJavaWithJavac (Thread[#15969,Execution worker Thread 7,5,main]) started.
:app:compileDebugAndroidTestJavaWithJavac (Thread[#15969,Execution worker Thread 7,5,main]) started.

> Task :app:compileDebugAndroidTestJavaWithJavac UP-TO-DATE
Transforming core-for-system-modules.jar with JdkImageTransform
Transforming core-for-system-modules.jar with JdkImageTransform
Transforming core-for-system-modules.jar with JdkImageTransform
Transforming core-for-system-modules.jar with JdkImageTransform
Transforming core-for-system-modules.jar with JdkImageTransform
Transforming core-for-system-modules.jar with JdkImageTransform
Custom actions are attached to task ':app:compileDebugAndroidTestJavaWithJavac'.
Caching disabled for task ':app:compileDebugAndroidTestJavaWithJavac' because:
  Build cache is disabled
Skipping task ':app:compileDebugAndroidTestJavaWithJavac' as it is up-to-date.
No compile result for :app:compileDebugAndroidTestJavaWithJavac
Resolve mutations for :app:dexBuilderDebugAndroidTest (Thread[#15969,Execution worker Thread 7,5,main]) started.
:app:dexBuilderDebugAndroidTest (Thread[#15966,Execution worker Thread 4,5,main]) started.

> Task :app:dexBuilderDebugAndroidTest
Caching disabled for task ':app:dexBuilderDebugAndroidTest' because:
  Build cache is disabled
Task ':app:dexBuilderDebugAndroidTest' is not up-to-date because:
  Input property 'projectClasses' file /home/adamoutler/git/ssh/app/build/tmp/kotlin-classes/debugAndroidTest/com/adamoutler/ssh/ConnectionCrashTest$testConnectionAndDataTransmission$1.class has changed.
  Input property 'projectClasses' file /home/adamoutler/git/ssh/app/build/tmp/kotlin-classes/debugAndroidTest/com/adamoutler/ssh/ConnectionCrashTest.class has changed.
Dex builder is incremental : true 
Processing input /home/adamoutler/git/ssh/app/build/tmp/kotlin-classes/debugAndroidTest
Processing input /home/adamoutler/git/ssh/app/build/intermediates/javac/debugAndroidTest/compileDebugAndroidTestJavaWithJavac/classes
Dexing /home/adamoutler/git/ssh/app/build/tmp/kotlin-classes/debugAndroidTest
Dexing /home/adamoutler/git/ssh/app/build/intermediates/javac/debugAndroidTest/compileDebugAndroidTestJavaWithJavac/classes
Dexing '/home/adamoutler/git/ssh/app/build/tmp/kotlin-classes/debugAndroidTest' to '/home/adamoutler/git/ssh/app/build/intermediates/project_dex_archive/debugAndroidTest/dexBuilderDebugAndroidTest/out'
Dexing '/home/adamoutler/git/ssh/app/build/intermediates/javac/debugAndroidTest/compileDebugAndroidTestJavaWithJavac/classes' to '/home/adamoutler/git/ssh/app/build/intermediates/project_dex_archive/debugAndroidTest/dexBuilderDebugAndroidTest/out'
Dexing '/home/adamoutler/git/ssh/app/build/tmp/kotlin-classes/debugAndroidTest' to '/home/adamoutler/git/ssh/app/build/intermediates/project_dex_archive/debugAndroidTest/dexBuilderDebugAndroidTest/out'
Dexing '/home/adamoutler/git/ssh/app/build/intermediates/javac/debugAndroidTest/compileDebugAndroidTestJavaWithJavac/classes' to '/home/adamoutler/git/ssh/app/build/intermediates/project_dex_archive/debugAndroidTest/dexBuilderDebugAndroidTest/out'
Dexing '/home/adamoutler/git/ssh/app/build/tmp/kotlin-classes/debugAndroidTest' to '/home/adamoutler/git/ssh/app/build/intermediates/project_dex_archive/debugAndroidTest/dexBuilderDebugAndroidTest/out'
Dexing '/home/adamoutler/git/ssh/app/build/intermediates/javac/debugAndroidTest/compileDebugAndroidTestJavaWithJavac/classes' to '/home/adamoutler/git/ssh/app/build/intermediates/project_dex_archive/debugAndroidTest/dexBuilderDebugAndroidTest/out'
Dexing '/home/adamoutler/git/ssh/app/build/tmp/kotlin-classes/debugAndroidTest' to '/home/adamoutler/git/ssh/app/build/intermediates/project_dex_archive/debugAndroidTest/dexBuilderDebugAndroidTest/out'
Dexing '/home/adamoutler/git/ssh/app/build/intermediates/javac/debugAndroidTest/compileDebugAndroidTestJavaWithJavac/classes' to '/home/adamoutler/git/ssh/app/build/intermediates/project_dex_archive/debugAndroidTest/dexBuilderDebugAndroidTest/out'
Dexing '/home/adamoutler/git/ssh/app/build/tmp/kotlin-classes/debugAndroidTest' to '/home/adamoutler/git/ssh/app/build/intermediates/project_dex_archive/debugAndroidTest/dexBuilderDebugAndroidTest/out'
Dexing '/home/adamoutler/git/ssh/app/build/intermediates/javac/debugAndroidTest/compileDebugAndroidTestJavaWithJavac/classes' to '/home/adamoutler/git/ssh/app/build/intermediates/project_dex_archive/debugAndroidTest/dexBuilderDebugAndroidTest/out'
Dexing '/home/adamoutler/git/ssh/app/build/tmp/kotlin-classes/debugAndroidTest' to '/home/adamoutler/git/ssh/app/build/intermediates/project_dex_archive/debugAndroidTest/dexBuilderDebugAndroidTest/out'
Dexing '/home/adamoutler/git/ssh/app/build/intermediates/javac/debugAndroidTest/compileDebugAndroidTestJavaWithJavac/classes' to '/home/adamoutler/git/ssh/app/build/intermediates/project_dex_archive/debugAndroidTest/dexBuilderDebugAndroidTest/out'
Dexing '/home/adamoutler/git/ssh/app/build/tmp/kotlin-classes/debugAndroidTest' to '/home/adamoutler/git/ssh/app/build/intermediates/project_dex_archive/debugAndroidTest/dexBuilderDebugAndroidTest/out'
Dexing '/home/adamoutler/git/ssh/app/build/intermediates/javac/debugAndroidTest/compileDebugAndroidTestJavaWithJavac/classes' to '/home/adamoutler/git/ssh/app/build/intermediates/project_dex_archive/debugAndroidTest/dexBuilderDebugAndroidTest/out'
Dexing '/home/adamoutler/git/ssh/app/build/tmp/kotlin-classes/debugAndroidTest' to '/home/adamoutler/git/ssh/app/build/intermediates/project_dex_archive/debugAndroidTest/dexBuilderDebugAndroidTest/out'
Dexing '/home/adamoutler/git/ssh/app/build/intermediates/javac/debugAndroidTest/compileDebugAndroidTestJavaWithJavac/classes' to '/home/adamoutler/git/ssh/app/build/intermediates/project_dex_archive/debugAndroidTest/dexBuilderDebugAndroidTest/out'
Processing input /home/adamoutler/git/ssh/app/build/intermediates/compile_and_runtime_not_namespaced_r_class_jar/debugAndroidTest/processDebugAndroidTestResources/R.jar
Dexing /home/adamoutler/git/ssh/app/build/intermediates/compile_and_runtime_not_namespaced_r_class_jar/debugAndroidTest/processDebugAndroidTestResources/R.jar
Dexing '/home/adamoutler/git/ssh/app/build/tmp/kotlin-classes/debugAndroidTest' to '/home/adamoutler/git/ssh/app/build/intermediates/project_dex_archive/debugAndroidTest/dexBuilderDebugAndroidTest/out'
Dexing '/home/adamoutler/git/ssh/app/build/intermediates/javac/debugAndroidTest/compileDebugAndroidTestJavaWithJavac/classes' to '/home/adamoutler/git/ssh/app/build/intermediates/project_dex_archive/debugAndroidTest/dexBuilderDebugAndroidTest/out'
Dexing '/home/adamoutler/git/ssh/app/build/tmp/kotlin-classes/debugAndroidTest' to '/home/adamoutler/git/ssh/app/build/intermediates/project_dex_archive/debugAndroidTest/dexBuilderDebugAndroidTest/out'
Dexing '/home/adamoutler/git/ssh/app/build/intermediates/javac/debugAndroidTest/compileDebugAndroidTestJavaWithJavac/classes' to '/home/adamoutler/git/ssh/app/build/intermediates/project_dex_archive/debugAndroidTest/dexBuilderDebugAndroidTest/out'
Dexing '/home/adamoutler/git/ssh/app/build/intermediates/compile_and_runtime_not_namespaced_r_class_jar/debugAndroidTest/processDebugAndroidTestResources/R.jar' to '/home/adamoutler/git/ssh/app/build/intermediates/project_dex_archive/debugAndroidTest/dexBuilderDebugAndroidTest/out/6920ff99f224a18cd21b1aa22f1866feb0deb6e558458da20e13e28a1b674071_0.jar'
Dexing '/home/adamoutler/git/ssh/app/build/intermediates/compile_and_runtime_not_namespaced_r_class_jar/debugAndroidTest/processDebugAndroidTestResources/R.jar' to '/home/adamoutler/git/ssh/app/build/intermediates/project_dex_archive/debugAndroidTest/dexBuilderDebugAndroidTest/out/6920ff99f224a18cd21b1aa22f1866feb0deb6e558458da20e13e28a1b674071_1.jar'
Dexing '/home/adamoutler/git/ssh/app/build/intermediates/compile_and_runtime_not_namespaced_r_class_jar/debugAndroidTest/processDebugAndroidTestResources/R.jar' to '/home/adamoutler/git/ssh/app/build/intermediates/project_dex_archive/debugAndroidTest/dexBuilderDebugAndroidTest/out/6920ff99f224a18cd21b1aa22f1866feb0deb6e558458da20e13e28a1b674071_2.jar'
Dexing '/home/adamoutler/git/ssh/app/build/intermediates/compile_and_runtime_not_namespaced_r_class_jar/debugAndroidTest/processDebugAndroidTestResources/R.jar' to '/home/adamoutler/git/ssh/app/build/intermediates/project_dex_archive/debugAndroidTest/dexBuilderDebugAndroidTest/out/6920ff99f224a18cd21b1aa22f1866feb0deb6e558458da20e13e28a1b674071_3.jar'
Dexing '/home/adamoutler/git/ssh/app/build/intermediates/compile_and_runtime_not_namespaced_r_class_jar/debugAndroidTest/processDebugAndroidTestResources/R.jar' to '/home/adamoutler/git/ssh/app/build/intermediates/project_dex_archive/debugAndroidTest/dexBuilderDebugAndroidTest/out/6920ff99f224a18cd21b1aa22f1866feb0deb6e558458da20e13e28a1b674071_4.jar'
Dexing '/home/adamoutler/git/ssh/app/build/intermediates/compile_and_runtime_not_namespaced_r_class_jar/debugAndroidTest/processDebugAndroidTestResources/R.jar' to '/home/adamoutler/git/ssh/app/build/intermediates/project_dex_archive/debugAndroidTest/dexBuilderDebugAndroidTest/out/6920ff99f224a18cd21b1aa22f1866feb0deb6e558458da20e13e28a1b674071_5.jar'
Dexing '/home/adamoutler/git/ssh/app/build/intermediates/compile_and_runtime_not_namespaced_r_class_jar/debugAndroidTest/processDebugAndroidTestResources/R.jar' to '/home/adamoutler/git/ssh/app/build/intermediates/project_dex_archive/debugAndroidTest/dexBuilderDebugAndroidTest/out/6920ff99f224a18cd21b1aa22f1866feb0deb6e558458da20e13e28a1b674071_6.jar'
Dexing '/home/adamoutler/git/ssh/app/build/intermediates/compile_and_runtime_not_namespaced_r_class_jar/debugAndroidTest/processDebugAndroidTestResources/R.jar' to '/home/adamoutler/git/ssh/app/build/intermediates/project_dex_archive/debugAndroidTest/dexBuilderDebugAndroidTest/out/6920ff99f224a18cd21b1aa22f1866feb0deb6e558458da20e13e28a1b674071_7.jar'
Dexing '/home/adamoutler/git/ssh/app/build/intermediates/compile_and_runtime_not_namespaced_r_class_jar/debugAndroidTest/processDebugAndroidTestResources/R.jar' to '/home/adamoutler/git/ssh/app/build/intermediates/project_dex_archive/debugAndroidTest/dexBuilderDebugAndroidTest/out/6920ff99f224a18cd21b1aa22f1866feb0deb6e558458da20e13e28a1b674071_8.jar'
Dexing '/home/adamoutler/git/ssh/app/build/intermediates/compile_and_runtime_not_namespaced_r_class_jar/debugAndroidTest/processDebugAndroidTestResources/R.jar' to '/home/adamoutler/git/ssh/app/build/intermediates/project_dex_archive/debugAndroidTest/dexBuilderDebugAndroidTest/out/6920ff99f224a18cd21b1aa22f1866feb0deb6e558458da20e13e28a1b674071_9.jar'
Done with all dex archive conversions
Resolve mutations for :app:mergeDebugAndroidTestGlobalSynthetics (Thread[#15966,Execution worker Thread 4,5,main]) started.
:app:mergeDebugAndroidTestGlobalSynthetics (Thread[#15968,Execution worker Thread 6,5,main]) started.

> Task :app:mergeDebugAndroidTestGlobalSynthetics UP-TO-DATE
Transforming ui-test-release.aar (androidx.compose.ui:ui-test-android:1.6.7) with AarToClassTransform
Transforming ui-test-release.aar (androidx.compose.ui:ui-test-android:1.6.7) with IdentityTransform
Transforming ui-test-release.aar (androidx.compose.ui:ui-test-android:1.6.7) with DexingNoClasspathTransform
Transforming ui-test-release.aar (androidx.compose.ui:ui-test-android:1.6.7) with DexingOutputSplitTransform
Transforming ui-test-junit4-release.aar (androidx.compose.ui:ui-test-junit4-android:1.6.7) with AarToClassTransform
Transforming ui-test-junit4-release.aar (androidx.compose.ui:ui-test-junit4-android:1.6.7) with IdentityTransform
Transforming ui-test-junit4-release.aar (androidx.compose.ui:ui-test-junit4-android:1.6.7) with DexingNoClasspathTransform
Transforming ui-test-junit4-release.aar (androidx.compose.ui:ui-test-junit4-android:1.6.7) with DexingOutputSplitTransform
Transforming junit-1.2.1.aar (androidx.test.ext:junit:1.2.1) with AarToClassTransform
Transforming junit-1.2.1.aar (androidx.test.ext:junit:1.2.1) with IdentityTransform
Transforming junit-1.2.1.aar (androidx.test.ext:junit:1.2.1) with DexingNoClasspathTransform
Transforming junit-1.2.1.aar (androidx.test.ext:junit:1.2.1) with DexingOutputSplitTransform
Transforming espresso-intents-3.6.1.aar (androidx.test.espresso:espresso-intents:3.6.1) with AarToClassTransform
Transforming espresso-intents-3.6.1.aar (androidx.test.espresso:espresso-intents:3.6.1) with IdentityTransform
Transforming espresso-intents-3.6.1.aar (androidx.test.espresso:espresso-intents:3.6.1) with DexingNoClasspathTransform
Transforming espresso-intents-3.6.1.aar (androidx.test.espresso:espresso-intents:3.6.1) with DexingOutputSplitTransform
Transforming espresso-core-3.6.1.aar (androidx.test.espresso:espresso-core:3.6.1) with AarToClassTransform
Transforming espresso-core-3.6.1.aar (androidx.test.espresso:espresso-core:3.6.1) with IdentityTransform
Transforming espresso-core-3.6.1.aar (androidx.test.espresso:espresso-core:3.6.1) with DexingNoClasspathTransform
Transforming espresso-core-3.6.1.aar (androidx.test.espresso:espresso-core:3.6.1) with DexingOutputSplitTransform
Transforming rules-1.7.0.aar (androidx.test:rules:1.7.0) with AarToClassTransform
Transforming rules-1.7.0.aar (androidx.test:rules:1.7.0) with IdentityTransform
Transforming rules-1.7.0.aar (androidx.test:rules:1.7.0) with DexingNoClasspathTransform
Transforming rules-1.7.0.aar (androidx.test:rules:1.7.0) with DexingOutputSplitTransform
Transforming uiautomator-2.3.0.aar (androidx.test.uiautomator:uiautomator:2.3.0) with AarToClassTransform
Transforming uiautomator-2.3.0.aar (androidx.test.uiautomator:uiautomator:2.3.0) with IdentityTransform
Transforming uiautomator-2.3.0.aar (androidx.test.uiautomator:uiautomator:2.3.0) with DexingNoClasspathTransform
Transforming uiautomator-2.3.0.aar (androidx.test.uiautomator:uiautomator:2.3.0) with DexingOutputSplitTransform
Transforming sshd-core-2.17.1.jar (org.apache.sshd:sshd-core:2.17.1) with IdentityTransform
Transforming sshd-core-2.17.1.jar (org.apache.sshd:sshd-core:2.17.1) with IdentityTransform
Transforming sshd-core-2.17.1.jar (org.apache.sshd:sshd-core:2.17.1) with DexingNoClasspathTransform
Transforming sshd-core-2.17.1.jar (org.apache.sshd:sshd-core:2.17.1) with DexingOutputSplitTransform
Transforming core-1.6.1.aar (androidx.test:core:1.6.1) with AarToClassTransform
Transforming core-1.6.1.aar (androidx.test:core:1.6.1) with IdentityTransform
Transforming core-1.6.1.aar (androidx.test:core:1.6.1) with DexingNoClasspathTransform
Transforming core-1.6.1.aar (androidx.test:core:1.6.1) with DexingOutputSplitTransform
Transforming concurrent-futures-ktx-1.1.0.jar (androidx.concurrent:concurrent-futures-ktx:1.1.0) with IdentityTransform
Transforming concurrent-futures-ktx-1.1.0.jar (androidx.concurrent:concurrent-futures-ktx:1.1.0) with IdentityTransform
Transforming concurrent-futures-ktx-1.1.0.jar (androidx.concurrent:concurrent-futures-ktx:1.1.0) with DexingNoClasspathTransform
Transforming concurrent-futures-ktx-1.1.0.jar (androidx.concurrent:concurrent-futures-ktx:1.1.0) with DexingOutputSplitTransform
Transforming runner-1.7.0.aar (androidx.test:runner:1.7.0) with AarToClassTransform
Transforming runner-1.7.0.aar (androidx.test:runner:1.7.0) with IdentityTransform
Transforming runner-1.7.0.aar (androidx.test:runner:1.7.0) with DexingNoClasspathTransform
Transforming runner-1.7.0.aar (androidx.test:runner:1.7.0) with DexingOutputSplitTransform
Transforming storage-1.6.0.aar (androidx.test.services:storage:1.6.0) with AarToClassTransform
Transforming storage-1.6.0.aar (androidx.test.services:storage:1.6.0) with IdentityTransform
Transforming storage-1.6.0.aar (androidx.test.services:storage:1.6.0) with DexingNoClasspathTransform
Transforming storage-1.6.0.aar (androidx.test.services:storage:1.6.0) with DexingOutputSplitTransform
Transforming monitor-1.8.0.aar (androidx.test:monitor:1.8.0) with AarToClassTransform
Transforming monitor-1.8.0.aar (androidx.test:monitor:1.8.0) with IdentityTransform
Transforming monitor-1.8.0.aar (androidx.test:monitor:1.8.0) with DexingNoClasspathTransform
Transforming monitor-1.8.0.aar (androidx.test:monitor:1.8.0) with DexingOutputSplitTransform
Transforming kotlinx-coroutines-test-jvm-1.7.3.jar (org.jetbrains.kotlinx:kotlinx-coroutines-test-jvm:1.7.3) with IdentityTransform
Transforming kotlinx-coroutines-test-jvm-1.7.3.jar (org.jetbrains.kotlinx:kotlinx-coroutines-test-jvm:1.7.3) with IdentityTransform
Transforming kotlinx-coroutines-test-jvm-1.7.3.jar (org.jetbrains.kotlinx:kotlinx-coroutines-test-jvm:1.7.3) with DexingNoClasspathTransform
Transforming kotlinx-coroutines-test-jvm-1.7.3.jar (org.jetbrains.kotlinx:kotlinx-coroutines-test-jvm:1.7.3) with DexingOutputSplitTransform
Transforming sshd-common-2.17.1.jar (org.apache.sshd:sshd-common:2.17.1) with IdentityTransform
Transforming sshd-common-2.17.1.jar (org.apache.sshd:sshd-common:2.17.1) with IdentityTransform
Transforming sshd-common-2.17.1.jar (org.apache.sshd:sshd-common:2.17.1) with DexingNoClasspathTransform
Transforming sshd-common-2.17.1.jar (org.apache.sshd:sshd-common:2.17.1) with DexingOutputSplitTransform
Transforming jcl-over-slf4j-1.7.36.jar (org.slf4j:jcl-over-slf4j:1.7.36) with IdentityTransform
Transforming jcl-over-slf4j-1.7.36.jar (org.slf4j:jcl-over-slf4j:1.7.36) with IdentityTransform
Transforming jcl-over-slf4j-1.7.36.jar (org.slf4j:jcl-over-slf4j:1.7.36) with DexingNoClasspathTransform
Transforming jcl-over-slf4j-1.7.36.jar (org.slf4j:jcl-over-slf4j:1.7.36) with DexingOutputSplitTransform
Transforming junit-4.13.2.jar (junit:junit:4.13.2) with IdentityTransform
Transforming junit-4.13.2.jar (junit:junit:4.13.2) with IdentityTransform
Transforming junit-4.13.2.jar (junit:junit:4.13.2) with DexingNoClasspathTransform
Transforming junit-4.13.2.jar (junit:junit:4.13.2) with DexingOutputSplitTransform
Transforming espresso-idling-resource-3.6.1.aar (androidx.test.espresso:espresso-idling-resource:3.6.1) with AarToClassTransform
Transforming espresso-idling-resource-3.6.1.aar (androidx.test.espresso:espresso-idling-resource:3.6.1) with IdentityTransform
Transforming espresso-idling-resource-3.6.1.aar (androidx.test.espresso:espresso-idling-resource:3.6.1) with DexingNoClasspathTransform
Transforming espresso-idling-resource-3.6.1.aar (androidx.test.espresso:espresso-idling-resource:3.6.1) with DexingOutputSplitTransform
Transforming hamcrest-library-1.3.jar (org.hamcrest:hamcrest-library:1.3) with IdentityTransform
Transforming hamcrest-library-1.3.jar (org.hamcrest:hamcrest-library:1.3) with IdentityTransform
Transforming hamcrest-library-1.3.jar (org.hamcrest:hamcrest-library:1.3) with DexingNoClasspathTransform
Transforming hamcrest-library-1.3.jar (org.hamcrest:hamcrest-library:1.3) with DexingOutputSplitTransform
Transforming hamcrest-core-1.3.jar (org.hamcrest:hamcrest-core:1.3) with IdentityTransform
Transforming hamcrest-core-1.3.jar (org.hamcrest:hamcrest-core:1.3) with IdentityTransform
Transforming hamcrest-core-1.3.jar (org.hamcrest:hamcrest-core:1.3) with DexingNoClasspathTransform
Transforming hamcrest-core-1.3.jar (org.hamcrest:hamcrest-core:1.3) with DexingOutputSplitTransform
Caching disabled for task ':app:mergeDebugAndroidTestGlobalSynthetics' because:
  Build cache is disabled
Skipping task ':app:mergeDebugAndroidTestGlobalSynthetics' as it is up-to-date.
Resolve mutations for :app:processDebugAndroidTestJavaRes (Thread[#15968,Execution worker Thread 6,5,main]) started.
:app:processDebugAndroidTestJavaRes (Thread[#15968,Execution worker Thread 6,5,main]) started.

> Task :app:processDebugAndroidTestJavaRes UP-TO-DATE
file or directory '/home/adamoutler/git/ssh/app/src/androidTest/resources', not found
file or directory '/home/adamoutler/git/ssh/app/src/androidTestDebug/resources', not found
file or directory '/home/adamoutler/git/ssh/app/src/androidTest/resources', not found
file or directory '/home/adamoutler/git/ssh/app/src/androidTestDebug/resources', not found
Caching disabled for task ':app:processDebugAndroidTestJavaRes' because:
  Build cache is disabled
  Caching has been disabled for the task
Skipping task ':app:processDebugAndroidTestJavaRes' as it is up-to-date.
Resolve mutations for :app:mergeDebugAndroidTestJavaResource (Thread[#15968,Execution worker Thread 6,5,main]) started.
:app:mergeDebugAndroidTestJavaResource (Thread[#15979,Execution worker Thread 16,5,main]) started.

> Task :app:mergeDebugAndroidTestJavaResource UP-TO-DATE
Transforming ui-test-release.aar (androidx.compose.ui:ui-test-android:1.6.7) with ExtractAarTransform
Transforming ui-test-release.aar (androidx.compose.ui:ui-test-android:1.6.7) with AarTransform
Transforming ui-test-junit4-release.aar (androidx.compose.ui:ui-test-junit4-android:1.6.7) with ExtractAarTransform
Transforming ui-test-junit4-release.aar (androidx.compose.ui:ui-test-junit4-android:1.6.7) with AarTransform
Transforming junit-1.2.1.aar (androidx.test.ext:junit:1.2.1) with ExtractAarTransform
Transforming junit-1.2.1.aar (androidx.test.ext:junit:1.2.1) with AarTransform
Transforming espresso-intents-3.6.1.aar (androidx.test.espresso:espresso-intents:3.6.1) with ExtractAarTransform
Transforming espresso-intents-3.6.1.aar (androidx.test.espresso:espresso-intents:3.6.1) with AarTransform
Transforming espresso-core-3.6.1.aar (androidx.test.espresso:espresso-core:3.6.1) with ExtractAarTransform
Transforming espresso-core-3.6.1.aar (androidx.test.espresso:espresso-core:3.6.1) with AarTransform
Transforming rules-1.7.0.aar (androidx.test:rules:1.7.0) with ExtractAarTransform
Transforming rules-1.7.0.aar (androidx.test:rules:1.7.0) with AarTransform
Transforming uiautomator-2.3.0.aar (androidx.test.uiautomator:uiautomator:2.3.0) with ExtractAarTransform
Transforming uiautomator-2.3.0.aar (androidx.test.uiautomator:uiautomator:2.3.0) with AarTransform
Transforming sshd-core-2.17.1.jar (org.apache.sshd:sshd-core:2.17.1) with IdentityTransform
Transforming core-1.6.1.aar (androidx.test:core:1.6.1) with ExtractAarTransform
Transforming core-1.6.1.aar (androidx.test:core:1.6.1) with AarTransform
Transforming concurrent-futures-ktx-1.1.0.jar (androidx.concurrent:concurrent-futures-ktx:1.1.0) with IdentityTransform
Transforming runner-1.7.0.aar (androidx.test:runner:1.7.0) with ExtractAarTransform
Transforming runner-1.7.0.aar (androidx.test:runner:1.7.0) with AarTransform
Transforming storage-1.6.0.aar (androidx.test.services:storage:1.6.0) with ExtractAarTransform
Transforming storage-1.6.0.aar (androidx.test.services:storage:1.6.0) with AarTransform
Transforming monitor-1.8.0.aar (androidx.test:monitor:1.8.0) with ExtractAarTransform
Transforming monitor-1.8.0.aar (androidx.test:monitor:1.8.0) with AarTransform
Transforming kotlinx-coroutines-test-jvm-1.7.3.jar (org.jetbrains.kotlinx:kotlinx-coroutines-test-jvm:1.7.3) with IdentityTransform
Transforming sshd-common-2.17.1.jar (org.apache.sshd:sshd-common:2.17.1) with IdentityTransform
Transforming jcl-over-slf4j-1.7.36.jar (org.slf4j:jcl-over-slf4j:1.7.36) with IdentityTransform
Transforming junit-4.13.2.jar (junit:junit:4.13.2) with IdentityTransform
Transforming espresso-idling-resource-3.6.1.aar (androidx.test.espresso:espresso-idling-resource:3.6.1) with ExtractAarTransform
Transforming espresso-idling-resource-3.6.1.aar (androidx.test.espresso:espresso-idling-resource:3.6.1) with AarTransform
Transforming hamcrest-library-1.3.jar (org.hamcrest:hamcrest-library:1.3) with IdentityTransform
Transforming hamcrest-core-1.3.jar (org.hamcrest:hamcrest-core:1.3) with IdentityTransform
Caching disabled for task ':app:mergeDebugAndroidTestJavaResource' because:
  Build cache is disabled
  Caching has been disabled for the task
Skipping task ':app:mergeDebugAndroidTestJavaResource' as it is up-to-date.
Resolve mutations for :app:mergeProjectDexDebugAndroidTest (Thread[#15979,Execution worker Thread 16,5,main]) started.
:app:mergeProjectDexDebugAndroidTest (Thread[#15979,Execution worker Thread 16,5,main]) started.

> Task :app:mergeProjectDexDebugAndroidTest
Caching disabled for task ':app:mergeProjectDexDebugAndroidTest' because:
  Build cache is disabled
Task ':app:mergeProjectDexDebugAndroidTest' is not up-to-date because:
  Input property 'dexDirs' file /home/adamoutler/git/ssh/app/build/intermediates/project_dex_archive/debugAndroidTest/dexBuilderDebugAndroidTest/out/com/adamoutler/ssh/ConnectionCrashTest$testConnectionAndDataTransmission$1.dex has changed.
  Input property 'dexDirs' file /home/adamoutler/git/ssh/app/build/intermediates/project_dex_archive/debugAndroidTest/dexBuilderDebugAndroidTest/out/com/adamoutler/ssh/ConnectionCrashTest.dex has changed.
Merging to '/home/adamoutler/git/ssh/app/build/intermediates/dex/debugAndroidTest/mergeProjectDexDebugAndroidTest/11' with D8 from all or a subset of dex files in /home/adamoutler/git/ssh/app/build/intermediates/project_dex_archive/debugAndroidTest/dexBuilderDebugAndroidTest/out, /home/adamoutler/git/ssh/app/build/intermediates/project_dex_archive/debugAndroidTest/dexBuilderDebugAndroidTest/out, /home/adamoutler/git/ssh/app/build/intermediates/project_dex_archive/debugAndroidTest/dexBuilderDebugAndroidTest/out, /home/adamoutler/git/ssh/app/build/intermediates/project_dex_archive/debugAndroidTest/dexBuilderDebugAndroidTest/out, /home/adamoutler/git/ssh/app/build/intermediates/project_dex_archive/debugAndroidTest/dexBuilderDebugAndroidTest/out, /home/adamoutler/git/ssh/app/build/intermediates/project_dex_archive/debugAndroidTest/dexBuilderDebugAndroidTest/out, /home/adamoutler/git/ssh/app/build/intermediates/project_dex_archive/debugAndroidTest/dexBuilderDebugAndroidTest/out, /home/adamoutler/git/ssh/app/build/intermediates/project_dex_archive/debugAndroidTest/dexBuilderDebugAndroidTest/out, /home/adamoutler/git/ssh/app/build/intermediates/project_dex_archive/debugAndroidTest/dexBuilderDebugAndroidTest/out, /home/adamoutler/git/ssh/app/build/intermediates/project_dex_archive/debugAndroidTest/dexBuilderDebugAndroidTest/out, /home/adamoutler/git/ssh/app/build/intermediates/project_dex_archive/debugAndroidTest/dexBuilderDebugAndroidTest/out, /home/adamoutler/git/ssh/app/build/intermediates/project_dex_archive/debugAndroidTest/dexBuilderDebugAndroidTest/out, and from all global synthetics files in 
Resolve mutations for :app:packageDebugAndroidTest (Thread[#15979,Execution worker Thread 16,5,main]) started.
:app:packageDebugAndroidTest (Thread[#15979,Execution worker Thread 16,5,main]) started.

> Task :app:packageDebugAndroidTest
Custom actions are attached to task ':app:packageDebugAndroidTest'.
Caching disabled for task ':app:packageDebugAndroidTest' because:
  Build cache is disabled
  Caching has been disabled for the task
Task ':app:packageDebugAndroidTest' is not up-to-date because:
  Input property 'dexFolders' file /home/adamoutler/git/ssh/app/build/intermediates/dex/debugAndroidTest/mergeProjectDexDebugAndroidTest/11/classes.dex has changed.
Resolve mutations for :app:createDebugAndroidTestApkListingFileRedirect (Thread[#15979,Execution worker Thread 16,5,main]) started.
:app:createDebugAndroidTestApkListingFileRedirect (Thread[#15979,Execution worker Thread 16,5,main]) started.

> Task :app:createDebugAndroidTestApkListingFileRedirect UP-TO-DATE
Caching disabled for task ':app:createDebugAndroidTestApkListingFileRedirect' because:
  Build cache is disabled
  Caching has been disabled for the task
Skipping task ':app:createDebugAndroidTestApkListingFileRedirect' as it is up-to-date.
Resolve mutations for :app:connectedDebugAndroidTest (Thread[#15979,Execution worker Thread 16,5,main]) started.
:app:connectedDebugAndroidTest (Thread[#15979,Execution worker Thread 16,5,main]) started.
[DeviceMonitor]: Connected to adb for device monitoring

> Task :app:connectedDebugAndroidTest
Caching disabled for task ':app:connectedDebugAndroidTest' because:
  Build cache is disabled
  Caching has been disabled for the task
Task ':app:connectedDebugAndroidTest' is not up-to-date because:
  Task.upToDateWhen is false.
emulator-5554 with id Agent_Device is not a Gradle Managed Device

INFO: Constructing runner from config.
INFO: Configuring Android Instrumentation driver: android_instrumentation_runtime {
  instrumentation_info {
    app_package: "com.adamoutler.cobaltssh.debug"
    test_package: "com.adamoutler.cobaltssh.debug.test"
    test_runner_class: "androidx.test.runner.AndroidJUnitRunner"
  }
  instrumentation_args {
    args_map {
      key: "additionalTestOutputDir"
      value: "/sdcard/Android/media/com.adamoutler.cobaltssh.debug/additional_test_output"
    }
    args_map {
      key: "class"
      value: "com.adamoutler.ssh.ConnectionCrashTest"
    }
  }
}
am_instrument_timeout: 31536000
INFO: Configuring AndroidTestApkInstallerPlugin: apks_to_install {
  apk_paths: "/home/adamoutler/git/ssh/app/build/outputs/apk/debug/app-debug.apk"
  install_options {
  }
  uninstall_after_test: true
}
apks_to_install {
  apk_paths: "/home/adamoutler/git/ssh/app/build/outputs/apk/androidTest/debug/app-debug-androidTest.apk"
  install_options {
  }
  uninstall_after_test: true
}
INFO: No installables found in test fixture. Nothing to install.
INFO: Installing [/home/adamoutler/git/ssh/app/build/outputs/apk/debug/app-debug.apk] on device emulator-5554.
INFO: Installing [/home/adamoutler/git/ssh/app/build/outputs/apk/androidTest/debug/app-debug-androidTest.apk] on device emulator-5554.
INFO: Start logcat streaming.
INFO: Running Android Instrumentation driver.

> Task :app:connectedDebugAndroidTest
Starting 1 tests on Agent_Device(AVD) - 14

Agent_Device(AVD) - 14 Tests 0/1 completed. (0 skipped) (0 failed)

> Task :app:connectedDebugAndroidTest

com.adamoutler.ssh.ConnectionCrashTest > testConnectionAndDataTransmission[Agent_Device(AVD) - 14] [32mSUCCESS [0m

INFO: Copying files from device to host: /sdcard/Android/media/com.adamoutler.cobaltssh.debug/additional_test_output to /home/adamoutler/git/ssh/app/build/outputs/connected_android_test_additional_output/debugAndroidTest/connected/Agent_Device(AVD) - 14
INFO: Stop logcat streaming.
INFO: Uninstalling com.adamoutler.cobaltssh.debug for device emulator-5554.
INFO: Uninstalling com.adamoutler.cobaltssh.debug.test for device emulator-5554.
Finished 1 tests on Agent_Device(AVD) - 14
[XmlResultReporter]: XML test result file generated at /home/adamoutler/git/ssh/app/build/outputs/androidTest-results/connected/debug/TEST-Agent_Device(AVD) - 14-_app-.xml. Total tests 1, passed 1, 
INFO: Execute com.adamoutler.ssh.ConnectionCrashTest.testConnectionAndDataTransmission: PASSED

> Task :app:connectedDebugAndroidTest FAILED
Test run failed to complete. Instrumentation run failed due to Process crashed.
Transforming termux-shared-v0.118.3.aar (com.github.termux.termux-app:termux-shared:v0.118.3) with AarToClassTransform
Transforming material-1.4.0.aar (com.google.android.material:material:1.4.0) with AarToClassTransform
Transforming constraintlayout-2.0.1.aar (androidx.constraintlayout:constraintlayout:2.0.1) with AarToClassTransform
Transforming appcompat-1.3.1.aar (androidx.appcompat:appcompat:1.3.1) with AarToClassTransform
Transforming window-1.0.0-alpha09.aar (androidx.window:window:1.0.0-alpha09) with AarToClassTransform
Transforming googleid-1.1.0.aar (com.google.android.libraries.identity.googleid:googleid:1.1.0) with AarToClassTransform
Transforming credentials-1.2.1.aar (androidx.credentials:credentials:1.2.1) with AarToClassTransform
Transforming credentials-1.2.1.aar (androidx.credentials:credentials:1.2.1) with AarToClassTransform
Transforming credentials-play-services-auth-1.2.1.aar (androidx.credentials:credentials-play-services-auth:1.2.1) with AarToClassTransform
Transforming play-services-auth-21.1.1.aar (com.google.android.gms:play-services-auth:21.1.1) with AarToClassTransform
Transforming billing-ktx-6.2.0.aar (com.android.billingclient:billing-ktx:6.2.0) with AarToClassTransform
Transforming billing-6.2.0.aar (com.android.billingclient:billing:6.2.0) with AarToClassTransform
Transforming play-services-fido-20.1.0.aar (com.google.android.gms:play-services-fido:20.1.0) with AarToClassTransform
Transforming play-services-fido-20.1.0.aar (com.google.android.gms:play-services-fido:20.1.0) with AarToClassTransform
Transforming play-services-auth-api-phone-18.0.2.aar (com.google.android.gms:play-services-auth-api-phone:18.0.2) with AarToClassTransform
Transforming play-services-auth-base-18.0.10.aar (com.google.android.gms:play-services-auth-base:18.0.10) with AarToClassTransform
Transforming play-services-location-19.0.0.aar (com.google.android.gms:play-services-location:19.0.0) with AarToClassTransform
Transforming play-services-base-18.3.0.aar (com.google.android.gms:play-services-base:18.3.0) with AarToClassTransform
Transforming play-services-tasks-18.1.0.aar (com.google.android.gms:play-services-tasks:18.1.0) with AarToClassTransform
Transforming play-services-places-placereport-17.0.0.aar (com.google.android.gms:play-services-places-placereport:17.0.0) with AarToClassTransform
Transforming play-services-basement-18.3.0.aar (com.google.android.gms:play-services-basement:18.3.0) with AarToClassTransform
Transforming viewpager2-1.0.0.aar (androidx.viewpager2:viewpager2:1.0.0) with AarToClassTransform
Transforming fragment-1.5.7.aar (androidx.fragment:fragment:1.5.7) with AarToClassTransform
Transforming fragment-1.5.7.aar (androidx.fragment:fragment:1.5.7) with AarToClassTransform
Transforming dynamicanimation-1.0.0.aar (androidx.dynamicanimation:dynamicanimation:1.0.0) with AarToClassTransform
Transforming legacy-support-core-utils-1.0.0.aar (androidx.legacy:legacy-support-core-utils:1.0.0) with AarToClassTransform
Transforming loader-1.1.0.aar (androidx.loader:loader:1.1.0) with AarToClassTransform
Transforming loader-1.1.0.aar (androidx.loader:loader:1.1.0) with AarToClassTransform
Transforming work-runtime-ktx-2.9.0.aar (androidx.work:work-runtime-ktx:2.9.0) with AarToClassTransform
Transforming work-runtime-2.9.0.aar (androidx.work:work-runtime:2.9.0) with AarToClassTransform
Transforming navigation-common-2.7.7.aar (androidx.navigation:navigation-common:2.7.7) with AarToClassTransform
Transforming navigation-runtime-2.7.7.aar (androidx.navigation:navigation-runtime:2.7.7) with AarToClassTransform
Transforming navigation-common-ktx-2.7.7.aar (androidx.navigation:navigation-common-ktx:2.7.7) with AarToClassTransform
Transforming navigation-runtime-ktx-2.7.7.aar (androidx.navigation:navigation-runtime-ktx:2.7.7) with AarToClassTransform
Transforming navigation-compose-2.7.7.aar (androidx.navigation:navigation-compose:2.7.7) with AarToClassTransform
Transforming material3-release.aar (androidx.compose.material3:material3-android:1.2.1) with AarToClassTransform
Transforming savedstate-ktx-1.2.1.aar (androidx.savedstate:savedstate-ktx:1.2.1) with AarToClassTransform
Transforming material-ripple-release.aar (androidx.compose.material:material-ripple-android:1.6.7) with AarToClassTransform
Transforming material-icons-core-release.aar (androidx.compose.material:material-icons-core-android:1.6.7) with AarToClassTransform
Transforming material-icons-extended-release.aar (androidx.compose.material:material-icons-extended-android:1.6.7) with AarToClassTransform
Transforming material-release.aar (androidx.compose.material:material-android:1.6.7) with AarToClassTransform
Transforming savedstate-1.2.1.aar (androidx.savedstate:savedstate:1.2.1) with AarToClassTransform
Transforming foundation-release.aar (androidx.compose.foundation:foundation-android:1.6.7) with AarToClassTransform
Transforming foundation-layout-release.aar (androidx.compose.foundation:foundation-layout-android:1.6.7) with AarToClassTransform
Transforming animation-core-release.aar (androidx.compose.animation:animation-core-android:1.6.7) with AarToClassTransform
Transforming animation-release.aar (androidx.compose.animation:animation-android:1.6.7) with AarToClassTransform
Transforming ui-tooling-data-release.aar (androidx.compose.ui:ui-tooling-data-android:1.6.7) with AarToClassTransform
Transforming ui-unit-release.aar (androidx.compose.ui:ui-unit-android:1.6.7) with AarToClassTransform
Transforming ui-geometry-release.aar (androidx.compose.ui:ui-geometry-android:1.6.7) with AarToClassTransform
Transforming ui-util-release.aar (androidx.compose.ui:ui-util-android:1.6.7) with AarToClassTransform
Transforming ui-tooling-preview-release.aar (androidx.compose.ui:ui-tooling-preview-android:1.6.7) with AarToClassTransform
Transforming ui-graphics-release.aar (androidx.compose.ui:ui-graphics-android:1.6.7) with AarToClassTransform
Transforming ui-text-release.aar (androidx.compose.ui:ui-text-android:1.6.7) with AarToClassTransform
Transforming emoji2-1.3.0.aar (androidx.emoji2:emoji2:1.3.0) with AarToClassTransform
Transforming lifecycle-process-2.8.0.aar (androidx.lifecycle:lifecycle-process:2.8.0) with AarToClassTransform
Transforming lifecycle-livedata-core-ktx-2.8.0.aar (androidx.lifecycle:lifecycle-livedata-core-ktx:2.8.0) with AarToClassTransform
Transforming lifecycle-common-jvm-2.8.0.jar (androidx.lifecycle:lifecycle-common-jvm:2.8.0) with IdentityTransform
Transforming lifecycle-common-java8-2.8.0.jar (androidx.lifecycle:lifecycle-common-java8:2.8.0) with IdentityTransform
Transforming lifecycle-viewmodel-2.8.0.aar (androidx.lifecycle:lifecycle-viewmodel:2.8.0) with AarToClassTransform
Transforming lifecycle-viewmodel-release.aar (androidx.lifecycle:lifecycle-viewmodel-android:2.8.0) with AarToClassTransform
Transforming lifecycle-runtime-release.aar (androidx.lifecycle:lifecycle-runtime-android:2.8.0) with AarToClassTransform
Transforming lifecycle-service-2.8.0.aar (androidx.lifecycle:lifecycle-service:2.8.0) with AarToClassTransform
Transforming lifecycle-livedata-2.8.0.aar (androidx.lifecycle:lifecycle-livedata:2.8.0) with AarToClassTransform
Transforming lifecycle-livedata-core-2.8.0.aar (androidx.lifecycle:lifecycle-livedata-core:2.8.0) with AarToClassTransform
Transforming lifecycle-livedata-core-2.8.0.aar (androidx.lifecycle:lifecycle-livedata-core:2.8.0) with AarToClassTransform
Transforming lifecycle-viewmodel-savedstate-2.8.0.aar (androidx.lifecycle:lifecycle-viewmodel-savedstate:2.8.0) with AarToClassTransform
Transforming lifecycle-viewmodel-ktx-2.8.0.aar (androidx.lifecycle:lifecycle-viewmodel-ktx:2.8.0) with AarToClassTransform
Transforming lifecycle-runtime-ktx-release.aar (androidx.lifecycle:lifecycle-runtime-ktx-android:2.8.0) with AarToClassTransform
Transforming lifecycle-viewmodel-compose-release.aar (androidx.lifecycle:lifecycle-viewmodel-compose-android:2.8.0) with AarToClassTransform
Transforming ui-release.aar (androidx.compose.ui:ui-android:1.6.7) with AarToClassTransform
Transforming ui-test-manifest-1.6.7.aar (androidx.compose.ui:ui-test-manifest:1.6.7) with AarToClassTransform
Transforming ui-tooling-release.aar (androidx.compose.ui:ui-tooling-android:1.6.7) with AarToClassTransform
Transforming activity-compose-1.9.0.aar (androidx.activity:activity-compose:1.9.0) with AarToClassTransform
Transforming activity-ktx-1.9.0.aar (androidx.activity:activity-ktx:1.9.0) with AarToClassTransform
Transforming activity-1.9.0.aar (androidx.activity:activity:1.9.0) with AarToClassTransform
Transforming activity-1.9.0.aar (androidx.activity:activity:1.9.0) with AarToClassTransform
Transforming appcompat-resources-1.3.1.aar (androidx.appcompat:appcompat-resources:1.3.1) with AarToClassTransform
Transforming drawerlayout-1.0.0.aar (androidx.drawerlayout:drawerlayout:1.0.0) with AarToClassTransform
Transforming coordinatorlayout-1.1.0.aar (androidx.coordinatorlayout:coordinatorlayout:1.1.0) with AarToClassTransform
Transforming transition-1.2.0.aar (androidx.transition:transition:1.2.0) with AarToClassTransform
Transforming vectordrawable-animated-1.1.0.aar (androidx.vectordrawable:vectordrawable-animated:1.1.0) with AarToClassTransform
Transforming vectordrawable-1.1.0.aar (androidx.vectordrawable:vectordrawable:1.1.0) with AarToClassTransform
Transforming vectordrawable-1.1.0.aar (androidx.vectordrawable:vectordrawable:1.1.0) with AarToClassTransform
Transforming viewpager-1.0.0.aar (androidx.viewpager:viewpager:1.0.0) with AarToClassTransform
Transforming autofill-1.0.0.aar (androidx.autofill:autofill:1.0.0) with AarToClassTransform
Transforming recycler-4.6.2.aar (io.noties.markwon:recycler:4.6.2) with AarToClassTransform
Transforming recyclerview-1.1.0.aar (androidx.recyclerview:recyclerview:1.1.0) with AarToClassTransform
Transforming recyclerview-1.1.0.aar (androidx.recyclerview:recyclerview:1.1.0) with AarToClassTransform
Transforming customview-1.0.0.aar (androidx.customview:customview:1.0.0) with AarToClassTransform
Transforming core-1.13.1.aar (androidx.core:core:1.13.1) with AarToClassTransform
Transforming core-1.13.1.aar (androidx.core:core:1.13.1) with AarToClassTransform
Transforming customview-poolingcontainer-1.0.0.aar (androidx.customview:customview-poolingcontainer:1.0.0) with AarToClassTransform
Transforming core-ktx-1.13.1.aar (androidx.core:core-ktx:1.13.1) with AarToClassTransform
Transforming security-crypto-ktx-1.1.0-alpha06.aar (androidx.security:security-crypto-ktx:1.1.0-alpha06) with AarToClassTransform
Transforming kotlinx-serialization-core-jvm-1.6.3.jar (org.jetbrains.kotlinx:kotlinx-serialization-core-jvm:1.6.3) with IdentityTransform
Transforming kotlinx-serialization-json-jvm-1.6.3.jar (org.jetbrains.kotlinx:kotlinx-serialization-json-jvm:1.6.3) with IdentityTransform
Transforming room-ktx-2.5.0.aar (androidx.room:room-ktx:2.5.0) with AarToClassTransform
Transforming room-runtime-2.5.0.aar (androidx.room:room-runtime:2.5.0) with AarToClassTransform
Transforming annotation-experimental-1.4.0.aar (androidx.annotation:annotation-experimental:1.4.0) with AarToClassTransform
Transforming runtime-saveable-release.aar (androidx.compose.runtime:runtime-saveable-android:1.6.7) with AarToClassTransform
Transforming runtime-release.aar (androidx.compose.runtime:runtime-android:1.6.7) with AarToClassTransform
Transforming sqlite-framework-2.3.0.aar (androidx.sqlite:sqlite-framework:2.3.0) with AarToClassTransform
Transforming terminal-view-v0.118.3.aar (com.github.termux.termux-app:terminal-view:v0.118.3) with AarToClassTransform
Transforming security-crypto-1.1.0-alpha06.aar (androidx.security:security-crypto:1.1.0-alpha06) with AarToClassTransform
Transforming ext-strikethrough-4.6.2.aar (io.noties.markwon:ext-strikethrough:4.6.2) with AarToClassTransform
Transforming linkify-4.6.2.aar (io.noties.markwon:linkify:4.6.2) with AarToClassTransform
Transforming core-4.6.2.aar (io.noties.markwon:core:4.6.2) with AarToClassTransform
Transforming interpolator-1.0.0.aar (androidx.interpolator:interpolator:1.0.0) with AarToClassTransform
Transforming interpolator-1.0.0.aar (androidx.interpolator:interpolator:1.0.0) with AarToClassTransform
Transforming versionedparcelable-1.1.1.aar (androidx.versionedparcelable:versionedparcelable:1.1.1) with AarToClassTransform
Transforming cursoradapter-1.0.0.aar (androidx.cursoradapter:cursoradapter:1.0.0) with AarToClassTransform
Transforming cardview-1.0.0.aar (androidx.cardview:cardview:1.0.0) with AarToClassTransform
Transforming transport-backend-cct-3.1.8.aar (com.google.android.datatransport:transport-backend-cct:3.1.8) with AarToClassTransform
Transforming transport-runtime-3.1.8.aar (com.google.android.datatransport:transport-runtime:3.1.8) with AarToClassTransform
Transforming transport-api-3.0.0.aar (com.google.android.datatransport:transport-api:3.0.0) with AarToClassTransform
Transforming profileinstaller-1.3.1.aar (androidx.profileinstaller:profileinstaller:1.3.1) with AarToClassTransform
Transforming startup-runtime-1.1.1.aar (androidx.startup:startup-runtime:1.1.1) with AarToClassTransform
Transforming tracing-1.0.0.aar (androidx.tracing:tracing:1.0.0) with AarToClassTransform
Transforming firebase-encoders-json-18.0.0.aar (com.google.firebase:firebase-encoders-json:18.0.0) with AarToClassTransform
Transforming firebase-encoders-proto-16.0.0.jar (com.google.firebase:firebase-encoders-proto:16.0.0) with IdentityTransform
Transforming firebase-encoders-17.0.0.jar (com.google.firebase:firebase-encoders:17.0.0) with IdentityTransform
Transforming core-runtime-2.2.0.aar (androidx.arch.core:core-runtime:2.2.0) with AarToClassTransform
Transforming core-common-2.2.0.jar (androidx.arch.core:core-common:2.2.0) with IdentityTransform
Transforming room-common-2.5.0.jar (androidx.room:room-common:2.5.0) with IdentityTransform
Transforming sqlite-2.3.0.aar (androidx.sqlite:sqlite:2.3.0) with AarToClassTransform
Transforming concurrent-futures-1.1.0.jar (androidx.concurrent:concurrent-futures:1.1.0) with IdentityTransform
Transforming collection-ktx-1.4.0.jar (androidx.collection:collection-ktx:1.4.0) with IdentityTransform
Transforming collection-jvm-1.4.0.jar (androidx.collection:collection-jvm:1.4.0) with IdentityTransform
Transforming documentfile-1.0.0.aar (androidx.documentfile:documentfile:1.0.0) with AarToClassTransform
Transforming localbroadcastmanager-1.0.0.aar (androidx.localbroadcastmanager:localbroadcastmanager:1.0.0) with AarToClassTransform
Transforming print-1.0.0.aar (androidx.print:print:1.0.0) with AarToClassTransform
Transforming annotation-jvm-1.8.0.jar (androidx.annotation:annotation-jvm:1.8.0) with IdentityTransform
Transforming kotlinx-coroutines-android-1.7.3.jar (org.jetbrains.kotlinx:kotlinx-coroutines-android:1.7.3) with IdentityTransform
Transforming kotlinx-coroutines-core-jvm-1.7.3.jar (org.jetbrains.kotlinx:kotlinx-coroutines-core-jvm:1.7.3) with IdentityTransform
Transforming kotlin-stdlib-jdk8-1.8.20.jar (org.jetbrains.kotlin:kotlin-stdlib-jdk8:1.8.20) with IdentityTransform
Transforming kotlin-stdlib-jdk7-1.8.20.jar (org.jetbrains.kotlin:kotlin-stdlib-jdk7:1.8.20) with IdentityTransform
Transforming kotlin-stdlib-1.9.23.jar (org.jetbrains.kotlin:kotlin-stdlib:1.9.23) with IdentityTransform
Transforming jose4j-0.9.6.jar (org.bitbucket.b_c:jose4j:0.9.6) with IdentityTransform
Transforming jdom2-2.0.6.1.jar (org.jdom:jdom2:2.0.6.1) with IdentityTransform
Transforming commons-io-2.14.0.jar (commons-io:commons-io:2.14.0) with IdentityTransform
Transforming protobuf-java-3.25.5.jar (com.google.protobuf:protobuf-java:3.25.5) with IdentityTransform
Transforming google-auth-library-oauth2-http-1.46.0.jar (com.google.auth:google-auth-library-oauth2-http:1.46.0) with IdentityTransform
Transforming google-api-services-drive-v3-rev20230822-2.0.0.jar (com.google.apis:google-api-services-drive:v3-rev20230822-2.0.0) with IdentityTransform
Transforming google-api-client-2.2.0.jar (com.google.api-client:google-api-client:2.2.0) with IdentityTransform
Transforming google-api-client-android-2.0.0.jar (com.google.api-client:google-api-client-android:2.0.0) with IdentityTransform
Transforming google-oauth-client-1.34.1.jar (com.google.oauth-client:google-oauth-client:1.34.1) with IdentityTransform
Transforming google-http-client-gson-2.1.0.jar (com.google.http-client:google-http-client-gson:2.1.0) with IdentityTransform
Transforming google-http-client-apache-v2-1.42.3.jar (com.google.http-client:google-http-client-apache-v2:1.42.3) with IdentityTransform
Transforming google-http-client-2.1.0.jar (com.google.http-client:google-http-client:2.1.0) with IdentityTransform
Transforming api-common-2.53.0.jar (com.google.api:api-common:2.53.0) with IdentityTransform
Transforming opencensus-contrib-http-util-0.31.1.jar (io.opencensus:opencensus-contrib-http-util:0.31.1) with IdentityTransform
Transforming guava-33.6.0-android.jar (com.google.guava:guava:33.6.0-jre) with IdentityTransform
Transforming netty-codec-http2-4.1.132.Final.jar (io.netty:netty-codec-http2:4.1.132.Final) with IdentityTransform
Transforming netty-codec-http-4.1.132.Final.jar (io.netty:netty-codec-http:4.1.132.Final) with IdentityTransform
Transforming netty-handler-4.1.132.Final.jar (io.netty:netty-handler:4.1.132.Final) with IdentityTransform
Transforming netty-codec-4.1.132.Final.jar (io.netty:netty-codec:4.1.132.Final) with IdentityTransform
Transforming netty-transport-native-unix-common-4.1.132.Final.jar (io.netty:netty-transport-native-unix-common:4.1.132.Final) with IdentityTransform
Transforming netty-transport-4.1.132.Final.jar (io.netty:netty-transport:4.1.132.Final) with IdentityTransform
Transforming netty-buffer-4.1.132.Final.jar (io.netty:netty-buffer:4.1.132.Final) with IdentityTransform
Transforming netty-resolver-4.1.132.Final.jar (io.netty:netty-resolver:4.1.132.Final) with IdentityTransform
Transforming netty-common-4.1.132.Final.jar (io.netty:netty-common:4.1.132.Final) with IdentityTransform
Transforming commons-net-3.10.0.jar (commons-net:commons-net:3.10.0) with IdentityTransform
Transforming sshj-0.40.0.jar (com.hierynomus:sshj:0.40.0) with IdentityTransform
Transforming slf4j-nop-2.0.12.jar (org.slf4j:slf4j-nop:2.0.12) with IdentityTransform
Transforming bcpkix-jdk18on-1.84.jar (org.bouncycastle:bcpkix-jdk18on:1.84) with IdentityTransform
Transforming bcutil-jdk18on-1.84.jar (org.bouncycastle:bcutil-jdk18on:1.84) with IdentityTransform
Transforming bcprov-jdk18on-1.84.jar (org.bouncycastle:bcprov-jdk18on:1.84) with IdentityTransform
Transforming annotations-23.0.0.jar (org.jetbrains:annotations:23.0.0) with IdentityTransform
Transforming asn-one-0.6.0.jar (com.hierynomus:asn-one:0.6.0) with IdentityTransform
Transforming slf4j-api-2.0.17.jar (org.slf4j:slf4j-api:2.0.17) with IdentityTransform
Transforming failureaccess-1.0.3.jar (com.google.guava:failureaccess:1.0.3) with IdentityTransform
Transforming jspecify-1.0.0.jar (org.jspecify:jspecify:1.0.0) with IdentityTransform
Transforming tink-android-1.8.0.jar (com.google.crypto.tink:tink-android:1.8.0) with IdentityTransform
Transforming gson-2.12.1.jar (com.google.code.gson:gson:2.12.1) with IdentityTransform
Transforming error_prone_annotations-2.47.0.jar (com.google.errorprone:error_prone_annotations:2.47.0) with IdentityTransform
Transforming j2objc-annotations-3.1.jar (com.google.j2objc:j2objc-annotations:3.1) with IdentityTransform
Transforming terminal-emulator-v0.118.3.aar (com.github.termux.termux-app:terminal-emulator:v0.118.3) with AarToClassTransform
Transforming hiddenapibypass-6.1.aar (org.lsposed.hiddenapibypass:hiddenapibypass:6.1) with AarToClassTransform
Transforming auto-value-annotations-1.11.0.jar (com.google.auto.value:auto-value-annotations:1.11.0) with IdentityTransform
Transforming jsr305-3.0.2.jar (com.google.code.findbugs:jsr305:3.0.2) with IdentityTransform
Transforming google-auth-library-credentials-1.46.0.jar (com.google.auth:google-auth-library-credentials:1.46.0) with IdentityTransform
Transforming commonmark-ext-gfm-strikethrough-0.13.0.jar (com.atlassian.commonmark:commonmark-ext-gfm-strikethrough:0.13.0) with IdentityTransform
Transforming commonmark-0.13.0.jar (com.atlassian.commonmark:commonmark:0.13.0) with IdentityTransform
Transforming httpclient-4.5.14.jar (org.apache.httpcomponents:httpclient:4.5.14) with IdentityTransform
Transforming commons-codec-1.15.jar (commons-codec:commons-codec:1.15) with IdentityTransform
Transforming httpcore-4.4.16.jar (org.apache.httpcomponents:httpcore:4.4.16) with IdentityTransform
Transforming opencensus-api-0.31.1.jar (io.opencensus:opencensus-api:0.31.1) with IdentityTransform
Transforming grpc-context-1.70.0.jar (io.grpc:grpc-context:1.70.0) with IdentityTransform
Transforming javax.annotation-api-1.3.2.jar (javax.annotation:javax.annotation-api:1.3.2) with IdentityTransform
Transforming constraintlayout-solver-2.0.1.jar (androidx.constraintlayout:constraintlayout-solver:2.0.1) with IdentityTransform
Transforming javax.inject-1.jar (javax.inject:javax.inject:1) with IdentityTransform
Transforming grpc-api-1.70.0.jar (io.grpc:grpc-api:1.70.0) with IdentityTransform
Transforming ui-test-release.aar (androidx.compose.ui:ui-test-android:1.6.7) with AarToClassTransform
Transforming ui-test-junit4-release.aar (androidx.compose.ui:ui-test-junit4-android:1.6.7) with AarToClassTransform
Transforming junit-1.2.1.aar (androidx.test.ext:junit:1.2.1) with AarToClassTransform
Transforming espresso-intents-3.6.1.aar (androidx.test.espresso:espresso-intents:3.6.1) with AarToClassTransform
Transforming espresso-core-3.6.1.aar (androidx.test.espresso:espresso-core:3.6.1) with AarToClassTransform
Transforming rules-1.7.0.aar (androidx.test:rules:1.7.0) with AarToClassTransform
Transforming uiautomator-2.3.0.aar (androidx.test.uiautomator:uiautomator:2.3.0) with AarToClassTransform
Transforming sshd-core-2.17.1.jar (org.apache.sshd:sshd-core:2.17.1) with IdentityTransform
Transforming core-1.6.1.aar (androidx.test:core:1.6.1) with AarToClassTransform
Transforming concurrent-futures-ktx-1.1.0.jar (androidx.concurrent:concurrent-futures-ktx:1.1.0) with IdentityTransform
Transforming runner-1.7.0.aar (androidx.test:runner:1.7.0) with AarToClassTransform
Transforming storage-1.6.0.aar (androidx.test.services:storage:1.6.0) with AarToClassTransform
Transforming monitor-1.8.0.aar (androidx.test:monitor:1.8.0) with AarToClassTransform
Transforming kotlinx-coroutines-test-jvm-1.7.3.jar (org.jetbrains.kotlinx:kotlinx-coroutines-test-jvm:1.7.3) with IdentityTransform
Transforming sshd-common-2.17.1.jar (org.apache.sshd:sshd-common:2.17.1) with IdentityTransform
Transforming jcl-over-slf4j-1.7.36.jar (org.slf4j:jcl-over-slf4j:1.7.36) with IdentityTransform
Transforming junit-4.13.2.jar (junit:junit:4.13.2) with IdentityTransform
Transforming espresso-idling-resource-3.6.1.aar (androidx.test.espresso:espresso-idling-resource:3.6.1) with AarToClassTransform
Transforming hamcrest-library-1.3.jar (org.hamcrest:hamcrest-library:1.3) with IdentityTransform
Transforming hamcrest-core-1.3.jar (org.hamcrest:hamcrest-core:1.3) with IdentityTransform

FAILURE: Build failed with an exception.

* What went wrong:
Execution failed for task ':app:connectedDebugAndroidTest'.
> There were failing tests. See the report at: file:///home/adamoutler/git/ssh/app/build/reports/androidTests/connected/debug/index.html

* Try:
> Run with --stacktrace option to get the stack trace.
> Run with --debug option to get more log output.
> Run with --scan to get full insights.
> Get more help at https://help.gradle.org.

BUILD FAILED in 36s
76 actionable tasks: 14 executed, 62 up-to-date
