Scorecard analysis	Set up job	﻿2026-05-11T21:18:01.0492847Z Current runner version: '2.334.0'
Scorecard analysis	Set up job	2026-05-11T21:18:01.0518866Z ##[group]Runner Image Provisioner
Scorecard analysis	Set up job	2026-05-11T21:18:01.0519686Z Hosted Compute Agent
Scorecard analysis	Set up job	2026-05-11T21:18:01.0520222Z Version: 20260213.493
Scorecard analysis	Set up job	2026-05-11T21:18:01.0520812Z Commit: 5c115507f6dd24b8de37d8bbe0bb4509d0cc0fa3
Scorecard analysis	Set up job	2026-05-11T21:18:01.0521422Z Build Date: 2026-02-13T00:28:41Z
Scorecard analysis	Set up job	2026-05-11T21:18:01.0522035Z Worker ID: {d1d8dbcb-4427-4fa6-bb11-a8828e9b0497}
Scorecard analysis	Set up job	2026-05-11T21:18:01.0522645Z Azure Region: westus3
Scorecard analysis	Set up job	2026-05-11T21:18:01.0523149Z ##[endgroup]
Scorecard analysis	Set up job	2026-05-11T21:18:01.0524617Z ##[group]Operating System
Scorecard analysis	Set up job	2026-05-11T21:18:01.0525292Z Ubuntu
Scorecard analysis	Set up job	2026-05-11T21:18:01.0525687Z 24.04.4
Scorecard analysis	Set up job	2026-05-11T21:18:01.0526079Z LTS
Scorecard analysis	Set up job	2026-05-11T21:18:01.0526559Z ##[endgroup]
Scorecard analysis	Set up job	2026-05-11T21:18:01.0527025Z ##[group]Runner Image
Scorecard analysis	Set up job	2026-05-11T21:18:01.0527501Z Image: ubuntu-24.04
Scorecard analysis	Set up job	2026-05-11T21:18:01.0527998Z Version: 20260413.86.1
Scorecard analysis	Set up job	2026-05-11T21:18:01.0528876Z Included Software: https://github.com/actions/runner-images/blob/ubuntu24/20260413.86/images/ubuntu/Ubuntu2404-Readme.md
Scorecard analysis	Set up job	2026-05-11T21:18:01.0530341Z Image Release: https://github.com/actions/runner-images/releases/tag/ubuntu24%2F20260413.86
Scorecard analysis	Set up job	2026-05-11T21:18:01.0531118Z ##[endgroup]
Scorecard analysis	Set up job	2026-05-11T21:18:01.0532153Z ##[group]GITHUB_TOKEN Permissions
Scorecard analysis	Set up job	2026-05-11T21:18:01.0534305Z Actions: read
Scorecard analysis	Set up job	2026-05-11T21:18:01.0534856Z Contents: read
Scorecard analysis	Set up job	2026-05-11T21:18:01.0535326Z Metadata: read
Scorecard analysis	Set up job	2026-05-11T21:18:01.0535805Z SecurityEvents: write
Scorecard analysis	Set up job	2026-05-11T21:18:01.0536303Z ##[endgroup]
Scorecard analysis	Set up job	2026-05-11T21:18:01.0538497Z Secret source: Actions
Scorecard analysis	Set up job	2026-05-11T21:18:01.0539174Z Prepare workflow directory
Scorecard analysis	Set up job	2026-05-11T21:18:01.0914650Z Prepare all required actions
Scorecard analysis	Set up job	2026-05-11T21:18:01.0953495Z Getting action download info
Scorecard analysis	Set up job	2026-05-11T21:18:01.5601684Z Download action repository 'actions/checkout@v4' (SHA:34e114876b0b11c390a56381ad16ebd13914f8d5)
Scorecard analysis	Set up job	2026-05-11T21:18:01.6655204Z Download action repository 'ossf/scorecard-action@v2.4.0' (SHA:62b2cac7ed8198b15735ed49ab1e5cf35480ba46)
Scorecard analysis	Set up job	2026-05-11T21:18:02.6168946Z Download action repository 'actions/upload-artifact@v4' (SHA:ea165f8d65b6e75b540449e92b4886f43607fa02)
Scorecard analysis	Set up job	2026-05-11T21:18:02.7008852Z Download action repository 'github/codeql-action@v3' (SHA:7fd177fa680c9881b53cdab4d346d32574c9f7f4)
Scorecard analysis	Set up job	2026-05-11T21:18:04.3352035Z Complete job name: Scorecard analysis
Scorecard analysis	Pull gcr.io/openssf/scorecard-action:v2.4.0	﻿2026-05-11T21:18:04.3756151Z ##[group]Pull down action image 'gcr.io/openssf/scorecard-action:v2.4.0'
Scorecard analysis	Pull gcr.io/openssf/scorecard-action:v2.4.0	2026-05-11T21:18:04.3792203Z ##[command]/usr/bin/docker pull gcr.io/openssf/scorecard-action:v2.4.0
Scorecard analysis	Pull gcr.io/openssf/scorecard-action:v2.4.0	2026-05-11T21:18:05.4717823Z v2.4.0: Pulling from openssf/scorecard-action
Scorecard analysis	Pull gcr.io/openssf/scorecard-action:v2.4.0	2026-05-11T21:18:05.4719121Z f531499c6b73: Pulling fs layer
Scorecard analysis	Pull gcr.io/openssf/scorecard-action:v2.4.0	2026-05-11T21:18:05.4719561Z e8d9a567199d: Pulling fs layer
Scorecard analysis	Pull gcr.io/openssf/scorecard-action:v2.4.0	2026-05-11T21:18:05.4719923Z 058cf3d8c2ba: Pulling fs layer
Scorecard analysis	Pull gcr.io/openssf/scorecard-action:v2.4.0	2026-05-11T21:18:05.4720368Z b6824ed73363: Pulling fs layer
Scorecard analysis	Pull gcr.io/openssf/scorecard-action:v2.4.0	2026-05-11T21:18:05.4720757Z 7c12895b777b: Pulling fs layer
Scorecard analysis	Pull gcr.io/openssf/scorecard-action:v2.4.0	2026-05-11T21:18:05.4721118Z 33e068de2649: Pulling fs layer
Scorecard analysis	Pull gcr.io/openssf/scorecard-action:v2.4.0	2026-05-11T21:18:05.4721808Z 5664b15f108b: Pulling fs layer
Scorecard analysis	Pull gcr.io/openssf/scorecard-action:v2.4.0	2026-05-11T21:18:05.4722398Z 27be814a09eb: Pulling fs layer
Scorecard analysis	Pull gcr.io/openssf/scorecard-action:v2.4.0	2026-05-11T21:18:05.4722835Z 4aa0ea1413d3: Pulling fs layer
Scorecard analysis	Pull gcr.io/openssf/scorecard-action:v2.4.0	2026-05-11T21:18:05.4723420Z da7816fa955e: Pulling fs layer
Scorecard analysis	Pull gcr.io/openssf/scorecard-action:v2.4.0	2026-05-11T21:18:05.4723864Z 9aee425378d2: Pulling fs layer
Scorecard analysis	Pull gcr.io/openssf/scorecard-action:v2.4.0	2026-05-11T21:18:05.4724494Z b3ae1613dfe7: Pulling fs layer
Scorecard analysis	Pull gcr.io/openssf/scorecard-action:v2.4.0	2026-05-11T21:18:05.4814839Z 77821ab7bc72: Pulling fs layer
Scorecard analysis	Pull gcr.io/openssf/scorecard-action:v2.4.0	2026-05-11T21:18:05.4815636Z 59e89a66a8c9: Pulling fs layer
Scorecard analysis	Pull gcr.io/openssf/scorecard-action:v2.4.0	2026-05-11T21:18:05.4816083Z 95c38f63ec3e: Pulling fs layer
Scorecard analysis	Pull gcr.io/openssf/scorecard-action:v2.4.0	2026-05-11T21:18:05.4816393Z b6824ed73363: Waiting
Scorecard analysis	Pull gcr.io/openssf/scorecard-action:v2.4.0	2026-05-11T21:18:05.4816679Z 7c12895b777b: Waiting
Scorecard analysis	Pull gcr.io/openssf/scorecard-action:v2.4.0	2026-05-11T21:18:05.4816994Z 33e068de2649: Waiting
Scorecard analysis	Pull gcr.io/openssf/scorecard-action:v2.4.0	2026-05-11T21:18:05.4817286Z 5664b15f108b: Waiting
Scorecard analysis	Pull gcr.io/openssf/scorecard-action:v2.4.0	2026-05-11T21:18:05.4817460Z 27be814a09eb: Waiting
Scorecard analysis	Pull gcr.io/openssf/scorecard-action:v2.4.0	2026-05-11T21:18:05.4817645Z 4aa0ea1413d3: Waiting
Scorecard analysis	Pull gcr.io/openssf/scorecard-action:v2.4.0	2026-05-11T21:18:05.4817929Z da7816fa955e: Waiting
Scorecard analysis	Pull gcr.io/openssf/scorecard-action:v2.4.0	2026-05-11T21:18:05.4818209Z 9aee425378d2: Waiting
Scorecard analysis	Pull gcr.io/openssf/scorecard-action:v2.4.0	2026-05-11T21:18:05.4818480Z b3ae1613dfe7: Waiting
Scorecard analysis	Pull gcr.io/openssf/scorecard-action:v2.4.0	2026-05-11T21:18:05.4818782Z 77821ab7bc72: Waiting
Scorecard analysis	Pull gcr.io/openssf/scorecard-action:v2.4.0	2026-05-11T21:18:05.4819061Z 59e89a66a8c9: Waiting
Scorecard analysis	Pull gcr.io/openssf/scorecard-action:v2.4.0	2026-05-11T21:18:05.4819382Z 95c38f63ec3e: Waiting
Scorecard analysis	Pull gcr.io/openssf/scorecard-action:v2.4.0	2026-05-11T21:18:05.8210265Z f531499c6b73: Verifying Checksum
Scorecard analysis	Pull gcr.io/openssf/scorecard-action:v2.4.0	2026-05-11T21:18:05.8212570Z f531499c6b73: Download complete
Scorecard analysis	Pull gcr.io/openssf/scorecard-action:v2.4.0	2026-05-11T21:18:05.8445794Z f531499c6b73: Pull complete
Scorecard analysis	Pull gcr.io/openssf/scorecard-action:v2.4.0	2026-05-11T21:18:05.8591689Z 058cf3d8c2ba: Verifying Checksum
Scorecard analysis	Pull gcr.io/openssf/scorecard-action:v2.4.0	2026-05-11T21:18:05.8592166Z 058cf3d8c2ba: Download complete
Scorecard analysis	Pull gcr.io/openssf/scorecard-action:v2.4.0	2026-05-11T21:18:05.9034019Z e8d9a567199d: Verifying Checksum
Scorecard analysis	Pull gcr.io/openssf/scorecard-action:v2.4.0	2026-05-11T21:18:05.9034738Z e8d9a567199d: Download complete
Scorecard analysis	Pull gcr.io/openssf/scorecard-action:v2.4.0	2026-05-11T21:18:05.9266345Z e8d9a567199d: Pull complete
Scorecard analysis	Pull gcr.io/openssf/scorecard-action:v2.4.0	2026-05-11T21:18:06.0859739Z b6824ed73363: Verifying Checksum
Scorecard analysis	Pull gcr.io/openssf/scorecard-action:v2.4.0	2026-05-11T21:18:06.0861024Z b6824ed73363: Download complete
Scorecard analysis	Pull gcr.io/openssf/scorecard-action:v2.4.0	2026-05-11T21:18:06.1539191Z 058cf3d8c2ba: Pull complete
Scorecard analysis	Pull gcr.io/openssf/scorecard-action:v2.4.0	2026-05-11T21:18:06.1619469Z b6824ed73363: Pull complete
Scorecard analysis	Pull gcr.io/openssf/scorecard-action:v2.4.0	2026-05-11T21:18:06.2975258Z 7c12895b777b: Verifying Checksum
Scorecard analysis	Pull gcr.io/openssf/scorecard-action:v2.4.0	2026-05-11T21:18:06.2998182Z 33e068de2649: Verifying Checksum
Scorecard analysis	Pull gcr.io/openssf/scorecard-action:v2.4.0	2026-05-11T21:18:06.3006030Z 33e068de2649: Download complete
Scorecard analysis	Pull gcr.io/openssf/scorecard-action:v2.4.0	2026-05-11T21:18:06.3087346Z 7c12895b777b: Pull complete
Scorecard analysis	Pull gcr.io/openssf/scorecard-action:v2.4.0	2026-05-11T21:18:06.3174814Z 33e068de2649: Pull complete
Scorecard analysis	Pull gcr.io/openssf/scorecard-action:v2.4.0	2026-05-11T21:18:06.3657896Z 5664b15f108b: Download complete
Scorecard analysis	Pull gcr.io/openssf/scorecard-action:v2.4.0	2026-05-11T21:18:06.3730790Z 5664b15f108b: Pull complete
Scorecard analysis	Pull gcr.io/openssf/scorecard-action:v2.4.0	2026-05-11T21:18:06.5650413Z 4aa0ea1413d3: Verifying Checksum
Scorecard analysis	Pull gcr.io/openssf/scorecard-action:v2.4.0	2026-05-11T21:18:06.5652797Z 4aa0ea1413d3: Download complete
Scorecard analysis	Pull gcr.io/openssf/scorecard-action:v2.4.0	2026-05-11T21:18:06.6340368Z da7816fa955e: Verifying Checksum
Scorecard analysis	Pull gcr.io/openssf/scorecard-action:v2.4.0	2026-05-11T21:18:06.6341073Z da7816fa955e: Download complete
Scorecard analysis	Pull gcr.io/openssf/scorecard-action:v2.4.0	2026-05-11T21:18:06.7301059Z 27be814a09eb: Verifying Checksum
Scorecard analysis	Pull gcr.io/openssf/scorecard-action:v2.4.0	2026-05-11T21:18:06.7301935Z 27be814a09eb: Download complete
Scorecard analysis	Pull gcr.io/openssf/scorecard-action:v2.4.0	2026-05-11T21:18:06.7402708Z 27be814a09eb: Pull complete
Scorecard analysis	Pull gcr.io/openssf/scorecard-action:v2.4.0	2026-05-11T21:18:06.7487377Z 4aa0ea1413d3: Pull complete
Scorecard analysis	Pull gcr.io/openssf/scorecard-action:v2.4.0	2026-05-11T21:18:06.7582801Z da7816fa955e: Pull complete
Scorecard analysis	Pull gcr.io/openssf/scorecard-action:v2.4.0	2026-05-11T21:18:06.8934908Z 9aee425378d2: Verifying Checksum
Scorecard analysis	Pull gcr.io/openssf/scorecard-action:v2.4.0	2026-05-11T21:18:06.8937138Z 9aee425378d2: Download complete
Scorecard analysis	Pull gcr.io/openssf/scorecard-action:v2.4.0	2026-05-11T21:18:06.9041048Z 9aee425378d2: Pull complete
Scorecard analysis	Pull gcr.io/openssf/scorecard-action:v2.4.0	2026-05-11T21:18:07.1472717Z 77821ab7bc72: Verifying Checksum
Scorecard analysis	Pull gcr.io/openssf/scorecard-action:v2.4.0	2026-05-11T21:18:07.1473591Z 77821ab7bc72: Download complete
Scorecard analysis	Pull gcr.io/openssf/scorecard-action:v2.4.0	2026-05-11T21:18:07.2325399Z b3ae1613dfe7: Verifying Checksum
Scorecard analysis	Pull gcr.io/openssf/scorecard-action:v2.4.0	2026-05-11T21:18:07.2326152Z b3ae1613dfe7: Download complete
Scorecard analysis	Pull gcr.io/openssf/scorecard-action:v2.4.0	2026-05-11T21:18:07.3545465Z b3ae1613dfe7: Pull complete
Scorecard analysis	Pull gcr.io/openssf/scorecard-action:v2.4.0	2026-05-11T21:18:07.4006522Z 77821ab7bc72: Pull complete
Scorecard analysis	Pull gcr.io/openssf/scorecard-action:v2.4.0	2026-05-11T21:18:07.4095626Z 95c38f63ec3e: Verifying Checksum
Scorecard analysis	Pull gcr.io/openssf/scorecard-action:v2.4.0	2026-05-11T21:18:07.4096041Z 95c38f63ec3e: Download complete
Scorecard analysis	Pull gcr.io/openssf/scorecard-action:v2.4.0	2026-05-11T21:18:07.5844388Z 59e89a66a8c9: Verifying Checksum
Scorecard analysis	Pull gcr.io/openssf/scorecard-action:v2.4.0	2026-05-11T21:18:07.5844909Z 59e89a66a8c9: Download complete
Scorecard analysis	Pull gcr.io/openssf/scorecard-action:v2.4.0	2026-05-11T21:18:07.9168174Z 59e89a66a8c9: Pull complete
Scorecard analysis	Pull gcr.io/openssf/scorecard-action:v2.4.0	2026-05-11T21:18:07.9273004Z 95c38f63ec3e: Pull complete
Scorecard analysis	Pull gcr.io/openssf/scorecard-action:v2.4.0	2026-05-11T21:18:07.9306897Z Digest: sha256:f0644df4f88751878e134d868aa64ffe7adec415974b1151c6ebf4ac8a0c259f
Scorecard analysis	Pull gcr.io/openssf/scorecard-action:v2.4.0	2026-05-11T21:18:07.9319256Z Status: Downloaded newer image for gcr.io/openssf/scorecard-action:v2.4.0
Scorecard analysis	Pull gcr.io/openssf/scorecard-action:v2.4.0	2026-05-11T21:18:07.9331650Z gcr.io/openssf/scorecard-action:v2.4.0
Scorecard analysis	Pull gcr.io/openssf/scorecard-action:v2.4.0	2026-05-11T21:18:07.9350912Z ##[endgroup]
Scorecard analysis	Checkout code	﻿2026-05-11T21:18:07.9676757Z ##[group]Run actions/checkout@v4
Scorecard analysis	Checkout code	2026-05-11T21:18:07.9677226Z with:
Scorecard analysis	Checkout code	2026-05-11T21:18:07.9677433Z   persist-credentials: false
Scorecard analysis	Checkout code	2026-05-11T21:18:07.9677659Z   repository: adamoutler/cossh
Scorecard analysis	Checkout code	2026-05-11T21:18:07.9678165Z   token: ***
Scorecard analysis	Checkout code	2026-05-11T21:18:07.9678348Z   ssh-strict: true
Scorecard analysis	Checkout code	2026-05-11T21:18:07.9678519Z   ssh-user: git
Scorecard analysis	Checkout code	2026-05-11T21:18:07.9678689Z   clean: true
Scorecard analysis	Checkout code	2026-05-11T21:18:07.9678873Z   sparse-checkout-cone-mode: true
Scorecard analysis	Checkout code	2026-05-11T21:18:07.9679100Z   fetch-depth: 1
Scorecard analysis	Checkout code	2026-05-11T21:18:07.9679266Z   fetch-tags: false
Scorecard analysis	Checkout code	2026-05-11T21:18:07.9679450Z   show-progress: true
Scorecard analysis	Checkout code	2026-05-11T21:18:07.9679623Z   lfs: false
Scorecard analysis	Checkout code	2026-05-11T21:18:07.9679783Z   submodules: false
Scorecard analysis	Checkout code	2026-05-11T21:18:07.9679961Z   set-safe-directory: true
Scorecard analysis	Checkout code	2026-05-11T21:18:07.9680309Z ##[endgroup]
Scorecard analysis	Checkout code	2026-05-11T21:18:08.0755960Z Syncing repository: adamoutler/cossh
Scorecard analysis	Checkout code	2026-05-11T21:18:08.0757753Z ##[group]Getting Git version info
Scorecard analysis	Checkout code	2026-05-11T21:18:08.0758134Z Working directory is '/home/runner/work/cossh/cossh'
Scorecard analysis	Checkout code	2026-05-11T21:18:08.0758653Z [command]/usr/bin/git version
Scorecard analysis	Checkout code	2026-05-11T21:18:08.0791974Z git version 2.53.0
Scorecard analysis	Checkout code	2026-05-11T21:18:08.0817375Z ##[endgroup]
Scorecard analysis	Checkout code	2026-05-11T21:18:08.0839988Z Temporarily overriding HOME='/home/runner/work/_temp/5f4ceebc-6b4e-4c8e-ac6a-31614eef0da6' before making global git config changes
Scorecard analysis	Checkout code	2026-05-11T21:18:08.0840994Z Adding repository directory to the temporary git global config as a safe directory
Scorecard analysis	Checkout code	2026-05-11T21:18:08.0845453Z [command]/usr/bin/git config --global --add safe.directory /home/runner/work/cossh/cossh
Scorecard analysis	Checkout code	2026-05-11T21:18:08.0874904Z Deleting the contents of '/home/runner/work/cossh/cossh'
Scorecard analysis	Checkout code	2026-05-11T21:18:08.0878040Z ##[group]Initializing the repository
Scorecard analysis	Checkout code	2026-05-11T21:18:08.0882378Z [command]/usr/bin/git init /home/runner/work/cossh/cossh
Scorecard analysis	Checkout code	2026-05-11T21:18:08.0958126Z hint: Using 'master' as the name for the initial branch. This default branch name
Scorecard analysis	Checkout code	2026-05-11T21:18:08.0959031Z hint: will change to "main" in Git 3.0. To configure the initial branch name
Scorecard analysis	Checkout code	2026-05-11T21:18:08.0959801Z hint: to use in all of your new repositories, which will suppress this warning,
Scorecard analysis	Checkout code	2026-05-11T21:18:08.0960393Z hint: call:
Scorecard analysis	Checkout code	2026-05-11T21:18:08.0960653Z hint:
Scorecard analysis	Checkout code	2026-05-11T21:18:08.0961115Z hint: 	git config --global init.defaultBranch <name>
Scorecard analysis	Checkout code	2026-05-11T21:18:08.0961576Z hint:
Scorecard analysis	Checkout code	2026-05-11T21:18:08.0962014Z hint: Names commonly chosen instead of 'master' are 'main', 'trunk' and
Scorecard analysis	Checkout code	2026-05-11T21:18:08.0962770Z hint: 'development'. The just-created branch can be renamed via this command:
Scorecard analysis	Checkout code	2026-05-11T21:18:08.0963363Z hint:
Scorecard analysis	Checkout code	2026-05-11T21:18:08.0963634Z hint: 	git branch -m <name>
Scorecard analysis	Checkout code	2026-05-11T21:18:08.0963934Z hint:
Scorecard analysis	Checkout code	2026-05-11T21:18:08.0964605Z hint: Disable this message with "git config set advice.defaultBranchName false"
Scorecard analysis	Checkout code	2026-05-11T21:18:08.0965391Z Initialized empty Git repository in /home/runner/work/cossh/cossh/.git/
Scorecard analysis	Checkout code	2026-05-11T21:18:08.0972120Z [command]/usr/bin/git remote add origin https://github.com/adamoutler/cossh
Scorecard analysis	Checkout code	2026-05-11T21:18:08.1000509Z ##[endgroup]
Scorecard analysis	Checkout code	2026-05-11T21:18:08.1000934Z ##[group]Disabling automatic garbage collection
Scorecard analysis	Checkout code	2026-05-11T21:18:08.1005300Z [command]/usr/bin/git config --local gc.auto 0
Scorecard analysis	Checkout code	2026-05-11T21:18:08.1030136Z ##[endgroup]
Scorecard analysis	Checkout code	2026-05-11T21:18:08.1030470Z ##[group]Setting up auth
Scorecard analysis	Checkout code	2026-05-11T21:18:08.1037805Z [command]/usr/bin/git config --local --name-only --get-regexp core\.sshCommand
Scorecard analysis	Checkout code	2026-05-11T21:18:08.1063804Z [command]/usr/bin/git submodule foreach --recursive sh -c "git config --local --name-only --get-regexp 'core\.sshCommand' && git config --local --unset-all 'core.sshCommand' || :"
Scorecard analysis	Checkout code	2026-05-11T21:18:08.1309854Z [command]/usr/bin/git config --local --name-only --get-regexp http\.https\:\/\/github\.com\/\.extraheader
Scorecard analysis	Checkout code	2026-05-11T21:18:08.1335884Z [command]/usr/bin/git submodule foreach --recursive sh -c "git config --local --name-only --get-regexp 'http\.https\:\/\/github\.com\/\.extraheader' && git config --local --unset-all 'http.https://github.com/.extraheader' || :"
Scorecard analysis	Checkout code	2026-05-11T21:18:08.1517520Z [command]/usr/bin/git config --local --name-only --get-regexp ^includeIf\.gitdir:
Scorecard analysis	Checkout code	2026-05-11T21:18:08.1557189Z [command]/usr/bin/git submodule foreach --recursive git config --local --show-origin --name-only --get-regexp remote.origin.url
Scorecard analysis	Checkout code	2026-05-11T21:18:08.1743470Z [command]/usr/bin/git config --local http.https://github.com/.extraheader AUTHORIZATION: basic ***
Scorecard analysis	Checkout code	2026-05-11T21:18:08.1776428Z ##[endgroup]
Scorecard analysis	Checkout code	2026-05-11T21:18:08.1777067Z ##[group]Fetching the repository
Scorecard analysis	Checkout code	2026-05-11T21:18:08.1785027Z [command]/usr/bin/git -c protocol.version=2 fetch --no-tags --prune --no-recurse-submodules --depth=1 origin +399675bde8a03129fd2f78b1d5104b496df8ebe8:refs/remotes/origin/main
Scorecard analysis	Checkout code	2026-05-11T21:18:09.7509613Z From https://github.com/adamoutler/cossh
Scorecard analysis	Checkout code	2026-05-11T21:18:09.7510380Z  * [new ref]         399675bde8a03129fd2f78b1d5104b496df8ebe8 -> origin/main
Scorecard analysis	Checkout code	2026-05-11T21:18:09.7533751Z ##[endgroup]
Scorecard analysis	Checkout code	2026-05-11T21:18:09.7534351Z ##[group]Determining the checkout info
Scorecard analysis	Checkout code	2026-05-11T21:18:09.7536461Z ##[endgroup]
Scorecard analysis	Checkout code	2026-05-11T21:18:09.7541410Z [command]/usr/bin/git sparse-checkout disable
Scorecard analysis	Checkout code	2026-05-11T21:18:09.7573539Z [command]/usr/bin/git config --local --unset-all extensions.worktreeConfig
Scorecard analysis	Checkout code	2026-05-11T21:18:09.7597265Z ##[group]Checking out the ref
Scorecard analysis	Checkout code	2026-05-11T21:18:09.7601409Z [command]/usr/bin/git checkout --progress --force -B main refs/remotes/origin/main
Scorecard analysis	Checkout code	2026-05-11T21:18:09.8735403Z Switched to a new branch 'main'
Scorecard analysis	Checkout code	2026-05-11T21:18:09.8736342Z branch 'main' set up to track 'origin/main'.
Scorecard analysis	Checkout code	2026-05-11T21:18:09.8751045Z ##[endgroup]
Scorecard analysis	Checkout code	2026-05-11T21:18:09.8783789Z [command]/usr/bin/git log -1 --format=%H
Scorecard analysis	Checkout code	2026-05-11T21:18:09.8804588Z 399675bde8a03129fd2f78b1d5104b496df8ebe8
Scorecard analysis	Checkout code	2026-05-11T21:18:09.8814679Z ##[group]Removing auth
Scorecard analysis	Checkout code	2026-05-11T21:18:09.8820275Z [command]/usr/bin/git config --local --name-only --get-regexp core\.sshCommand
Scorecard analysis	Checkout code	2026-05-11T21:18:09.8847461Z [command]/usr/bin/git submodule foreach --recursive sh -c "git config --local --name-only --get-regexp 'core\.sshCommand' && git config --local --unset-all 'core.sshCommand' || :"
Scorecard analysis	Checkout code	2026-05-11T21:18:09.9025846Z [command]/usr/bin/git config --local --name-only --get-regexp http\.https\:\/\/github\.com\/\.extraheader
Scorecard analysis	Checkout code	2026-05-11T21:18:09.9045679Z http.https://github.com/.extraheader
Scorecard analysis	Checkout code	2026-05-11T21:18:09.9054330Z [command]/usr/bin/git config --local --unset-all http.https://github.com/.extraheader
Scorecard analysis	Checkout code	2026-05-11T21:18:09.9082950Z [command]/usr/bin/git submodule foreach --recursive sh -c "git config --local --name-only --get-regexp 'http\.https\:\/\/github\.com\/\.extraheader' && git config --local --unset-all 'http.https://github.com/.extraheader' || :"
Scorecard analysis	Checkout code	2026-05-11T21:18:09.9264545Z [command]/usr/bin/git config --local --name-only --get-regexp ^includeIf\.gitdir:
Scorecard analysis	Checkout code	2026-05-11T21:18:09.9289641Z [command]/usr/bin/git submodule foreach --recursive git config --local --show-origin --name-only --get-regexp remote.origin.url
Scorecard analysis	Checkout code	2026-05-11T21:18:09.9463974Z ##[endgroup]
Scorecard analysis	Run analysis	﻿2026-05-11T21:18:09.9623619Z ##[group]Run ossf/scorecard-action@v2.4.0
Scorecard analysis	Run analysis	2026-05-11T21:18:09.9623906Z with:
Scorecard analysis	Run analysis	2026-05-11T21:18:09.9624389Z   results_file: results.sarif
Scorecard analysis	Run analysis	2026-05-11T21:18:09.9624647Z   results_format: sarif
Scorecard analysis	Run analysis	2026-05-11T21:18:09.9624841Z   publish_results: true
Scorecard analysis	Run analysis	2026-05-11T21:18:09.9625204Z   repo_token: ***
Scorecard analysis	Run analysis	2026-05-11T21:18:09.9625431Z   internal_publish_base_url: https://api.scorecard.dev
Scorecard analysis	Run analysis	2026-05-11T21:18:09.9625825Z   internal_default_token: ***
Scorecard analysis	Run analysis	2026-05-11T21:18:09.9626055Z ##[endgroup]
Scorecard analysis	Run analysis	2026-05-11T21:18:09.9729441Z ##[command]/usr/bin/docker run --name gcrioopenssfscorecardactionv240_f84088 --label f954f7 --workdir /github/workspace --rm -e "INPUT_RESULTS_FILE" -e "INPUT_RESULTS_FORMAT" -e "INPUT_PUBLISH_RESULTS" -e "INPUT_REPO_TOKEN" -e "INPUT_INTERNAL_PUBLISH_BASE_URL" -e "INPUT_INTERNAL_DEFAULT_TOKEN" -e "HOME" -e "GITHUB_JOB" -e "GITHUB_REF" -e "GITHUB_SHA" -e "GITHUB_REPOSITORY" -e "GITHUB_REPOSITORY_OWNER" -e "GITHUB_REPOSITORY_OWNER_ID" -e "GITHUB_RUN_ID" -e "GITHUB_RUN_NUMBER" -e "GITHUB_RETENTION_DAYS" -e "GITHUB_RUN_ATTEMPT" -e "GITHUB_ACTOR_ID" -e "GITHUB_ACTOR" -e "GITHUB_WORKFLOW" -e "GITHUB_HEAD_REF" -e "GITHUB_BASE_REF" -e "GITHUB_EVENT_NAME" -e "GITHUB_SERVER_URL" -e "GITHUB_API_URL" -e "GITHUB_GRAPHQL_URL" -e "GITHUB_REF_NAME" -e "GITHUB_REF_PROTECTED" -e "GITHUB_REF_TYPE" -e "GITHUB_WORKFLOW_REF" -e "GITHUB_WORKFLOW_SHA" -e "GITHUB_REPOSITORY_ID" -e "GITHUB_TRIGGERING_ACTOR" -e "GITHUB_WORKSPACE" -e "GITHUB_ACTION" -e "GITHUB_EVENT_PATH" -e "GITHUB_ACTION_REPOSITORY" -e "GITHUB_ACTION_REF" -e "GITHUB_PATH" -e "GITHUB_ENV" -e "GITHUB_STEP_SUMMARY" -e "GITHUB_STATE" -e "GITHUB_OUTPUT" -e "RUNNER_OS" -e "RUNNER_ARCH" -e "RUNNER_NAME" -e "RUNNER_ENVIRONMENT" -e "RUNNER_TOOL_CACHE" -e "RUNNER_TEMP" -e "RUNNER_WORKSPACE" -e "ACTIONS_RUNTIME_URL" -e "ACTIONS_RUNTIME_TOKEN" -e "ACTIONS_CACHE_URL" -e "ACTIONS_ID_TOKEN_REQUEST_URL" -e "ACTIONS_ID_TOKEN_REQUEST_TOKEN" -e "ACTIONS_RESULTS_URL" -e "ACTIONS_ORCHESTRATION_ID" -e GITHUB_ACTIONS=true -e CI=true -v "/var/run/docker.sock":"/var/run/docker.sock" -v "/home/runner/work/_temp":"/github/runner_temp" -v "/home/runner/work/_temp/_github_home":"/github/home" -v "/home/runner/work/_temp/_github_workflow":"/github/workflow" -v "/home/runner/work/_temp/_runner_file_commands":"/github/file_commands" -v "/home/runner/work/cossh/cossh":"/github/workspace" gcr.io/openssf/scorecard-action:v2.4.0
Scorecard analysis	Run analysis	2026-05-11T21:18:10.1539518Z 2026/05/11 21:18:10 getting repo info from file: /github/workflow/event.json
Scorecard analysis	Run analysis	2026-05-11T21:18:10.1547337Z EnvGithubAuthToken: GITHUB_AUTH_TOKEN ***
Scorecard analysis	Run analysis	2026-05-11T21:18:10.1547755Z Scorecard options:
Scorecard analysis	Run analysis	2026-05-11T21:18:10.1548026Z Ref: HEAD
Scorecard analysis	Run analysis	2026-05-11T21:18:10.1548264Z Repository: adamoutler/cossh
Scorecard analysis	Run analysis	2026-05-11T21:18:10.1548623Z Local: 
Scorecard analysis	Run analysis	2026-05-11T21:18:10.1548872Z Format: sarif
Scorecard analysis	Run analysis	2026-05-11T21:18:10.1549151Z Policy file: /policy.yml
Scorecard analysis	Run analysis	2026-05-11T21:18:10.1549394Z 
Scorecard analysis	Run analysis	2026-05-11T21:18:10.1549551Z Event / repo information:
Scorecard analysis	Run analysis	2026-05-11T21:18:10.1549960Z Event file: /github/workflow/event.json
Scorecard analysis	Run analysis	2026-05-11T21:18:10.1550426Z Event name: push
Scorecard analysis	Run analysis	2026-05-11T21:18:10.1550729Z Fork repository: false
Scorecard analysis	Run analysis	2026-05-11T21:18:10.1551061Z Private repository: false
Scorecard analysis	Run analysis	2026-05-11T21:18:10.1574769Z 2026/05/11 21:18:10 {
Scorecard analysis	Run analysis	2026-05-11T21:18:10.1575186Z Publication enabled: false
Scorecard analysis	Run analysis	2026-05-11T21:18:10.1575549Z Default branch: main
Scorecard analysis	Run analysis	2026-05-11T21:18:10.1585076Z "after": "399675bde8a03129fd2f78b1d5104b496df8ebe8",
Scorecard analysis	Run analysis	2026-05-11T21:18:10.1585727Z "base_ref": null,
Scorecard analysis	Run analysis	2026-05-11T21:18:10.1586319Z "before": "fd760399a4515c1cd25f3279eddccea51ef71c87",
Scorecard analysis	Run analysis	2026-05-11T21:18:10.1587000Z "commits": [
Scorecard analysis	Run analysis	2026-05-11T21:18:10.1587445Z {
Scorecard analysis	Run analysis	2026-05-11T21:18:10.1587827Z "author": {
Scorecard analysis	Run analysis	2026-05-11T21:18:10.1588251Z "email": "adamoutler@gmail.com",
Scorecard analysis	Run analysis	2026-05-11T21:18:10.1588767Z "name": "Adam Outler",
Scorecard analysis	Run analysis	2026-05-11T21:18:10.1589230Z "username": "adamoutler"
Scorecard analysis	Run analysis	2026-05-11T21:18:10.1589702Z },
Scorecard analysis	Run analysis	2026-05-11T21:18:10.1590508Z "committer": {
Scorecard analysis	Run analysis	2026-05-11T21:18:10.1590961Z "email": "adamoutler@gmail.com",
Scorecard analysis	Run analysis	2026-05-11T21:18:10.1591479Z "name": "Adam Outler",
Scorecard analysis	Run analysis	2026-05-11T21:18:10.1591937Z "username": "adamoutler"
Scorecard analysis	Run analysis	2026-05-11T21:18:10.1592399Z },
Scorecard analysis	Run analysis	2026-05-11T21:18:10.1592774Z "distinct": true,
Scorecard analysis	Run analysis	2026-05-11T21:18:10.1593642Z "id": "399675bde8a03129fd2f78b1d5104b496df8ebe8",
Scorecard analysis	Run analysis	2026-05-11T21:18:10.1595276Z "message": "ci: Add OpenSSF Scorecard workflow (SSH-169)\n\nAdded ossf/scorecard-action to run on push to main and on schedule. It generates a SARIF file and uploads it to code-scanning.",
Scorecard analysis	Run analysis	2026-05-11T21:18:10.1596710Z "timestamp": "2026-05-11T17:17:51-04:00",
Scorecard analysis	Run analysis	2026-05-11T21:18:10.1597330Z "tree_id": "f8178e0138d4f80f92669e657ed471cd3fc9c112",
Scorecard analysis	Run analysis	2026-05-11T21:18:10.1598223Z "url": "https://github.com/adamoutler/cossh/commit/399675bde8a03129fd2f78b1d5104b496df8ebe8"
Scorecard analysis	Run analysis	2026-05-11T21:18:10.1599218Z }
Scorecard analysis	Run analysis	2026-05-11T21:18:10.1599603Z ],
Scorecard analysis	Run analysis	2026-05-11T21:18:10.1600250Z "compare": "https://github.com/adamoutler/cossh/compare/fd760399a451...399675bde8a0",
Scorecard analysis	Run analysis	2026-05-11T21:18:10.1601093Z "created": false,
Scorecard analysis	Run analysis	2026-05-11T21:18:10.1601530Z "deleted": false,
Scorecard analysis	Run analysis	2026-05-11T21:18:10.1601959Z "forced": false,
Scorecard analysis	Run analysis	2026-05-11T21:18:10.1602378Z "head_commit": {
Scorecard analysis	Run analysis	2026-05-11T21:18:10.1602794Z "author": {
Scorecard analysis	Run analysis	2026-05-11T21:18:10.1603239Z "email": "adamoutler@gmail.com",
Scorecard analysis	Run analysis	2026-05-11T21:18:10.1603758Z "name": "Adam Outler",
Scorecard analysis	Run analysis	2026-05-11T21:18:10.1604320Z "username": "adamoutler"
Scorecard analysis	Run analysis	2026-05-11T21:18:10.1604738Z },
Scorecard analysis	Run analysis	2026-05-11T21:18:10.1605125Z "committer": {
Scorecard analysis	Run analysis	2026-05-11T21:18:10.1605549Z "email": "adamoutler@gmail.com",
Scorecard analysis	Run analysis	2026-05-11T21:18:10.1606009Z "name": "Adam Outler",
Scorecard analysis	Run analysis	2026-05-11T21:18:10.1606478Z "username": "adamoutler"
Scorecard analysis	Run analysis	2026-05-11T21:18:10.1606921Z },
Scorecard analysis	Run analysis	2026-05-11T21:18:10.1607318Z "distinct": true,
Scorecard analysis	Run analysis	2026-05-11T21:18:10.1607822Z "id": "399675bde8a03129fd2f78b1d5104b496df8ebe8",
Scorecard analysis	Run analysis	2026-05-11T21:18:10.1609278Z "message": "ci: Add OpenSSF Scorecard workflow (SSH-169)\n\nAdded ossf/scorecard-action to run on push to main and on schedule. It generates a SARIF file and uploads it to code-scanning.",
Scorecard analysis	Run analysis	2026-05-11T21:18:10.1610650Z "timestamp": "2026-05-11T17:17:51-04:00",
Scorecard analysis	Run analysis	2026-05-11T21:18:10.1611295Z "tree_id": "f8178e0138d4f80f92669e657ed471cd3fc9c112",
Scorecard analysis	Run analysis	2026-05-11T21:18:10.1612259Z "url": "https://github.com/adamoutler/cossh/commit/399675bde8a03129fd2f78b1d5104b496df8ebe8"
Scorecard analysis	Run analysis	2026-05-11T21:18:10.1613112Z },
Scorecard analysis	Run analysis	2026-05-11T21:18:10.1613475Z "pusher": {
Scorecard analysis	Run analysis	2026-05-11T21:18:10.1613860Z "email": "adamoutler@gmail.com",
Scorecard analysis	Run analysis	2026-05-11T21:18:10.1614601Z "name": "adamoutler"
Scorecard analysis	Run analysis	2026-05-11T21:18:10.1614989Z },
Scorecard analysis	Run analysis	2026-05-11T21:18:10.1615422Z "ref": "refs/heads/main",
Scorecard analysis	Run analysis	2026-05-11T21:18:10.1615891Z "repository": {
Scorecard analysis	Run analysis	2026-05-11T21:18:10.1616651Z "allow_forking": true,
Scorecard analysis	Run analysis	2026-05-11T21:18:10.1617394Z "archive_url": "https://api.github.com/repos/adamoutler/cossh/{archive_format}{/ref}",
Scorecard analysis	Run analysis	2026-05-11T21:18:10.1618537Z "archived": false,
Scorecard analysis	Run analysis	2026-05-11T21:18:10.1619193Z "assignees_url": "https://api.github.com/repos/adamoutler/cossh/assignees{/user}",
Scorecard analysis	Run analysis	2026-05-11T21:18:10.1620208Z "blobs_url": "https://api.github.com/repos/adamoutler/cossh/git/blobs{/sha}",
Scorecard analysis	Run analysis	2026-05-11T21:18:10.1621188Z "branches_url": "https://api.github.com/repos/adamoutler/cossh/branches{/branch}",
Scorecard analysis	Run analysis	2026-05-11T21:18:10.1622103Z "clone_url": "https://github.com/adamoutler/cossh.git",
Scorecard analysis	Run analysis	2026-05-11T21:18:10.1623142Z "collaborators_url": "https://api.github.com/repos/adamoutler/cossh/collaborators{/collaborator}",
Scorecard analysis	Run analysis	2026-05-11T21:18:10.1624494Z "comments_url": "https://api.github.com/repos/adamoutler/cossh/comments{/number}",
Scorecard analysis	Run analysis	2026-05-11T21:18:10.1625371Z "commits_url": "https://api.github.com/repos/adamoutler/cossh/commits{/sha}",
Scorecard analysis	Run analysis	2026-05-11T21:18:10.1626333Z "compare_url": "https://api.github.com/repos/adamoutler/cossh/compare/{base}...{head}",
Scorecard analysis	Run analysis	2026-05-11T21:18:10.1627267Z "contents_url": "https://api.github.com/repos/adamoutler/cossh/contents/{+path}",
Scorecard analysis	Run analysis	2026-05-11T21:18:10.1628244Z "contributors_url": "https://api.github.com/repos/adamoutler/cossh/contributors",
Scorecard analysis	Run analysis	2026-05-11T21:18:10.1629039Z "created_at": 1775146282,
Scorecard analysis	Run analysis	2026-05-11T21:18:10.1629510Z "default_branch": "main",
Scorecard analysis	Run analysis	2026-05-11T21:18:10.1630219Z "deployments_url": "https://api.github.com/repos/adamoutler/cossh/deployments",
Scorecard analysis	Run analysis	2026-05-11T21:18:10.1631376Z "description": "Cobalt SSH. A secure, FOSS, modern SSH client, with premium sync feature.  Also it's blue.",
Scorecard analysis	Run analysis	2026-05-11T21:18:10.1632253Z "disabled": false,
Scorecard analysis	Run analysis	2026-05-11T21:18:10.1633197Z "downloads_url": "https://api.github.com/repos/adamoutler/cossh/downloads",
Scorecard analysis	Run analysis	2026-05-11T21:18:10.1634254Z "events_url": "https://api.github.com/repos/adamoutler/cossh/events",
Scorecard analysis	Run analysis	2026-05-11T21:18:10.1635015Z "fork": false,
Scorecard analysis	Run analysis	2026-05-11T21:18:10.1635451Z "forks": 0,
Scorecard analysis	Run analysis	2026-05-11T21:18:10.1635867Z "forks_count": 0,
Scorecard analysis	Run analysis	2026-05-11T21:18:10.1636498Z "forks_url": "https://api.github.com/repos/adamoutler/cossh/forks",
Scorecard analysis	Run analysis	2026-05-11T21:18:10.1637293Z "full_name": "adamoutler/cossh",
Scorecard analysis	Run analysis	2026-05-11T21:18:10.1638109Z "git_commits_url": "https://api.github.com/repos/adamoutler/cossh/git/commits{/sha}",
Scorecard analysis	Run analysis	2026-05-11T21:18:10.1639137Z "git_refs_url": "https://api.github.com/repos/adamoutler/cossh/git/refs{/sha}",
Scorecard analysis	Run analysis	2026-05-11T21:18:10.1640095Z "git_tags_url": "https://api.github.com/repos/adamoutler/cossh/git/tags{/sha}",
Scorecard analysis	Run analysis	2026-05-11T21:18:10.1640907Z "git_url": "git://github.com/adamoutler/cossh.git",
Scorecard analysis	Run analysis	2026-05-11T21:18:10.1641532Z "has_discussions": false,
Scorecard analysis	Run analysis	2026-05-11T21:18:10.1642019Z "has_downloads": true,
Scorecard analysis	Run analysis	2026-05-11T21:18:10.1642496Z "has_issues": true,
Scorecard analysis	Run analysis	2026-05-11T21:18:10.1642943Z "has_pages": false,
Scorecard analysis	Run analysis	2026-05-11T21:18:10.1643392Z "has_projects": true,
Scorecard analysis	Run analysis	2026-05-11T21:18:10.1643875Z "has_pull_requests": true,
Scorecard analysis	Run analysis	2026-05-11T21:18:10.1644526Z "has_wiki": true,
Scorecard analysis	Run analysis	2026-05-11T21:18:10.1644941Z "homepage": null,
Scorecard analysis	Run analysis	2026-05-11T21:18:10.1645550Z "hooks_url": "https://api.github.com/repos/adamoutler/cossh/hooks",
Scorecard analysis	Run analysis	2026-05-11T21:18:10.1646333Z "html_url": "https://github.com/adamoutler/cossh",
Scorecard analysis	Run analysis	2026-05-11T21:18:10.1646963Z "id": 1199705218,
Scorecard analysis	Run analysis	2026-05-11T21:18:10.1647406Z "is_template": false,
Scorecard analysis	Run analysis	2026-05-11T21:18:10.1648193Z "issue_comment_url": "https://api.github.com/repos/adamoutler/cossh/issues/comments{/number}",
Scorecard analysis	Run analysis	2026-05-11T21:18:10.1649409Z "issue_events_url": "https://api.github.com/repos/adamoutler/cossh/issues/events{/number}",
Scorecard analysis	Run analysis	2026-05-11T21:18:10.1650600Z "issues_url": "https://api.github.com/repos/adamoutler/cossh/issues{/number}",
Scorecard analysis	Run analysis	2026-05-11T21:18:10.1651612Z "keys_url": "https://api.github.com/repos/adamoutler/cossh/keys{/key_id}",
Scorecard analysis	Run analysis	2026-05-11T21:18:10.1652574Z "labels_url": "https://api.github.com/repos/adamoutler/cossh/labels{/name}",
Scorecard analysis	Run analysis	2026-05-11T21:18:10.1653338Z "language": "Kotlin",
Scorecard analysis	Run analysis	2026-05-11T21:18:10.1654026Z "languages_url": "https://api.github.com/repos/adamoutler/cossh/languages",
Scorecard analysis	Run analysis	2026-05-11T21:18:10.1654929Z "license": null,
Scorecard analysis	Run analysis	2026-05-11T21:18:10.1655428Z "master_branch": "main",
Scorecard analysis	Run analysis	2026-05-11T21:18:10.1656016Z "merges_url": "https://api.github.com/repos/adamoutler/cossh/merges",
Scorecard analysis	Run analysis	2026-05-11T21:18:10.1657283Z "milestones_url": "https://api.github.com/repos/adamoutler/cossh/milestones{/number}",
Scorecard analysis	Run analysis	2026-05-11T21:18:10.1658044Z "mirror_url": null,
Scorecard analysis	Run analysis	2026-05-11T21:18:10.1658424Z "name": "cossh",
Scorecard analysis	Run analysis	2026-05-11T21:18:10.1658833Z "node_id": "R_kgDOR4IMgg",
Scorecard analysis	Run analysis	2026-05-11T21:18:10.1659832Z "notifications_url": "https://api.github.com/repos/adamoutler/cossh/notifications{?since,all,participating}",
Scorecard analysis	Run analysis	2026-05-11T21:18:10.1660900Z "open_issues": 0,
Scorecard analysis	Run analysis	2026-05-11T21:18:10.1661328Z "open_issues_count": 0,
Scorecard analysis	Run analysis	2026-05-11T21:18:10.1661767Z "owner": {
Scorecard analysis	Run analysis	2026-05-11T21:18:10.1662376Z "avatar_url": "https://avatars.githubusercontent.com/u/527919?v=4",
Scorecard analysis	Run analysis	2026-05-11T21:18:10.1663156Z "email": "adamoutler@gmail.com",
Scorecard analysis	Run analysis	2026-05-11T21:18:10.1664047Z "events_url": "https://api.github.com/users/adamoutler/events{/privacy}",
Scorecard analysis	Run analysis	2026-05-11T21:18:10.1665224Z "followers_url": "https://api.github.com/users/adamoutler/followers",
Scorecard analysis	Run analysis	2026-05-11T21:18:10.1666220Z "following_url": "https://api.github.com/users/adamoutler/following{/other_user}",
Scorecard analysis	Run analysis	2026-05-11T21:18:10.1667234Z "gists_url": "https://api.github.com/users/adamoutler/gists{/gist_id}",
Scorecard analysis	Run analysis	2026-05-11T21:18:10.1667919Z "gravatar_id": "",
Scorecard analysis	Run analysis	2026-05-11T21:18:10.1668434Z "html_url": "https://github.com/adamoutler",
Scorecard analysis	Run analysis	2026-05-11T21:18:10.1668999Z "id": 527919,
Scorecard analysis	Run analysis	2026-05-11T21:18:10.1669429Z "login": "adamoutler",
Scorecard analysis	Run analysis	2026-05-11T21:18:10.1669908Z "name": "adamoutler",
Scorecard analysis	Run analysis	2026-05-11T21:18:10.1670385Z "node_id": "MDQ6VXNlcjUyNzkxOQ==",
Scorecard analysis	Run analysis	2026-05-11T21:18:10.1671125Z "organizations_url": "https://api.github.com/users/adamoutler/orgs",
Scorecard analysis	Run analysis	2026-05-11T21:18:10.1672166Z "received_events_url": "https://api.github.com/users/adamoutler/received_events",
Scorecard analysis	Run analysis	2026-05-11T21:18:10.1673428Z "repos_url": "https://api.github.com/users/adamoutler/repos",
Scorecard analysis	Run analysis	2026-05-11T21:18:10.1674394Z "site_admin": false,
Scorecard analysis	Run analysis	2026-05-11T21:18:10.1675073Z "starred_url": "https://api.github.com/users/adamoutler/starred{/owner}{/repo}",
Scorecard analysis	Run analysis	2026-05-11T21:18:10.1676076Z "subscriptions_url": "https://api.github.com/users/adamoutler/subscriptions",
Scorecard analysis	Run analysis	2026-05-11T21:18:10.1676916Z "type": "User",
Scorecard analysis	Run analysis	2026-05-11T21:18:10.1677415Z "url": "https://api.github.com/users/adamoutler",
Scorecard analysis	Run analysis	2026-05-11T21:18:10.1678061Z "user_view_type": "public"
Scorecard analysis	Run analysis	2026-05-11T21:18:10.1678517Z },
Scorecard analysis	Run analysis	2026-05-11T21:18:10.1678911Z "private": false,
Scorecard analysis	Run analysis	2026-05-11T21:18:10.1679361Z "pull_request_creation_policy": "all",
Scorecard analysis	Run analysis	2026-05-11T21:18:10.1680123Z "pulls_url": "https://api.github.com/repos/adamoutler/cossh/pulls{/number}",
Scorecard analysis	Run analysis	2026-05-11T21:18:10.1680913Z "pushed_at": 1778534273,
Scorecard analysis	Run analysis	2026-05-11T21:18:10.1681583Z "releases_url": "https://api.github.com/repos/adamoutler/cossh/releases{/id}",
Scorecard analysis	Run analysis	2026-05-11T21:18:10.1682361Z "size": 114925,
Scorecard analysis	Run analysis	2026-05-11T21:18:10.1682866Z "ssh_url": "git@github.com:adamoutler/cossh.git",
Scorecard analysis	Run analysis	2026-05-11T21:18:10.1683407Z "stargazers": 2,
Scorecard analysis	Run analysis	2026-05-11T21:18:10.1683842Z "stargazers_count": 2,
Scorecard analysis	Run analysis	2026-05-11T21:18:10.1684643Z "stargazers_url": "https://api.github.com/repos/adamoutler/cossh/stargazers",
Scorecard analysis	Run analysis	2026-05-11T21:18:10.1685742Z "statuses_url": "https://api.github.com/repos/adamoutler/cossh/statuses/{sha}",
Scorecard analysis	Run analysis	2026-05-11T21:18:10.1686706Z "subscribers_url": "https://api.github.com/repos/adamoutler/cossh/subscribers",
Scorecard analysis	Run analysis	2026-05-11T21:18:10.1687739Z "subscription_url": "https://api.github.com/repos/adamoutler/cossh/subscription",
Scorecard analysis	Run analysis	2026-05-11T21:18:10.1688617Z "svn_url": "https://github.com/adamoutler/cossh",
Scorecard analysis	Run analysis	2026-05-11T21:18:10.1689362Z "tags_url": "https://api.github.com/repos/adamoutler/cossh/tags",
Scorecard analysis	Run analysis	2026-05-11T21:18:10.1690200Z "teams_url": "https://api.github.com/repos/adamoutler/cossh/teams",
Scorecard analysis	Run analysis	2026-05-11T21:18:10.1690878Z "topics": [],
Scorecard analysis	Run analysis	2026-05-11T21:18:10.1691503Z "trees_url": "https://api.github.com/repos/adamoutler/cossh/git/trees{/sha}",
Scorecard analysis	Run analysis	2026-05-11T21:18:10.1692230Z "updated_at": "2026-05-11T20:28:03Z",
Scorecard analysis	Run analysis	2026-05-11T21:18:10.1692804Z "url": "https://api.github.com/repos/adamoutler/cossh",
Scorecard analysis	Run analysis	2026-05-11T21:18:10.1693346Z "visibility": "public",
Scorecard analysis	Run analysis	2026-05-11T21:18:10.1693802Z "watchers": 2,
Scorecard analysis	Run analysis	2026-05-11T21:18:10.1694358Z "watchers_count": 2,
Scorecard analysis	Run analysis	2026-05-11T21:18:10.1694834Z "web_commit_signoff_required": false
Scorecard analysis	Run analysis	2026-05-11T21:18:10.1695605Z },
Scorecard analysis	Run analysis	2026-05-11T21:18:10.1695995Z "sender": {
Scorecard analysis	Run analysis	2026-05-11T21:18:10.1696591Z "avatar_url": "https://avatars.githubusercontent.com/u/527919?v=4",
Scorecard analysis	Run analysis	2026-05-11T21:18:10.1697506Z "events_url": "https://api.github.com/users/adamoutler/events{/privacy}",
Scorecard analysis	Run analysis	2026-05-11T21:18:10.1698434Z "followers_url": "https://api.github.com/users/adamoutler/followers",
Scorecard analysis	Run analysis	2026-05-11T21:18:10.1699397Z "following_url": "https://api.github.com/users/adamoutler/following{/other_user}",
Scorecard analysis	Run analysis	2026-05-11T21:18:10.1700411Z "gists_url": "https://api.github.com/users/adamoutler/gists{/gist_id}",
Scorecard analysis	Run analysis	2026-05-11T21:18:10.1701150Z "gravatar_id": "",
Scorecard analysis	Run analysis	2026-05-11T21:18:10.1701651Z "html_url": "https://github.com/adamoutler",
Scorecard analysis	Run analysis	2026-05-11T21:18:10.1702216Z "id": 527919,
Scorecard analysis	Run analysis	2026-05-11T21:18:10.1702631Z "login": "adamoutler",
Scorecard analysis	Run analysis	2026-05-11T21:18:10.1703123Z "node_id": "MDQ6VXNlcjUyNzkxOQ==",
Scorecard analysis	Run analysis	2026-05-11T21:18:10.1703829Z "organizations_url": "https://api.github.com/users/adamoutler/orgs",
Scorecard analysis	Run analysis	2026-05-11T21:18:10.1704941Z "received_events_url": "https://api.github.com/users/adamoutler/received_events",
Scorecard analysis	Run analysis	2026-05-11T21:18:10.1705821Z "repos_url": "https://api.github.com/users/adamoutler/repos",
Scorecard analysis	Run analysis	2026-05-11T21:18:10.1706479Z "site_admin": false,
Scorecard analysis	Run analysis	2026-05-11T21:18:10.1707180Z "starred_url": "https://api.github.com/users/adamoutler/starred{/owner}{/repo}",
Scorecard analysis	Run analysis	2026-05-11T21:18:10.1708215Z "subscriptions_url": "https://api.github.com/users/adamoutler/subscriptions",
Scorecard analysis	Run analysis	2026-05-11T21:18:10.1709010Z "type": "User",
Scorecard analysis	Run analysis	2026-05-11T21:18:10.1709520Z "url": "https://api.github.com/users/adamoutler",
Scorecard analysis	Run analysis	2026-05-11T21:18:10.1710118Z "user_view_type": "public"
Scorecard analysis	Run analysis	2026-05-11T21:18:10.1710842Z }
Scorecard analysis	Run analysis	2026-05-11T21:18:10.1711226Z }
Scorecard analysis	Run analysis	2026-05-11T21:18:16.8389577Z Writing results to results.sarif
Scorecard analysis	Run analysis	2026-05-11T21:18:16.8421924Z {
Scorecard analysis	Run analysis	2026-05-11T21:18:16.8423237Z    "$schema": "https://raw.githubusercontent.com/oasis-tcs/sarif-spec/main/sarif-2.1/schema/sarif-schema-2.1.0.json",
Scorecard analysis	Run analysis	2026-05-11T21:18:16.8424413Z    "version": "2.1.0",
Scorecard analysis	Run analysis	2026-05-11T21:18:16.8425278Z    "runs": [
Scorecard analysis	Run analysis	2026-05-11T21:18:16.8425560Z       {
Scorecard analysis	Run analysis	2026-05-11T21:18:16.8426014Z          "automationDetails": {
Scorecard analysis	Run analysis	2026-05-11T21:18:16.8426831Z             "id": "supply-chain/branch-protection/ea7e27ed41b76ab879c862fa0ca4cc9c61764ee4-11 May 26 21:18 +0000"
Scorecard analysis	Run analysis	2026-05-11T21:18:16.8427685Z          },
Scorecard analysis	Run analysis	2026-05-11T21:18:16.8427971Z          "tool": {
Scorecard analysis	Run analysis	2026-05-11T21:18:16.8428283Z             "driver": {
Scorecard analysis	Run analysis	2026-05-11T21:18:16.8428637Z                "name": "Scorecard",
Scorecard analysis	Run analysis	2026-05-11T21:18:16.8429176Z                "informationUri": "https://github.com/ossf/scorecard",
Scorecard analysis	Run analysis	2026-05-11T21:18:16.8429764Z                "semanticVersion": "v5.0.0",
Scorecard analysis	Run analysis	2026-05-11T21:18:16.8430203Z                "rules": [
Scorecard analysis	Run analysis	2026-05-11T21:18:16.8430541Z                   {
Scorecard analysis	Run analysis	2026-05-11T21:18:16.8430883Z                      "id": "BranchProtectionID",
Scorecard analysis	Run analysis	2026-05-11T21:18:16.8431381Z                      "name": "Branch-Protection",
Scorecard analysis	Run analysis	2026-05-11T21:18:16.8432466Z                      "helpUri": "https://github.com/ossf/scorecard/blob/ea7e27ed41b76ab879c862fa0ca4cc9c61764ee4/docs/checks.md#branch-protection",
Scorecard analysis	Run analysis	2026-05-11T21:18:16.8433619Z                      "shortDescription": {
Scorecard analysis	Run analysis	2026-05-11T21:18:16.8434203Z                         "text": "Branch-Protection"
Scorecard analysis	Run analysis	2026-05-11T21:18:16.8434599Z                      },
Scorecard analysis	Run analysis	2026-05-11T21:18:16.8434940Z                      "fullDescription": {
Scorecard analysis	Run analysis	2026-05-11T21:18:16.8435800Z                         "text": "Determines if the default and release branches are protected with GitHub's branch protection settings."
Scorecard analysis	Run analysis	2026-05-11T21:18:16.8436652Z                      },
Scorecard analysis	Run analysis	2026-05-11T21:18:16.8436964Z                      "help": {
Scorecard analysis	Run analysis	2026-05-11T21:18:16.8437753Z                         "text": "Determines if the default and release branches are protected with GitHub's branch protection settings.",
Scorecard analysis	Run analysis	2026-05-11T21:18:16.8468429Z                         "markdown": "**Remediation (click \"Show more\" below)**:\n\n- Enable branch protection settings in your source hosting provider to avoid force pushes or deletion of your important branches.\n\n- For GitHub, check out the steps [here](https://docs.github.com/en/github/administering-a-repository/managing-a-branch-protection-rule).\n\n\n\n**Severity**: High\n\n\n\n**Details**:\n\nRisk: `High` (vulnerable to intentional malicious code injection)\n\n\n\nThis check determines whether a project's default and release branches are\n\nprotected with GitHub's [branch protection](https://docs.github.com/github/administering-a-repository/defining-the-mergeability-of-pull-requests/about-protected-branches) \n\nor [repository rules](https://docs.github.com/repositories/configuring-branches-and-merges-in-your-repository/managing-rulesets/about-rulesets) settings.\n\nBranch protection allows maintainers to define rules that enforce\n\ncertain workflows for branches, such as requiring review or passing certain\n\nstatus checks before acceptance into a main branch, or preventing rewriting of\n\npublic history.\n\n\n\nNote: The following settings queried by the Branch-Protection check require an admin token: `DismissStaleReviews`, `EnforceAdmins`, `RequireLastPushApproval`, `RequiresStatusChecks` and `UpToDateBeforeMerge`. If\n\nthe provided token does not have admin access, the check will query the branch\n\nsettings accessible to non-admins and provide results based only on these settings.\n\nHowever, all of these settings are accessible via Repo Rules. `EnforceAdmins` is calculated slightly differently.\n\nThis setting is calculated as `false` if any [Bypass Actors](https://docs.github.com/repositories/configuring-branches-and-merges-in-your-repository/managing-rulesets/creating-rulesets-for-a-repository#granting-bypass-permissions-for-your-ruleset)\n\n are defined on any rule, regardless of if they are admins.\n\n\n\nDifferent types of branch protection protect against different risks:\n\n\n\n  - Require code review: \n\n    - requires at least one reviewer, which greatly\n\n    reduces the risk that a compromised contributor can inject malicious code.\n\n    Review also increases the likelihood that an unintentional vulnerability in\n\n    a contribution will be detected and fixed before the change is accepted.\n\n\n\n    - requiring two or more reviewers protects even more from the insider risk \n\n    whereby a compromised contributor can be used by an attacker to LGTM \n\n    the attacker PR and inject a malicious code as if it was legit.\n\n\n\n  - Prevent force push: prevents use of the `--force` command on public\n\n    branches, which overwrites code irrevocably. This protection prevents the\n\n    rewriting of public history without external notice.\n\n\n\n  - Require [status checks](https://docs.github.com/en/github/collaborating-with-pull-requests/collaborating-on-repositories-with-code-quality-features/about-status-checks):\n\n    ensures that all required CI tests are met before a change is accepted.\n\n\n\nAlthough requiring code review can greatly reduce the chance that\n\nunintentional or malicious code enters the \"main\" branch, it is not feasible for\n\nall projects, such as those that don't have many active participants. For more\n\ndiscussion, see [Code Reviews](https://github.com/ossf/scorecard/blob/main/docs/checks.md#code-review).\n\n\n\nAdditionally, in some cases these rules will need to be suspended. For example,\n\nif a past commit includes illegal content such as child pornography, it may be\n\nnecessary to use a force push to rewrite the history rather than simply hide the\n\ncommit.\n\n\n\nThis test has tiered scoring. Each tier must be fully satisfied to achieve points at the next tier. For example, if you fulfill the Tier 3 checks but do not fulfill all the Tier 2 checks, you will not receive any points for Tier 3.\n\n\n\nNote: If Scorecard is run without an administrative access token, the requirements that specify “For administrators” can be safely ignored, and scores will be determined as if all such requirements have been met.\n\n\n\nTier 1 Requirements (3/10 points):\n\n  - Prevent force push\n\n  - Prevent branch deletion\n\n\n\nTier 2 Requirements (6/10 points):\n\n  - Require at least 1 reviewer for approval before merging (for administrators, this requirement weights twice than the others in this tier)\n\n  - For administrators: Require PRs prior to make any code changes\n\n  - For administrators: Require branch to be up to date before merging\n\n  - For administrators: Require approval of the most recent reviewable push\n\n\n\nTier 3 Requirements (8/10 points):\n\n  - Require branch to pass at least 1 status check before merging\n\n\n\nTier 4 Requirements (9/10 points):\n\n  - Require at least 2 reviewers for approval before merging\n\n  - Require review from code owners\n\n\n\nTier 5 Requirements (10/10 points):\n\n  - For administrators: Dismiss stale reviews and approvals when new commits are pushed\n\n  - For administrators: Include administrator for review\n\n\n\nGitLab Integration Status:\n\n  - GitLab associates releases with commits and not with the branch. Releases are ignored in this portion of the scoring.\n\n"
Scorecard analysis	Run analysis	2026-05-11T21:18:16.8485428Z                      },
Scorecard analysis	Run analysis	2026-05-11T21:18:16.8485632Z                      "defaultConfiguration": {
Scorecard analysis	Run analysis	2026-05-11T21:18:16.8485885Z                         "level": "error"
Scorecard analysis	Run analysis	2026-05-11T21:18:16.8486094Z                      },
Scorecard analysis	Run analysis	2026-05-11T21:18:16.8486283Z                      "properties": {
Scorecard analysis	Run analysis	2026-05-11T21:18:16.8486508Z                         "precision": "high",
Scorecard analysis	Run analysis	2026-05-11T21:18:16.8486768Z                         "problem.severity": "error",
Scorecard analysis	Run analysis	2026-05-11T21:18:16.8487034Z                         "security-severity": "7.0",
Scorecard analysis	Run analysis	2026-05-11T21:18:16.8487267Z                         "tags": [
Scorecard analysis	Run analysis	2026-05-11T21:18:16.8487488Z                            "supply-chain",
Scorecard analysis	Run analysis	2026-05-11T21:18:16.8487710Z                            "security",
Scorecard analysis	Run analysis	2026-05-11T21:18:16.8488016Z                            "source-code",
Scorecard analysis	Run analysis	2026-05-11T21:18:16.8488262Z                            "code-reviews"
Scorecard analysis	Run analysis	2026-05-11T21:18:16.8488479Z                         ]
Scorecard analysis	Run analysis	2026-05-11T21:18:16.8488662Z                      }
Scorecard analysis	Run analysis	2026-05-11T21:18:16.8488826Z                   }
Scorecard analysis	Run analysis	2026-05-11T21:18:16.8488994Z                ]
Scorecard analysis	Run analysis	2026-05-11T21:18:16.8489150Z             }
Scorecard analysis	Run analysis	2026-05-11T21:18:16.8489330Z          },
Scorecard analysis	Run analysis	2026-05-11T21:18:16.8489486Z          "results": [
Scorecard analysis	Run analysis	2026-05-11T21:18:16.8489658Z             {
Scorecard analysis	Run analysis	2026-05-11T21:18:16.8489879Z                "ruleId": "BranchProtectionID",
Scorecard analysis	Run analysis	2026-05-11T21:18:16.8490117Z                "ruleIndex": 0,
Scorecard analysis	Run analysis	2026-05-11T21:18:16.8490317Z                "message": {
Scorecard analysis	Run analysis	2026-05-11T21:18:16.8490986Z                   "text": "score is 0: branch protection not enabled on development/release branches:\nWarn: branch protection not enabled for branch 'main'\nClick Remediation section below to solve this issue"
Scorecard analysis	Run analysis	2026-05-11T21:18:16.8491672Z                },
Scorecard analysis	Run analysis	2026-05-11T21:18:16.8491840Z                "locations": [
Scorecard analysis	Run analysis	2026-05-11T21:18:16.8492026Z                   {
Scorecard analysis	Run analysis	2026-05-11T21:18:16.8492204Z                      "physicalLocation": {
Scorecard analysis	Run analysis	2026-05-11T21:18:16.8492431Z                         "region": {
Scorecard analysis	Run analysis	2026-05-11T21:18:16.8492640Z                            "startLine": 1
Scorecard analysis	Run analysis	2026-05-11T21:18:16.8492859Z                         },
Scorecard analysis	Run analysis	2026-05-11T21:18:16.8493059Z                         "artifactLocation": {
Scorecard analysis	Run analysis	2026-05-11T21:18:16.8493333Z                            "uri": "no file associated with this alert",
Scorecard analysis	Run analysis	2026-05-11T21:18:16.8493622Z                            "uriBaseId": "%SRCROOT%"
Scorecard analysis	Run analysis	2026-05-11T21:18:16.8493846Z                         }
Scorecard analysis	Run analysis	2026-05-11T21:18:16.8494023Z                      }
Scorecard analysis	Run analysis	2026-05-11T21:18:16.8494278Z                   }
Scorecard analysis	Run analysis	2026-05-11T21:18:16.8494435Z                ]
Scorecard analysis	Run analysis	2026-05-11T21:18:16.8494584Z             }
Scorecard analysis	Run analysis	2026-05-11T21:18:16.8494738Z          ]
Scorecard analysis	Run analysis	2026-05-11T21:18:16.8494879Z       },
Scorecard analysis	Run analysis	2026-05-11T21:18:16.8495027Z       {
Scorecard analysis	Run analysis	2026-05-11T21:18:16.8495193Z          "automationDetails": {
Scorecard analysis	Run analysis	2026-05-11T21:18:16.8495571Z             "id": "supply-chain/local/ea7e27ed41b76ab879c862fa0ca4cc9c61764ee4-11 May 26 21:18 +0000"
Scorecard analysis	Run analysis	2026-05-11T21:18:16.8495965Z          },
Scorecard analysis	Run analysis	2026-05-11T21:18:16.8496109Z          "tool": {
Scorecard analysis	Run analysis	2026-05-11T21:18:16.8496280Z             "driver": {
Scorecard analysis	Run analysis	2026-05-11T21:18:16.8496459Z                "name": "Scorecard",
Scorecard analysis	Run analysis	2026-05-11T21:18:16.8496750Z                "informationUri": "https://github.com/ossf/scorecard",
Scorecard analysis	Run analysis	2026-05-11T21:18:16.8497148Z                "semanticVersion": "v5.0.0",
Scorecard analysis	Run analysis	2026-05-11T21:18:16.8497377Z                "rules": [
Scorecard analysis	Run analysis	2026-05-11T21:18:16.8497555Z                   {
Scorecard analysis	Run analysis	2026-05-11T21:18:16.8497738Z                      "id": "BinaryArtifactsID",
Scorecard analysis	Run analysis	2026-05-11T21:18:16.8497997Z                      "name": "Binary-Artifacts",
Scorecard analysis	Run analysis	2026-05-11T21:18:16.8498543Z                      "helpUri": "https://github.com/ossf/scorecard/blob/ea7e27ed41b76ab879c862fa0ca4cc9c61764ee4/docs/checks.md#binary-artifacts",
Scorecard analysis	Run analysis	2026-05-11T21:18:16.8499370Z                      "shortDescription": {
Scorecard analysis	Run analysis	2026-05-11T21:18:16.8499621Z                         "text": "Binary-Artifacts"
Scorecard analysis	Run analysis	2026-05-11T21:18:16.8499861Z                      },
Scorecard analysis	Run analysis	2026-05-11T21:18:16.8500046Z                      "fullDescription": {
Scorecard analysis	Run analysis	2026-05-11T21:18:16.8500502Z                         "text": "Determines if the project has generated executable (binary) artifacts in the source repository."
Scorecard analysis	Run analysis	2026-05-11T21:18:16.8500947Z                      },
Scorecard analysis	Run analysis	2026-05-11T21:18:16.8501130Z                      "help": {
Scorecard analysis	Run analysis	2026-05-11T21:18:16.8501552Z                         "text": "Determines if the project has generated executable (binary) artifacts in the source repository.",
Scorecard analysis	Run analysis	2026-05-11T21:18:16.8509616Z                         "markdown": "**Remediation (click \"Show more\" below)**:\n\n- Remove the generated executable artifacts from the repository.\n\n- Build from source.\n\n\n\n**Severity**: High\n\n\n\n**Details**:\n\nRisk: `High` (non-reviewable code)\n\n\n\nThis check determines whether the project has generated executable (binary)\n\nartifacts in the source repository.\n\n\n\nIncluding generated executables in the source repository increases user risk.\n\nMany programming language systems can generate executables from source code\n\n(e.g., C/C++ generated machine code, Java `.class` files, Python `.pyc` files,\n\nand minified JavaScript). Users will often directly use executables if they are\n\nincluded in the source repository, leading to many dangerous behaviors.\n\n\n\nProblems with generated executable (binary) artifacts:\n\n\n\n  - Binary artifacts cannot be reviewed, allowing possible obsolete or\n\n    maliciously subverted executables. Reviews generally review source code, not\n\n    executables, since it's difficult to audit executables to ensure that they\n\n    correspond to the source code. Over time the included executables might not\n\n    correspond to the source code.\n\n  - Generated executables allow the executable generation process to atrophy,\n\n    which can lead to an inability to create working executables. These problems\n\n    can be countered with verified reproducible builds, but it's easier to\n\n    implement verified reproducible builds when executables are not included in\n\n    the source repository (since the executable generation process is less\n\n    likely to have atrophied).\n\n\n\nAllowed by Scorecard:\n\n\n\n  - Files in the source repository that are simultaneously reviewable source\n\n    code and executables, since these are reviewable. (Some interpretive\n\n    systems, such as many operating system shells, don't have a mechanism for\n\n    storing generated executables that are different from the source file.)\n\n  - Source code in the source repository generated by other tools (e.g., by\n\n    bison, yacc, flex, and lex). There are potential downsides to generated\n\n    source code, but generated source code tends to be much easier to review and\n\n    thus presents a lower risk. Generated source code is also often difficult\n\n    for external tools to detect.\n\n  - Generated documentation in source repositories. Generated documentation is\n\n    intended for use by humans (not computers) who can evaluate the context.\n\n    Thus, generated documentation doesn't pose the same level of risk.\n\n"
Scorecard analysis	Run analysis	2026-05-11T21:18:16.8517713Z                      },
Scorecard analysis	Run analysis	2026-05-11T21:18:16.8517923Z                      "defaultConfiguration": {
Scorecard analysis	Run analysis	2026-05-11T21:18:16.8518165Z                         "level": "error"
Scorecard analysis	Run analysis	2026-05-11T21:18:16.8518457Z                      },
Scorecard analysis	Run analysis	2026-05-11T21:18:16.8518641Z                      "properties": {
Scorecard analysis	Run analysis	2026-05-11T21:18:16.8518863Z                         "precision": "high",
Scorecard analysis	Run analysis	2026-05-11T21:18:16.8519114Z                         "problem.severity": "error",
Scorecard analysis	Run analysis	2026-05-11T21:18:16.8519399Z                         "security-severity": "7.0",
Scorecard analysis	Run analysis	2026-05-11T21:18:16.8519643Z                         "tags": [
Scorecard analysis	Run analysis	2026-05-11T21:18:16.8519854Z                            "supply-chain",
Scorecard analysis	Run analysis	2026-05-11T21:18:16.8520089Z                            "security",
Scorecard analysis	Run analysis	2026-05-11T21:18:16.8520304Z                            "dependencies"
Scorecard analysis	Run analysis	2026-05-11T21:18:16.8520526Z                         ]
Scorecard analysis	Run analysis	2026-05-11T21:18:16.8520707Z                      }
Scorecard analysis	Run analysis	2026-05-11T21:18:16.8520871Z                   },
Scorecard analysis	Run analysis	2026-05-11T21:18:16.8521039Z                   {
Scorecard analysis	Run analysis	2026-05-11T21:18:16.8521229Z                      "id": "DangerousWorkflowID",
Scorecard analysis	Run analysis	2026-05-11T21:18:16.8521495Z                      "name": "Dangerous-Workflow",
Scorecard analysis	Run analysis	2026-05-11T21:18:16.8522051Z                      "helpUri": "https://github.com/ossf/scorecard/blob/ea7e27ed41b76ab879c862fa0ca4cc9c61764ee4/docs/checks.md#dangerous-workflow",
Scorecard analysis	Run analysis	2026-05-11T21:18:16.8522609Z                      "shortDescription": {
Scorecard analysis	Run analysis	2026-05-11T21:18:16.8522853Z                         "text": "Dangerous-Workflow"
Scorecard analysis	Run analysis	2026-05-11T21:18:16.8523095Z                      },
Scorecard analysis	Run analysis	2026-05-11T21:18:16.8523286Z                      "fullDescription": {
Scorecard analysis	Run analysis	2026-05-11T21:18:16.8523666Z                         "text": "Determines if the project's GitHub Action workflows avoid dangerous patterns."
Scorecard analysis	Run analysis	2026-05-11T21:18:16.8524050Z                      },
Scorecard analysis	Run analysis	2026-05-11T21:18:16.8524396Z                      "help": {
Scorecard analysis	Run analysis	2026-05-11T21:18:16.8524751Z                         "text": "Determines if the project's GitHub Action workflows avoid dangerous patterns.",
Scorecard analysis	Run analysis	2026-05-11T21:18:16.8531934Z                         "markdown": "**Remediation (click \"Show more\" below)**:\n\n- Avoid the dangerous workflow patterns. See this [post](https://securitylab.github.com/research/github-actions-preventing-pwn-requests/) for information on avoiding untrusted code checkouts. See this [document](https://docs.github.com/en/actions/security-guides/security-hardening-for-github-actions#understanding-the-risk-of-script-injections) for information on avoiding and mitigating the risk of script injections.\n\n\n\n**Severity**: Critical\n\n\n\n**Details**:\n\nRisk: `Critical`  (vulnerable to repository compromise)\n\n\n\nThis check determines whether the project's GitHub Action workflows has dangerous\n\ncode patterns. Some examples of these patterns are untrusted code checkouts,\n\nlogging github context and secrets, or use of potentially untrusted inputs in scripts.\n\nThe following patterns are checked:\n\n\n\nUntrusted Code Checkout: This is the misuse of potentially dangerous triggers.\n\nThis checks if a `pull_request_target` or `workflow_run` workflow trigger was used in conjunction\n\nwith an explicit pull request checkout. Workflows triggered with `pull_request_target` / `workflow_run`\n\nhave write permission to the target repository and access to target repository\n\nsecrets. With the PR checkout, PR authors may compromise the repository, for\n\nexample, by using build scripts controlled by the author of the PR or reading\n\ntoken in memory. This check does not detect whether untrusted code checkouts are\n\nused safely, for example, only on pull request that have been assigned a label.\n\n\n\nScript Injection with Untrusted Context Variables: This pattern detects whether a\n\nworkflow's inline script may execute untrusted input from attackers. This occurs when\n\nan attacker adds malicious commands and scripts to a context. When a workflow runs,\n\nthese strings may be interpreted as code that is executed on the runner. Attackers\n\ncan add their own content to certain github context variables that are considered\n\nuntrusted, for example, `github.event.issue.title`. These values should not flow\n\ndirectly into executable code.\n\n\n\nThe highest score is awarded when all workflows avoid the dangerous code patterns.\n\n"
Scorecard analysis	Run analysis	2026-05-11T21:18:16.8539208Z                      },
Scorecard analysis	Run analysis	2026-05-11T21:18:16.8539414Z                      "defaultConfiguration": {
Scorecard analysis	Run analysis	2026-05-11T21:18:16.8539649Z                         "level": "error"
Scorecard analysis	Run analysis	2026-05-11T21:18:16.8539859Z                      },
Scorecard analysis	Run analysis	2026-05-11T21:18:16.8540042Z                      "properties": {
Scorecard analysis	Run analysis	2026-05-11T21:18:16.8540270Z                         "precision": "high",
Scorecard analysis	Run analysis	2026-05-11T21:18:16.8540518Z                         "problem.severity": "error",
Scorecard analysis	Run analysis	2026-05-11T21:18:16.8540772Z                         "security-severity": "9.0",
Scorecard analysis	Run analysis	2026-05-11T21:18:16.8541019Z                         "tags": [
Scorecard analysis	Run analysis	2026-05-11T21:18:16.8541234Z                            "supply-chain",
Scorecard analysis	Run analysis	2026-05-11T21:18:16.8541463Z                            "security",
Scorecard analysis	Run analysis	2026-05-11T21:18:16.8541677Z                            "infrastructure"
Scorecard analysis	Run analysis	2026-05-11T21:18:16.8541895Z                         ]
Scorecard analysis	Run analysis	2026-05-11T21:18:16.8542068Z                      }
Scorecard analysis	Run analysis	2026-05-11T21:18:16.8542244Z                   },
Scorecard analysis	Run analysis	2026-05-11T21:18:16.8542412Z                   {
Scorecard analysis	Run analysis	2026-05-11T21:18:16.8542602Z                      "id": "DependencyUpdateToolID",
Scorecard analysis	Run analysis	2026-05-11T21:18:16.8542877Z                      "name": "Dependency-Update-Tool",
Scorecard analysis	Run analysis	2026-05-11T21:18:16.8543454Z                      "helpUri": "https://github.com/ossf/scorecard/blob/ea7e27ed41b76ab879c862fa0ca4cc9c61764ee4/docs/checks.md#dependency-update-tool",
Scorecard analysis	Run analysis	2026-05-11T21:18:16.8544015Z                      "shortDescription": {
Scorecard analysis	Run analysis	2026-05-11T21:18:16.8544335Z                         "text": "Dependency-Update-Tool"
Scorecard analysis	Run analysis	2026-05-11T21:18:16.8544575Z                      },
Scorecard analysis	Run analysis	2026-05-11T21:18:16.8544852Z                      "fullDescription": {
Scorecard analysis	Run analysis	2026-05-11T21:18:16.8545175Z                         "text": "Determines if the project uses a dependency update tool."
Scorecard analysis	Run analysis	2026-05-11T21:18:16.8545491Z                      },
Scorecard analysis	Run analysis	2026-05-11T21:18:16.8545660Z                      "help": {
Scorecard analysis	Run analysis	2026-05-11T21:18:16.8545952Z                         "text": "Determines if the project uses a dependency update tool.",
Scorecard analysis	Run analysis	2026-05-11T21:18:16.8552488Z                         "markdown": "**Remediation (click \"Show more\" below)**:\n\n- Sign up for automatic dependency updates with one of the previously listed dependency update tools and place the config file in the locations that are recommended by these tools. Due to https://github.com/dependabot/dependabot-core/issues/2804 Dependabot can be enabled for forks where security updates have ever been turned on so projects maintaining stable forks should evaluate whether this behavior is satisfactory before turning it on.\n\n- Unlike Dependabot, Renovate bot has support to migrate dockerfiles' dependencies from version pinning to hash pinning via the [pinDigests setting](https://docs.renovatebot.com/configuration-options/#pindigests) without additional manual effort.\n\n\n\n**Severity**: High\n\n\n\n**Details**:\n\nRisk: `High` (possibly vulnerable to attacks on known flaws)\n\n\n\nThis check tries to determine if the project uses a dependency update tool,\n\nspecifically one of:\n\n- [Dependabot](https://docs.github.com/en/code-security/supply-chain-security/keeping-your-dependencies-updated-automatically/configuration-options-for-dependency-updates)\n\n- [Renovate bot](https://docs.renovatebot.com/configuration-options/)\n\n- [PyUp](https://docs.pyup.io/docs) (Python)\n\nOut-of-date dependencies make a project vulnerable to known flaws and prone to attacks.\n\nThese tools automate the process of updating dependencies by scanning for\n\noutdated or insecure requirements, and opening a pull request to update them if\n\nfound.\n\n\n\nThis check can determine only whether the dependency update tool is enabled; it\n\ndoes not ensure that the tool is run or that the tool's pull requests are\n\nmerged.\n\n\n\nNote: A project that fulfills this criterion with other tools may still receive\n\na low score on this test. There are many ways to implement dependency updates,\n\nand it is challenging for an automated tool like Scorecard to detect them all. A\n\nlow score is therefore not a definitive indication that the project is at risk.\n\n"
Scorecard analysis	Run analysis	2026-05-11T21:18:16.8559172Z                      },
Scorecard analysis	Run analysis	2026-05-11T21:18:16.8559375Z                      "defaultConfiguration": {
Scorecard analysis	Run analysis	2026-05-11T21:18:16.8559611Z                         "level": "error"
Scorecard analysis	Run analysis	2026-05-11T21:18:16.8559827Z                      },
Scorecard analysis	Run analysis	2026-05-11T21:18:16.8560007Z                      "properties": {
Scorecard analysis	Run analysis	2026-05-11T21:18:16.8560234Z                         "precision": "high",
Scorecard analysis	Run analysis	2026-05-11T21:18:16.8560476Z                         "problem.severity": "error",
Scorecard analysis	Run analysis	2026-05-11T21:18:16.8560741Z                         "security-severity": "7.0",
Scorecard analysis	Run analysis	2026-05-11T21:18:16.8560982Z                         "tags": [
Scorecard analysis	Run analysis	2026-05-11T21:18:16.8561197Z                            "supply-chain",
Scorecard analysis	Run analysis	2026-05-11T21:18:16.8561429Z                            "security",
Scorecard analysis	Run analysis	2026-05-11T21:18:16.8561646Z                            "dependencies"
Scorecard analysis	Run analysis	2026-05-11T21:18:16.8561866Z                         ]
Scorecard analysis	Run analysis	2026-05-11T21:18:16.8562042Z                      }
Scorecard analysis	Run analysis	2026-05-11T21:18:16.8562218Z                   },
Scorecard analysis	Run analysis	2026-05-11T21:18:16.8562379Z                   {
Scorecard analysis	Run analysis	2026-05-11T21:18:16.8562562Z                      "id": "LicenseID",
Scorecard analysis	Run analysis	2026-05-11T21:18:16.8562778Z                      "name": "License",
Scorecard analysis	Run analysis	2026-05-11T21:18:16.8563271Z                      "helpUri": "https://github.com/ossf/scorecard/blob/ea7e27ed41b76ab879c862fa0ca4cc9c61764ee4/docs/checks.md#license",
Scorecard analysis	Run analysis	2026-05-11T21:18:16.8563782Z                      "shortDescription": {
Scorecard analysis	Run analysis	2026-05-11T21:18:16.8564016Z                         "text": "License"
Scorecard analysis	Run analysis	2026-05-11T21:18:16.8564317Z                      },
Scorecard analysis	Run analysis	2026-05-11T21:18:16.8564585Z                      "fullDescription": {
Scorecard analysis	Run analysis	2026-05-11T21:18:16.8564888Z                         "text": "Determines if the project has defined a license."
Scorecard analysis	Run analysis	2026-05-11T21:18:16.8565174Z                      },
Scorecard analysis	Run analysis	2026-05-11T21:18:16.8565359Z                      "help": {
Scorecard analysis	Run analysis	2026-05-11T21:18:16.8565630Z                         "text": "Determines if the project has defined a license.",
Scorecard analysis	Run analysis	2026-05-11T21:18:16.8573701Z                         "markdown": "**Remediation (click \"Show more\" below)**:\n\n- Determine [which license](https://docs.github.com/en/repositories/managing-your-repositorys-settings-and-features/customizing-your-repository/licensing-a-repository) to apply to your project. For GitHub hosted projects, follow those instructions to establish a license for your project.\n\n- For other hosting environments, create the license in a `.adoc`, `.asc`, `.docx`, `.doc`, `.ext`, `.html`, `.markdown`, `.md`, `.rst`, `.txt`, or `.xml`, named `LICENSE`, `COPYRIGHT`, or `COPYING`, and place it in the top-level directory. To identify a specific license, use an [SPDX license identifier](https://spdx.org/licenses/) in the filename. Examples include `LICENSE.md`, `Apache-2.0-LICENSE.md` or `LICENSE-Apache-2.0`.\n\n- Alternately, create a `LICENSES` directory and add a license file(s) with a name that matches your [SPDX license identifier](https://spdx.org/licenses/). such as `LICENSES/Apache-2.0.txt`.\n\n\n\n**Severity**: Low\n\n\n\n**Details**:\n\nRisk: `Low` (possible impediment to security review)\n\n\n\nThis check tries to determine if the project has published a license. It\n\nworks by using either hosting APIs or by checking standard locations\n\nfor a file named according to common conventions for licenses.\n\n\n\nA license can give users information about how the source code may or may\n\nnot be used. The lack of a license will impede any kind of security review\n\nor audit and creates a legal risk for potential users.\n\n\n\nScorecard uses the\n\n[GitHub License API](https://docs.github.com/en/rest/licenses#get-the-license-for-a-repository)\n\nfor GitHub hosted projects. Otherwise, Scorecard uses its own heuristics to\n\ndetect a published license file.\n\n\n\nOn its own, this check will detect files in the top-level directory with\n\nany combination of the following names and extensions:`LICENSE`, `LICENCE`,\n\n`COPYING`, `COPYRIGHT` and having common extensions such as `.html`, `.txt`,\n\nor `.md`. It will also detect these files in a directory named `LICENSES`.\n\n(Files in a `LICENSES` directory are typically named as their\n\n[SPDX](https://spdx.org/licenses/) license identifier followed by an\n\nappropriate file extension, as described in the [REUSE Specification](https://reuse.software/spec/).)\n\n\n\nLicense Requirements:\n\n  - A detected `LICENSE`, `COPYRIGHT`, or `COPYING` filename, or license\n\n    files in a `LICENSES` directory (6/10 points)\n\n  - The detected file is at the top-level directory (3/10 points)\n\n  - A [FSF or OSI](https://spdx.org/licenses/) license is specified (1/10 points)\n\n"
Scorecard analysis	Run analysis	2026-05-11T21:18:16.8582019Z                      },
Scorecard analysis	Run analysis	2026-05-11T21:18:16.8582230Z                      "defaultConfiguration": {
Scorecard analysis	Run analysis	2026-05-11T21:18:16.8582473Z                         "level": "error"
Scorecard analysis	Run analysis	2026-05-11T21:18:16.8582687Z                      },
Scorecard analysis	Run analysis	2026-05-11T21:18:16.8582862Z                      "properties": {
Scorecard analysis	Run analysis	2026-05-11T21:18:16.8583092Z                         "precision": "high",
Scorecard analysis	Run analysis	2026-05-11T21:18:16.8583349Z                         "problem.severity": "recommendation",
Scorecard analysis	Run analysis	2026-05-11T21:18:16.8583629Z                         "security-severity": "1.0",
Scorecard analysis	Run analysis	2026-05-11T21:18:16.8583869Z                         "tags": [
Scorecard analysis	Run analysis	2026-05-11T21:18:16.8584132Z                            "license"
Scorecard analysis	Run analysis	2026-05-11T21:18:16.8584345Z                         ]
Scorecard analysis	Run analysis	2026-05-11T21:18:16.8584519Z                      }
Scorecard analysis	Run analysis	2026-05-11T21:18:16.8584688Z                   },
Scorecard analysis	Run analysis	2026-05-11T21:18:16.8584843Z                   {
Scorecard analysis	Run analysis	2026-05-11T21:18:16.8585033Z                      "id": "PinnedDependenciesID",
Scorecard analysis	Run analysis	2026-05-11T21:18:16.8585291Z                      "name": "Pinned-Dependencies",
Scorecard analysis	Run analysis	2026-05-11T21:18:16.8585956Z                      "helpUri": "https://github.com/ossf/scorecard/blob/ea7e27ed41b76ab879c862fa0ca4cc9c61764ee4/docs/checks.md#pinned-dependencies",
Scorecard analysis	Run analysis	2026-05-11T21:18:16.8586511Z                      "shortDescription": {
Scorecard analysis	Run analysis	2026-05-11T21:18:16.8586757Z                         "text": "Pinned-Dependencies"
Scorecard analysis	Run analysis	2026-05-11T21:18:16.8586997Z                      },
Scorecard analysis	Run analysis	2026-05-11T21:18:16.8587183Z                      "fullDescription": {
Scorecard analysis	Run analysis	2026-05-11T21:18:16.8587606Z                         "text": "Determines if the project has declared and pinned the dependencies of its build process."
Scorecard analysis	Run analysis	2026-05-11T21:18:16.8588012Z                      },
Scorecard analysis	Run analysis	2026-05-11T21:18:16.8588194Z                      "help": {
Scorecard analysis	Run analysis	2026-05-11T21:18:16.8588601Z                         "text": "Determines if the project has declared and pinned the dependencies of its build process.",
Scorecard analysis	Run analysis	2026-05-11T21:18:16.8602463Z                         "markdown": "**Remediation (click \"Show more\" below)**:\n\n- If your project is producing an application, declare all your dependencies with specific versions in your package format file (e.g. `package.json` for npm, `requirements.txt` for python, `packages.config` for nuget). For C/C++, check in the code from a trusted source and add a `README` on the specific version used (and the archive SHA hashes).\n\n- If your project is producing an application and the package manager supports lock files (e.g. `package-lock.json` for npm), make sure to check these in the source code as well. These files maintain signatures for the entire dependency tree and saves from future exploitation in case the package is compromised.\n\n- For Dockerfiles used in building and releasing your project, pin dependencies by hash. See [Dockerfile](https://github.com/ossf/scorecard/blob/main/cron/internal/worker/Dockerfile) for example. If you are using a manifest list to support builds across multiple architectures, you can pin to the manifest list hash instead of a single image hash. You can use a tool like [crane](https://github.com/google/go-containerregistry/blob/main/cmd/crane/README.md) to obtain the hash of the manifest list like in this [example](https://github.com/ossf/scorecard/issues/1773#issuecomment-1076699039).\n\n- For GitHub workflows used in building and releasing your project, pin dependencies by hash. See [main.yaml](https://github.com/ossf/scorecard/blob/f55b86d6627cc3717e3a0395e03305e81b9a09be/.github/workflows/main.yml#L27) for example. To determine the permissions needed for your workflows, you may use [StepSecurity's online tool](https://app.stepsecurity.io/secureworkflow/) by ticking the \"Pin actions to a full length commit SHA\". You may also tick the \"Restrict permissions for GITHUB_TOKEN\" to fix issues found by the Token-Permissions check.\n\n- To help update your dependencies after pinning them, use tools such as those listed for the dependency update tool check.\n\n\n\n**Severity**: Medium\n\n\n\n**Details**:\n\nRisk: `Medium` (possible compromised dependencies)\n\n\n\nThis check tries to determine if the project pins dependencies used during its build and release process.\n\nA \"pinned dependency\" is a dependency that is explicitly set to a specific hash instead of\n\nallowing a mutable version or range of versions. It\n\nis currently limited to repositories hosted on GitHub, and does not support\n\nother source hosting repositories (i.e., Forges).\n\n\n\nThe check works by looking for unpinned dependencies in Dockerfiles, shell scripts, and GitHub workflows\n\nwhich are used during the build and release process of a project.\n\nSpecial considerations for Go modules treat full semantic versions as pinned\n\ndue to how the Go tool verifies downloaded content against the hashes when anyone first downloaded the module.\n\n\n\nPinned dependencies reduce several security risks:\n\n\n\n  - They ensure that checking and deployment are all done with the same\n\n    software, reducing deployment risks, simplifying debugging, and enabling\n\n    reproducibility.\n\n  - They can help mitigate compromised dependencies from undermining the\n\n    security of the project (in the case where you've evaluated the pinned\n\n    dependency, you are confident it's not compromised, and a later version is\n\n    released that is compromised).\n\n  - They are one way to [counter dependency confusion (aka substitution) attacks](https://azure.microsoft.com/en-us/resources/3-ways-to-mitigate-risk-using-private-package-feeds/),\n\n    in which an application uses multiple feeds to acquire software packages (a\n\n    \"hybrid configuration\"), and attackers fool the user into using a malicious\n\n    package via a feed that was not expected for that package.\n\n\n\nHowever, pinning dependencies can inhibit software updates, either because of a\n\nsecurity vulnerability or because the pinned version is compromised. Mitigate\n\nthis risk by:\n\n\n\n  - using automated tools to notify applications when their dependencies are\n\n    outdated;\n\n  - quickly updating applications that do pin dependencies.\n\n\n\nFor projects hosted on GitHub, you can learn more about\n\ndependencies using the [GitHub dependency graph](https://docs.github.com/en/code-security/supply-chain-security/understanding-your-software-supply-chain/about-the-dependency-graph).\n\n"
Scorecard analysis	Run analysis	2026-05-11T21:18:16.8616344Z                      },
Scorecard analysis	Run analysis	2026-05-11T21:18:16.8616548Z                      "defaultConfiguration": {
Scorecard analysis	Run analysis	2026-05-11T21:18:16.8616784Z                         "level": "error"
Scorecard analysis	Run analysis	2026-05-11T21:18:16.8616999Z                      },
Scorecard analysis	Run analysis	2026-05-11T21:18:16.8617183Z                      "properties": {
Scorecard analysis	Run analysis	2026-05-11T21:18:16.8617768Z                         "precision": "high",
Scorecard analysis	Run analysis	2026-05-11T21:18:16.8618198Z                         "problem.severity": "warning",
Scorecard analysis	Run analysis	2026-05-11T21:18:16.8618463Z                         "security-severity": "4.0",
Scorecard analysis	Run analysis	2026-05-11T21:18:16.8618713Z                         "tags": [
Scorecard analysis	Run analysis	2026-05-11T21:18:16.8618924Z                            "supply-chain",
Scorecard analysis	Run analysis	2026-05-11T21:18:16.8619151Z                            "security",
Scorecard analysis	Run analysis	2026-05-11T21:18:16.8619373Z                            "dependencies"
Scorecard analysis	Run analysis	2026-05-11T21:18:16.8619594Z                         ]
Scorecard analysis	Run analysis	2026-05-11T21:18:16.8619773Z                      }
Scorecard analysis	Run analysis	2026-05-11T21:18:16.8619937Z                   },
Scorecard analysis	Run analysis	2026-05-11T21:18:16.8620102Z                   {
Scorecard analysis	Run analysis	2026-05-11T21:18:16.8620284Z                      "id": "TokenPermissionsID",
Scorecard analysis	Run analysis	2026-05-11T21:18:16.8620544Z                      "name": "Token-Permissions",
Scorecard analysis	Run analysis	2026-05-11T21:18:16.8621188Z                      "helpUri": "https://github.com/ossf/scorecard/blob/ea7e27ed41b76ab879c862fa0ca4cc9c61764ee4/docs/checks.md#token-permissions",
Scorecard analysis	Run analysis	2026-05-11T21:18:16.8621738Z                      "shortDescription": {
Scorecard analysis	Run analysis	2026-05-11T21:18:16.8621984Z                         "text": "Token-Permissions"
Scorecard analysis	Run analysis	2026-05-11T21:18:16.8622214Z                      },
Scorecard analysis	Run analysis	2026-05-11T21:18:16.8622405Z                      "fullDescription": {
Scorecard analysis	Run analysis	2026-05-11T21:18:16.8622789Z                         "text": "Determines if the project's workflows follow the principle of least privilege."
Scorecard analysis	Run analysis	2026-05-11T21:18:16.8623178Z                      },
Scorecard analysis	Run analysis	2026-05-11T21:18:16.8623352Z                      "help": {
Scorecard analysis	Run analysis	2026-05-11T21:18:16.8623719Z                         "text": "Determines if the project's workflows follow the principle of least privilege.",
Scorecard analysis	Run analysis	2026-05-11T21:18:16.8634596Z                         "markdown": "**Remediation (click \"Show more\" below)**:\n\n- Set top-level permissions as `read-all` or `contents: read` as described in GitHub's [documentation](https://docs.github.com/en/actions/reference/workflow-syntax-for-github-actions#permissions).\n\n- Set any required write permissions at the job-level. Only set the permissions required for that job; do not set `permissions: write-all` at the job level.\n\n- To help determine the permissions needed for your workflows, you may use [StepSecurity's online tool](https://app.stepsecurity.io/secureworkflow/) by ticking the \"Restrict permissions for GITHUB_TOKEN\". You may also tick the \"Pin actions to a full length commit SHA\" to fix issues found by the Pinned-dependencies check.\n\n\n\n**Severity**: High\n\n\n\n**Details**:\n\nRisk: `High` (vulnerable to malicious code additions)\n\n\n\nThis check determines whether the project's automated workflows tokens follow the\n\nprinciple of least privilege. This is important because attackers may use a\n\ncompromised token with write access to, for example, push malicious code into the\n\nproject.\n\n\n\nIt is currently limited to repositories hosted on GitHub, and does not support\n\nother source hosting repositories (i.e., Forges).\n\n\n\nThe highest score is awarded when the permissions definitions in each workflow's\n\nyaml file are set as read-only at the\n\n[top level](https://docs.github.com/en/actions/reference/workflow-syntax-for-github-actions#permissions)\n\nand the required write permissions are declared at the\n\n[run-level](https://docs.github.com/en/actions/reference/workflow-syntax-for-github-actions#jobsjob_idpermissions).\n\nOne point is reduced from the score if all jobs have their permissions defined but the top level permissions are not defined.\n\nThis configuration is secure, but there is a chance that when a new job is added to the workflow, its job permissions could be\n\nleft undefined because of human error.\n\n\n\nThough a project's score won't be penalized, the check's details will include\n\nwarnings for more sensitive run-level permissions, listed below:\n\n\n\n* `actions` - May allow an attacker to steal GitHub secrets by approving to run an action that needs approval.\n\n* `checks` - May allow an attacker to remove pre-submit checks and introduce a bug.\n\n* `contents` - Allows an attacker to commit unreviewed code. However, points are not reduced if the job utilizes a recognized packaging action or command.\n\n* `deployments` - May allow an attacker to charge repo owner by triggering VM runs, and tiny chance an attacker can trigger a remote service with code they own if server accepts code/location variables unsanitized.\n\n* `packages` - Allows an attacker to publish packages. However, points are not reduced if the job utilizes a recognized packaging action or command.\n\n* `security-events` - May allow an attacker to read vulnerability reports before a patch is available. However, points are not reduced if the job utilizes a recognized action for uploading SARIF results.\n\n* `statuses` - May allow an attacker to change the result of pre-submit checks and get a PR merged.\n\n\n\nThis compromise makes it clear the maintainer has done what's possible to use those permissions safety,\n\nbut allows users to identify that the permissions are used.\n\n\n\nThe check cannot detect if the \"read-only\" GitHub permission setting is\n\nenabled, as there is no API available.\n\n"
Scorecard analysis	Run analysis	2026-05-11T21:18:16.8645483Z                      },
Scorecard analysis	Run analysis	2026-05-11T21:18:16.8645686Z                      "defaultConfiguration": {
Scorecard analysis	Run analysis	2026-05-11T21:18:16.8645929Z                         "level": "error"
Scorecard analysis	Run analysis	2026-05-11T21:18:16.8646138Z                      },
Scorecard analysis	Run analysis	2026-05-11T21:18:16.8646337Z                      "properties": {
Scorecard analysis	Run analysis	2026-05-11T21:18:16.8646566Z                         "precision": "high",
Scorecard analysis	Run analysis	2026-05-11T21:18:16.8646818Z                         "problem.severity": "error",
Scorecard analysis	Run analysis	2026-05-11T21:18:16.8647071Z                         "security-severity": "7.0",
Scorecard analysis	Run analysis	2026-05-11T21:18:16.8647310Z                         "tags": [
Scorecard analysis	Run analysis	2026-05-11T21:18:16.8647525Z                            "supply-chain",
Scorecard analysis	Run analysis	2026-05-11T21:18:16.8647747Z                            "security",
Scorecard analysis	Run analysis	2026-05-11T21:18:16.8647970Z                            "infrastructure"
Scorecard analysis	Run analysis	2026-05-11T21:18:16.8648185Z                         ]
Scorecard analysis	Run analysis	2026-05-11T21:18:16.8648363Z                      }
Scorecard analysis	Run analysis	2026-05-11T21:18:16.8648523Z                   }
Scorecard analysis	Run analysis	2026-05-11T21:18:16.8648687Z                ]
Scorecard analysis	Run analysis	2026-05-11T21:18:16.8648838Z             }
Scorecard analysis	Run analysis	2026-05-11T21:18:16.8648990Z          },
Scorecard analysis	Run analysis	2026-05-11T21:18:16.8649135Z          "results": [
Scorecard analysis	Run analysis	2026-05-11T21:18:16.8649302Z             {
Scorecard analysis	Run analysis	2026-05-11T21:18:16.8649475Z                "ruleId": "BinaryArtifactsID",
Scorecard analysis	Run analysis	2026-05-11T21:18:16.8649703Z                "ruleIndex": 0,
Scorecard analysis	Run analysis	2026-05-11T21:18:16.8649975Z                "message": {
Scorecard analysis	Run analysis	2026-05-11T21:18:16.8650322Z                   "text": "score is 9: binary detected\nClick Remediation section below to solve this issue"
Scorecard analysis	Run analysis	2026-05-11T21:18:16.8650696Z                },
Scorecard analysis	Run analysis	2026-05-11T21:18:16.8650863Z                "locations": [
Scorecard analysis	Run analysis	2026-05-11T21:18:16.8651265Z                   {
Scorecard analysis	Run analysis	2026-05-11T21:18:16.8651449Z                      "physicalLocation": {
Scorecard analysis	Run analysis	2026-05-11T21:18:16.8651680Z                         "region": {
Scorecard analysis	Run analysis	2026-05-11T21:18:16.8651899Z                            "startLine": 1,
Scorecard analysis	Run analysis	2026-05-11T21:18:16.8652119Z                            "byteOffset": 1
Scorecard analysis	Run analysis	2026-05-11T21:18:16.8652338Z                         },
Scorecard analysis	Run analysis	2026-05-11T21:18:16.8652542Z                         "artifactLocation": {
Scorecard analysis	Run analysis	2026-05-11T21:18:16.8652828Z                            "uri": "gradle/wrapper/gradle-wrapper.jar",
Scorecard analysis	Run analysis	2026-05-11T21:18:16.8653120Z                            "uriBaseId": "%SRCROOT%"
Scorecard analysis	Run analysis	2026-05-11T21:18:16.8653358Z                         }
Scorecard analysis	Run analysis	2026-05-11T21:18:16.8653534Z                      },
Scorecard analysis	Run analysis	2026-05-11T21:18:16.8653729Z                      "message": {
Scorecard analysis	Run analysis	2026-05-11T21:18:16.8653944Z                         "text": "binary detected"
Scorecard analysis	Run analysis	2026-05-11T21:18:16.8654272Z                      }
Scorecard analysis	Run analysis	2026-05-11T21:18:16.8654440Z                   }
Scorecard analysis	Run analysis	2026-05-11T21:18:16.8654598Z                ]
Scorecard analysis	Run analysis	2026-05-11T21:18:16.8654760Z             },
Scorecard analysis	Run analysis	2026-05-11T21:18:16.8654913Z             {
Scorecard analysis	Run analysis	2026-05-11T21:18:16.8655091Z                "ruleId": "LicenseID",
Scorecard analysis	Run analysis	2026-05-11T21:18:16.8655311Z                "ruleIndex": 3,
Scorecard analysis	Run analysis	2026-05-11T21:18:16.8655513Z                "message": {
Scorecard analysis	Run analysis	2026-05-11T21:18:16.8656022Z                   "text": "score is 0: license file not detected:\nWarn: project does not have a license file\nClick Remediation section below to solve this issue"
Scorecard analysis	Run analysis	2026-05-11T21:18:16.8656557Z                },
Scorecard analysis	Run analysis	2026-05-11T21:18:16.8656738Z                "locations": [
Scorecard analysis	Run analysis	2026-05-11T21:18:16.8656930Z                   {
Scorecard analysis	Run analysis	2026-05-11T21:18:16.8657118Z                      "physicalLocation": {
Scorecard analysis	Run analysis	2026-05-11T21:18:16.8657342Z                         "region": {
Scorecard analysis	Run analysis	2026-05-11T21:18:16.8657558Z                            "startLine": 1
Scorecard analysis	Run analysis	2026-05-11T21:18:16.8657766Z                         },
Scorecard analysis	Run analysis	2026-05-11T21:18:16.8657966Z                         "artifactLocation": {
Scorecard analysis	Run analysis	2026-05-11T21:18:16.8658231Z                            "uri": "no file associated with this alert",
Scorecard analysis	Run analysis	2026-05-11T21:18:16.8658516Z                            "uriBaseId": "%SRCROOT%"
Scorecard analysis	Run analysis	2026-05-11T21:18:16.8658815Z                         }
Scorecard analysis	Run analysis	2026-05-11T21:18:16.8658993Z                      }
Scorecard analysis	Run analysis	2026-05-11T21:18:16.8659164Z                   }
Scorecard analysis	Run analysis	2026-05-11T21:18:16.8659314Z                ]
Scorecard analysis	Run analysis	2026-05-11T21:18:16.8659474Z             },
Scorecard analysis	Run analysis	2026-05-11T21:18:16.8659618Z             {
Scorecard analysis	Run analysis	2026-05-11T21:18:16.8659807Z                "ruleId": "PinnedDependenciesID",
Scorecard analysis	Run analysis	2026-05-11T21:18:16.8660047Z                "ruleIndex": 4,
Scorecard analysis	Run analysis	2026-05-11T21:18:16.8660248Z                "message": {
Scorecard analysis	Run analysis	2026-05-11T21:18:16.8661250Z                   "text": "score is 0: GitHub-owned GitHubAction not pinned by hash\nRemediation tip: update your workflow using [https://app.stepsecurity.io](https://app.stepsecurity.io/secureworkflow/adamoutler/cossh/ci.yml/main?enable=pin)\nClick Remediation section below for further remediation help"
Scorecard analysis	Run analysis	2026-05-11T21:18:16.8662255Z                },
Scorecard analysis	Run analysis	2026-05-11T21:18:16.8662424Z                "locations": [
Scorecard analysis	Run analysis	2026-05-11T21:18:16.8662604Z                   {
Scorecard analysis	Run analysis	2026-05-11T21:18:16.8662783Z                      "physicalLocation": {
Scorecard analysis	Run analysis	2026-05-11T21:18:16.8663005Z                         "region": {
Scorecard analysis	Run analysis	2026-05-11T21:18:16.8663222Z                            "startLine": 39,
Scorecard analysis	Run analysis	2026-05-11T21:18:16.8663442Z                            "endLine": 39,
Scorecard analysis	Run analysis	2026-05-11T21:18:16.8663669Z                            "snippet": {
Scorecard analysis	Run analysis	2026-05-11T21:18:16.8663907Z                               "text": "actions/checkout@v4"
Scorecard analysis	Run analysis	2026-05-11T21:18:16.8664219Z                            }
Scorecard analysis	Run analysis	2026-05-11T21:18:16.8664415Z                         },
Scorecard analysis	Run analysis	2026-05-11T21:18:16.8664611Z                         "artifactLocation": {
Scorecard analysis	Run analysis	2026-05-11T21:18:16.8664941Z                            "uri": ".github/workflows/ci.yml",
Scorecard analysis	Run analysis	2026-05-11T21:18:16.8665203Z                            "uriBaseId": "%SRCROOT%"
Scorecard analysis	Run analysis	2026-05-11T21:18:16.8665436Z                         }
Scorecard analysis	Run analysis	2026-05-11T21:18:16.8665610Z                      },
Scorecard analysis	Run analysis	2026-05-11T21:18:16.8665801Z                      "message": {
Scorecard analysis	Run analysis	2026-05-11T21:18:16.8666564Z                         "text": "GitHub-owned GitHubAction not pinned by hash\nRemediation tip: update your workflow using [https://app.stepsecurity.io](https://app.stepsecurity.io/secureworkflow/adamoutler/cossh/ci.yml/main?enable=pin)"
Scorecard analysis	Run analysis	2026-05-11T21:18:16.8667353Z                      }
Scorecard analysis	Run analysis	2026-05-11T21:18:16.8667527Z                   }
Scorecard analysis	Run analysis	2026-05-11T21:18:16.8667679Z                ]
Scorecard analysis	Run analysis	2026-05-11T21:18:16.8667837Z             },
Scorecard analysis	Run analysis	2026-05-11T21:18:16.8667985Z             {
Scorecard analysis	Run analysis	2026-05-11T21:18:16.8668173Z                "ruleId": "PinnedDependenciesID",
Scorecard analysis	Run analysis	2026-05-11T21:18:16.8668411Z                "ruleIndex": 4,
Scorecard analysis	Run analysis	2026-05-11T21:18:16.8668610Z                "message": {
Scorecard analysis	Run analysis	2026-05-11T21:18:16.8669571Z                   "text": "score is 0: GitHub-owned GitHubAction not pinned by hash\nRemediation tip: update your workflow using [https://app.stepsecurity.io](https://app.stepsecurity.io/secureworkflow/adamoutler/cossh/ci.yml/main?enable=pin)\nClick Remediation section below for further remediation help"
Scorecard analysis	Run analysis	2026-05-11T21:18:16.8670557Z                },
Scorecard analysis	Run analysis	2026-05-11T21:18:16.8670730Z                "locations": [
Scorecard analysis	Run analysis	2026-05-11T21:18:16.8670916Z                   {
Scorecard analysis	Run analysis	2026-05-11T21:18:16.8671102Z                      "physicalLocation": {
Scorecard analysis	Run analysis	2026-05-11T21:18:16.8671325Z                         "region": {
Scorecard analysis	Run analysis	2026-05-11T21:18:16.8671545Z                            "startLine": 41,
Scorecard analysis	Run analysis	2026-05-11T21:18:16.8671764Z                            "endLine": 41,
Scorecard analysis	Run analysis	2026-05-11T21:18:16.8671991Z                            "snippet": {
Scorecard analysis	Run analysis	2026-05-11T21:18:16.8672238Z                               "text": "actions/setup-java@v4"
Scorecard analysis	Run analysis	2026-05-11T21:18:16.8672482Z                            }
Scorecard analysis	Run analysis	2026-05-11T21:18:16.8672673Z                         },
Scorecard analysis	Run analysis	2026-05-11T21:18:16.8672872Z                         "artifactLocation": {
Scorecard analysis	Run analysis	2026-05-11T21:18:16.8673127Z                            "uri": ".github/workflows/ci.yml",
Scorecard analysis	Run analysis	2026-05-11T21:18:16.8673383Z                            "uriBaseId": "%SRCROOT%"
Scorecard analysis	Run analysis	2026-05-11T21:18:16.8673612Z                         }
Scorecard analysis	Run analysis	2026-05-11T21:18:16.8673782Z                      },
Scorecard analysis	Run analysis	2026-05-11T21:18:16.8673962Z                      "message": {
Scorecard analysis	Run analysis	2026-05-11T21:18:16.8674858Z                         "text": "GitHub-owned GitHubAction not pinned by hash\nRemediation tip: update your workflow using [https://app.stepsecurity.io](https://app.stepsecurity.io/secureworkflow/adamoutler/cossh/ci.yml/main?enable=pin)"
Scorecard analysis	Run analysis	2026-05-11T21:18:16.8675636Z                      }
Scorecard analysis	Run analysis	2026-05-11T21:18:16.8675804Z                   }
Scorecard analysis	Run analysis	2026-05-11T21:18:16.8675962Z                ]
Scorecard analysis	Run analysis	2026-05-11T21:18:16.8676117Z             },
Scorecard analysis	Run analysis	2026-05-11T21:18:16.8676262Z             {
Scorecard analysis	Run analysis	2026-05-11T21:18:16.8676451Z                "ruleId": "PinnedDependenciesID",
Scorecard analysis	Run analysis	2026-05-11T21:18:16.8676693Z                "ruleIndex": 4,
Scorecard analysis	Run analysis	2026-05-11T21:18:16.8676893Z                "message": {
Scorecard analysis	Run analysis	2026-05-11T21:18:16.8677867Z                   "text": "score is 0: third-party GitHubAction not pinned by hash\nRemediation tip: update your workflow using [https://app.stepsecurity.io](https://app.stepsecurity.io/secureworkflow/adamoutler/cossh/ci.yml/main?enable=pin)\nClick Remediation section below for further remediation help"
Scorecard analysis	Run analysis	2026-05-11T21:18:16.8678856Z                },
Scorecard analysis	Run analysis	2026-05-11T21:18:16.8679026Z                "locations": [
Scorecard analysis	Run analysis	2026-05-11T21:18:16.8679206Z                   {
Scorecard analysis	Run analysis	2026-05-11T21:18:16.8679384Z                      "physicalLocation": {
Scorecard analysis	Run analysis	2026-05-11T21:18:16.8679603Z                         "region": {
Scorecard analysis	Run analysis	2026-05-11T21:18:16.8679821Z                            "startLine": 46,
Scorecard analysis	Run analysis	2026-05-11T21:18:16.8680050Z                            "endLine": 46,
Scorecard analysis	Run analysis	2026-05-11T21:18:16.8680269Z                            "snippet": {
Scorecard analysis	Run analysis	2026-05-11T21:18:16.8680529Z                               "text": "gradle/actions/setup-gradle@v4"
Scorecard analysis	Run analysis	2026-05-11T21:18:16.8680850Z                            }
Scorecard analysis	Run analysis	2026-05-11T21:18:16.8681070Z                         },
Scorecard analysis	Run analysis	2026-05-11T21:18:16.8681269Z                         "artifactLocation": {
Scorecard analysis	Run analysis	2026-05-11T21:18:16.8681532Z                            "uri": ".github/workflows/ci.yml",
Scorecard analysis	Run analysis	2026-05-11T21:18:16.8681795Z                            "uriBaseId": "%SRCROOT%"
Scorecard analysis	Run analysis	2026-05-11T21:18:16.8682026Z                         }
Scorecard analysis	Run analysis	2026-05-11T21:18:16.8682215Z                      },
Scorecard analysis	Run analysis	2026-05-11T21:18:16.8682394Z                      "message": {
Scorecard analysis	Run analysis	2026-05-11T21:18:16.8683162Z                         "text": "third-party GitHubAction not pinned by hash\nRemediation tip: update your workflow using [https://app.stepsecurity.io](https://app.stepsecurity.io/secureworkflow/adamoutler/cossh/ci.yml/main?enable=pin)"
Scorecard analysis	Run analysis	2026-05-11T21:18:16.8683936Z                      }
Scorecard analysis	Run analysis	2026-05-11T21:18:16.8684170Z                   }
Scorecard analysis	Run analysis	2026-05-11T21:18:16.8684330Z                ]
Scorecard analysis	Run analysis	2026-05-11T21:18:16.8684494Z             },
Scorecard analysis	Run analysis	2026-05-11T21:18:16.8684656Z             {
Scorecard analysis	Run analysis	2026-05-11T21:18:16.8684834Z                "ruleId": "PinnedDependenciesID",
Scorecard analysis	Run analysis	2026-05-11T21:18:16.8685083Z                "ruleIndex": 4,
Scorecard analysis	Run analysis	2026-05-11T21:18:16.8685272Z                "message": {
Scorecard analysis	Run analysis	2026-05-11T21:18:16.8686241Z                   "text": "score is 0: GitHub-owned GitHubAction not pinned by hash\nRemediation tip: update your workflow using [https://app.stepsecurity.io](https://app.stepsecurity.io/secureworkflow/adamoutler/cossh/ci.yml/main?enable=pin)\nClick Remediation section below for further remediation help"
Scorecard analysis	Run analysis	2026-05-11T21:18:16.8687228Z                },
Scorecard analysis	Run analysis	2026-05-11T21:18:16.8687396Z                "locations": [
Scorecard analysis	Run analysis	2026-05-11T21:18:16.8687588Z                   {
Scorecard analysis	Run analysis	2026-05-11T21:18:16.8687768Z                      "physicalLocation": {
Scorecard analysis	Run analysis	2026-05-11T21:18:16.8688009Z                         "region": {
Scorecard analysis	Run analysis	2026-05-11T21:18:16.8688222Z                            "startLine": 62,
Scorecard analysis	Run analysis	2026-05-11T21:18:16.8688447Z                            "endLine": 62,
Scorecard analysis	Run analysis	2026-05-11T21:18:16.8688669Z                            "snippet": {
Scorecard analysis	Run analysis	2026-05-11T21:18:16.8688914Z                               "text": "actions/checkout@v4"
Scorecard analysis	Run analysis	2026-05-11T21:18:16.8689152Z                            }
Scorecard analysis	Run analysis	2026-05-11T21:18:16.8689339Z                         },
Scorecard analysis	Run analysis	2026-05-11T21:18:16.8689532Z                         "artifactLocation": {
Scorecard analysis	Run analysis	2026-05-11T21:18:16.8689785Z                            "uri": ".github/workflows/ci.yml",
Scorecard analysis	Run analysis	2026-05-11T21:18:16.8690053Z                            "uriBaseId": "%SRCROOT%"
Scorecard analysis	Run analysis	2026-05-11T21:18:16.8690348Z                         }
Scorecard analysis	Run analysis	2026-05-11T21:18:16.8690529Z                      },
Scorecard analysis	Run analysis	2026-05-11T21:18:16.8690706Z                      "message": {
Scorecard analysis	Run analysis	2026-05-11T21:18:16.8691473Z                         "text": "GitHub-owned GitHubAction not pinned by hash\nRemediation tip: update your workflow using [https://app.stepsecurity.io](https://app.stepsecurity.io/secureworkflow/adamoutler/cossh/ci.yml/main?enable=pin)"
Scorecard analysis	Run analysis	2026-05-11T21:18:16.8692241Z                      }
Scorecard analysis	Run analysis	2026-05-11T21:18:16.8692411Z                   }
Scorecard analysis	Run analysis	2026-05-11T21:18:16.8692576Z                ]
Scorecard analysis	Run analysis	2026-05-11T21:18:16.8692724Z             },
Scorecard analysis	Run analysis	2026-05-11T21:18:16.8692875Z             {
Scorecard analysis	Run analysis	2026-05-11T21:18:16.8693050Z                "ruleId": "PinnedDependenciesID",
Scorecard analysis	Run analysis	2026-05-11T21:18:16.8693292Z                "ruleIndex": 4,
Scorecard analysis	Run analysis	2026-05-11T21:18:16.8693480Z                "message": {
Scorecard analysis	Run analysis	2026-05-11T21:18:16.8694509Z                   "text": "score is 0: GitHub-owned GitHubAction not pinned by hash\nRemediation tip: update your workflow using [https://app.stepsecurity.io](https://app.stepsecurity.io/secureworkflow/adamoutler/cossh/ci.yml/main?enable=pin)\nClick Remediation section below for further remediation help"
Scorecard analysis	Run analysis	2026-05-11T21:18:16.8695496Z                },
Scorecard analysis	Run analysis	2026-05-11T21:18:16.8695660Z                "locations": [
Scorecard analysis	Run analysis	2026-05-11T21:18:16.8695847Z                   {
Scorecard analysis	Run analysis	2026-05-11T21:18:16.8696019Z                      "physicalLocation": {
Scorecard analysis	Run analysis	2026-05-11T21:18:16.8696248Z                         "region": {
Scorecard analysis	Run analysis	2026-05-11T21:18:16.8696460Z                            "startLine": 64,
Scorecard analysis	Run analysis	2026-05-11T21:18:16.8696753Z                            "endLine": 64,
Scorecard analysis	Run analysis	2026-05-11T21:18:16.8696972Z                            "snippet": {
Scorecard analysis	Run analysis	2026-05-11T21:18:16.8697222Z                               "text": "actions/setup-java@v4"
Scorecard analysis	Run analysis	2026-05-11T21:18:16.8697460Z                            }
Scorecard analysis	Run analysis	2026-05-11T21:18:16.8697652Z                         },
Scorecard analysis	Run analysis	2026-05-11T21:18:16.8697856Z                         "artifactLocation": {
Scorecard analysis	Run analysis	2026-05-11T21:18:16.8698110Z                            "uri": ".github/workflows/ci.yml",
Scorecard analysis	Run analysis	2026-05-11T21:18:16.8698378Z                            "uriBaseId": "%SRCROOT%"
Scorecard analysis	Run analysis	2026-05-11T21:18:16.8698603Z                         }
Scorecard analysis	Run analysis	2026-05-11T21:18:16.8698786Z                      },
Scorecard analysis	Run analysis	2026-05-11T21:18:16.8698960Z                      "message": {
Scorecard analysis	Run analysis	2026-05-11T21:18:16.8699731Z                         "text": "GitHub-owned GitHubAction not pinned by hash\nRemediation tip: update your workflow using [https://app.stepsecurity.io](https://app.stepsecurity.io/secureworkflow/adamoutler/cossh/ci.yml/main?enable=pin)"
Scorecard analysis	Run analysis	2026-05-11T21:18:16.8700526Z                      }
Scorecard analysis	Run analysis	2026-05-11T21:18:16.8700692Z                   }
Scorecard analysis	Run analysis	2026-05-11T21:18:16.8700857Z                ]
Scorecard analysis	Run analysis	2026-05-11T21:18:16.8701006Z             },
Scorecard analysis	Run analysis	2026-05-11T21:18:16.8701244Z             {
Scorecard analysis	Run analysis	2026-05-11T21:18:16.8778066Z                "ruleId": "PinnedDependenciesID",
Scorecard analysis	Run analysis	2026-05-11T21:18:16.8778534Z                "ruleIndex": 4,
Scorecard analysis	Run analysis	2026-05-11T21:18:16.8778849Z                "message": {
Scorecard analysis	Run analysis	2026-05-11T21:18:16.8780583Z                   "text": "score is 0: third-party GitHubAction not pinned by hash\nRemediation tip: update your workflow using [https://app.stepsecurity.io](https://app.stepsecurity.io/secureworkflow/adamoutler/cossh/ci.yml/main?enable=pin)\nClick Remediation section below for further remediation help"
Scorecard analysis	Run analysis	2026-05-11T21:18:16.8782163Z                },
Scorecard analysis	Run analysis	2026-05-11T21:18:16.8782422Z                "locations": [
Scorecard analysis	Run analysis	2026-05-11T21:18:16.8782747Z                   {
Scorecard analysis	Run analysis	2026-05-11T21:18:16.8783051Z                      "physicalLocation": {
Scorecard analysis	Run analysis	2026-05-11T21:18:16.8783442Z                         "region": {
Scorecard analysis	Run analysis	2026-05-11T21:18:16.8783794Z                            "startLine": 69,
Scorecard analysis	Run analysis	2026-05-11T21:18:16.8784263Z                            "endLine": 69,
Scorecard analysis	Run analysis	2026-05-11T21:18:16.8784664Z                            "snippet": {
Scorecard analysis	Run analysis	2026-05-11T21:18:16.8785151Z                               "text": "gradle/actions/setup-gradle@v4"
Scorecard analysis	Run analysis	2026-05-11T21:18:16.8785598Z                            }
Scorecard analysis	Run analysis	2026-05-11T21:18:16.8786300Z                         },
Scorecard analysis	Run analysis	2026-05-11T21:18:16.8786614Z                         "artifactLocation": {
Scorecard analysis	Run analysis	2026-05-11T21:18:16.8787135Z                            "uri": ".github/workflows/ci.yml",
Scorecard analysis	Run analysis	2026-05-11T21:18:16.8787609Z                            "uriBaseId": "%SRCROOT%"
Scorecard analysis	Run analysis	2026-05-11T21:18:16.8788030Z                         }
Scorecard analysis	Run analysis	2026-05-11T21:18:16.8788372Z                      },
Scorecard analysis	Run analysis	2026-05-11T21:18:16.8788702Z                      "message": {
Scorecard analysis	Run analysis	2026-05-11T21:18:16.8790131Z                         "text": "third-party GitHubAction not pinned by hash\nRemediation tip: update your workflow using [https://app.stepsecurity.io](https://app.stepsecurity.io/secureworkflow/adamoutler/cossh/ci.yml/main?enable=pin)"
Scorecard analysis	Run analysis	2026-05-11T21:18:16.8791531Z                      }
Scorecard analysis	Run analysis	2026-05-11T21:18:16.8791748Z                   }
Scorecard analysis	Run analysis	2026-05-11T21:18:16.8791905Z                ]
Scorecard analysis	Run analysis	2026-05-11T21:18:16.8792068Z             },
Scorecard analysis	Run analysis	2026-05-11T21:18:16.8792223Z             {
Scorecard analysis	Run analysis	2026-05-11T21:18:16.8792418Z                "ruleId": "PinnedDependenciesID",
Scorecard analysis	Run analysis	2026-05-11T21:18:16.8792671Z                "ruleIndex": 4,
Scorecard analysis	Run analysis	2026-05-11T21:18:16.8792871Z                "message": {
Scorecard analysis	Run analysis	2026-05-11T21:18:16.8793837Z                   "text": "score is 0: GitHub-owned GitHubAction not pinned by hash\nRemediation tip: update your workflow using [https://app.stepsecurity.io](https://app.stepsecurity.io/secureworkflow/adamoutler/cossh/ci.yml/main?enable=pin)\nClick Remediation section below for further remediation help"
Scorecard analysis	Run analysis	2026-05-11T21:18:16.8795068Z                },
Scorecard analysis	Run analysis	2026-05-11T21:18:16.8795253Z                "locations": [
Scorecard analysis	Run analysis	2026-05-11T21:18:16.8795564Z                   {
Scorecard analysis	Run analysis	2026-05-11T21:18:16.8795755Z                      "physicalLocation": {
Scorecard analysis	Run analysis	2026-05-11T21:18:16.8795981Z                         "region": {
Scorecard analysis	Run analysis	2026-05-11T21:18:16.8796204Z                            "startLine": 83,
Scorecard analysis	Run analysis	2026-05-11T21:18:16.8796427Z                            "endLine": 83,
Scorecard analysis	Run analysis	2026-05-11T21:18:16.8796652Z                            "snippet": {
Scorecard analysis	Run analysis	2026-05-11T21:18:16.8796914Z                               "text": "actions/upload-artifact@v4"
Scorecard analysis	Run analysis	2026-05-11T21:18:16.8797173Z                            }
Scorecard analysis	Run analysis	2026-05-11T21:18:16.8797365Z                         },
Scorecard analysis	Run analysis	2026-05-11T21:18:16.8797560Z                         "artifactLocation": {
Scorecard analysis	Run analysis	2026-05-11T21:18:16.8797823Z                            "uri": ".github/workflows/ci.yml",
Scorecard analysis	Run analysis	2026-05-11T21:18:16.8798084Z                            "uriBaseId": "%SRCROOT%"
Scorecard analysis	Run analysis	2026-05-11T21:18:16.8798324Z                         }
Scorecard analysis	Run analysis	2026-05-11T21:18:16.8798500Z                      },
Scorecard analysis	Run analysis	2026-05-11T21:18:16.8798683Z                      "message": {
Scorecard analysis	Run analysis	2026-05-11T21:18:16.8799462Z                         "text": "GitHub-owned GitHubAction not pinned by hash\nRemediation tip: update your workflow using [https://app.stepsecurity.io](https://app.stepsecurity.io/secureworkflow/adamoutler/cossh/ci.yml/main?enable=pin)"
Scorecard analysis	Run analysis	2026-05-11T21:18:16.8800239Z                      }
Scorecard analysis	Run analysis	2026-05-11T21:18:16.8800413Z                   }
Scorecard analysis	Run analysis	2026-05-11T21:18:16.8800567Z                ]
Scorecard analysis	Run analysis	2026-05-11T21:18:16.8800735Z             },
Scorecard analysis	Run analysis	2026-05-11T21:18:16.8800889Z             {
Scorecard analysis	Run analysis	2026-05-11T21:18:16.8801081Z                "ruleId": "PinnedDependenciesID",
Scorecard analysis	Run analysis	2026-05-11T21:18:16.8801331Z                "ruleIndex": 4,
Scorecard analysis	Run analysis	2026-05-11T21:18:16.8801576Z                "message": {
Scorecard analysis	Run analysis	2026-05-11T21:18:16.8803033Z                   "text": "score is 0: GitHub-owned GitHubAction not pinned by hash\nRemediation tip: update your workflow using [https://app.stepsecurity.io](https://app.stepsecurity.io/secureworkflow/adamoutler/cossh/ci.yml/main?enable=pin)\nClick Remediation section below for further remediation help"
Scorecard analysis	Run analysis	2026-05-11T21:18:16.8804031Z                },
Scorecard analysis	Run analysis	2026-05-11T21:18:16.8804301Z                "locations": [
Scorecard analysis	Run analysis	2026-05-11T21:18:16.8804489Z                   {
Scorecard analysis	Run analysis	2026-05-11T21:18:16.8804678Z                      "physicalLocation": {
Scorecard analysis	Run analysis	2026-05-11T21:18:16.8804916Z                         "region": {
Scorecard analysis	Run analysis	2026-05-11T21:18:16.8805131Z                            "startLine": 98,
Scorecard analysis	Run analysis	2026-05-11T21:18:16.8805366Z                            "endLine": 98,
Scorecard analysis	Run analysis	2026-05-11T21:18:16.8805703Z                            "snippet": {
Scorecard analysis	Run analysis	2026-05-11T21:18:16.8805954Z                               "text": "actions/checkout@v4"
Scorecard analysis	Run analysis	2026-05-11T21:18:16.8806199Z                            }
Scorecard analysis	Run analysis	2026-05-11T21:18:16.8806396Z                         },
Scorecard analysis	Run analysis	2026-05-11T21:18:16.8806594Z                         "artifactLocation": {
Scorecard analysis	Run analysis	2026-05-11T21:18:16.8806876Z                            "uri": ".github/workflows/ci.yml",
Scorecard analysis	Run analysis	2026-05-11T21:18:16.8807137Z                            "uriBaseId": "%SRCROOT%"
Scorecard analysis	Run analysis	2026-05-11T21:18:16.8807377Z                         }
Scorecard analysis	Run analysis	2026-05-11T21:18:16.8807565Z                      },
Scorecard analysis	Run analysis	2026-05-11T21:18:16.8807737Z                      "message": {
Scorecard analysis	Run analysis	2026-05-11T21:18:16.8808510Z                         "text": "GitHub-owned GitHubAction not pinned by hash\nRemediation tip: update your workflow using [https://app.stepsecurity.io](https://app.stepsecurity.io/secureworkflow/adamoutler/cossh/ci.yml/main?enable=pin)"
Scorecard analysis	Run analysis	2026-05-11T21:18:16.8809278Z                      }
Scorecard analysis	Run analysis	2026-05-11T21:18:16.8809450Z                   }
Scorecard analysis	Run analysis	2026-05-11T21:18:16.8809607Z                ]
Scorecard analysis	Run analysis	2026-05-11T21:18:16.8809770Z             },
Scorecard analysis	Run analysis	2026-05-11T21:18:16.8809924Z             {
Scorecard analysis	Run analysis	2026-05-11T21:18:16.8810100Z                "ruleId": "PinnedDependenciesID",
Scorecard analysis	Run analysis	2026-05-11T21:18:16.8810349Z                "ruleIndex": 4,
Scorecard analysis	Run analysis	2026-05-11T21:18:16.8810543Z                "message": {
Scorecard analysis	Run analysis	2026-05-11T21:18:16.8811513Z                   "text": "score is 0: GitHub-owned GitHubAction not pinned by hash\nRemediation tip: update your workflow using [https://app.stepsecurity.io](https://app.stepsecurity.io/secureworkflow/adamoutler/cossh/ci.yml/main?enable=pin)\nClick Remediation section below for further remediation help"
Scorecard analysis	Run analysis	2026-05-11T21:18:16.8812594Z                },
Scorecard analysis	Run analysis	2026-05-11T21:18:16.8812766Z                "locations": [
Scorecard analysis	Run analysis	2026-05-11T21:18:16.8812963Z                   {
Scorecard analysis	Run analysis	2026-05-11T21:18:16.8813137Z                      "physicalLocation": {
Scorecard analysis	Run analysis	2026-05-11T21:18:16.8813363Z                         "region": {
Scorecard analysis	Run analysis	2026-05-11T21:18:16.8813584Z                            "startLine": 100,
Scorecard analysis	Run analysis	2026-05-11T21:18:16.8813812Z                            "endLine": 100,
Scorecard analysis	Run analysis	2026-05-11T21:18:16.8814035Z                            "snippet": {
Scorecard analysis	Run analysis	2026-05-11T21:18:16.8814357Z                               "text": "actions/setup-java@v4"
Scorecard analysis	Run analysis	2026-05-11T21:18:16.8814604Z                            }
Scorecard analysis	Run analysis	2026-05-11T21:18:16.8814784Z                         },
Scorecard analysis	Run analysis	2026-05-11T21:18:16.8814990Z                         "artifactLocation": {
Scorecard analysis	Run analysis	2026-05-11T21:18:16.8815241Z                            "uri": ".github/workflows/ci.yml",
Scorecard analysis	Run analysis	2026-05-11T21:18:16.8815512Z                            "uriBaseId": "%SRCROOT%"
Scorecard analysis	Run analysis	2026-05-11T21:18:16.8815747Z                         }
Scorecard analysis	Run analysis	2026-05-11T21:18:16.8815917Z                      },
Scorecard analysis	Run analysis	2026-05-11T21:18:16.8816096Z                      "message": {
Scorecard analysis	Run analysis	2026-05-11T21:18:16.8816853Z                         "text": "GitHub-owned GitHubAction not pinned by hash\nRemediation tip: update your workflow using [https://app.stepsecurity.io](https://app.stepsecurity.io/secureworkflow/adamoutler/cossh/ci.yml/main?enable=pin)"
Scorecard analysis	Run analysis	2026-05-11T21:18:16.8817633Z                      }
Scorecard analysis	Run analysis	2026-05-11T21:18:16.8817799Z                   }
Scorecard analysis	Run analysis	2026-05-11T21:18:16.8817956Z                ]
Scorecard analysis	Run analysis	2026-05-11T21:18:16.8818110Z             },
Scorecard analysis	Run analysis	2026-05-11T21:18:16.8818258Z             {
Scorecard analysis	Run analysis	2026-05-11T21:18:16.8818444Z                "ruleId": "PinnedDependenciesID",
Scorecard analysis	Run analysis	2026-05-11T21:18:16.8818682Z                "ruleIndex": 4,
Scorecard analysis	Run analysis	2026-05-11T21:18:16.8818880Z                "message": {
Scorecard analysis	Run analysis	2026-05-11T21:18:16.8819843Z                   "text": "score is 0: third-party GitHubAction not pinned by hash\nRemediation tip: update your workflow using [https://app.stepsecurity.io](https://app.stepsecurity.io/secureworkflow/adamoutler/cossh/ci.yml/main?enable=pin)\nClick Remediation section below for further remediation help"
Scorecard analysis	Run analysis	2026-05-11T21:18:16.8820830Z                },
Scorecard analysis	Run analysis	2026-05-11T21:18:16.8820999Z                "locations": [
Scorecard analysis	Run analysis	2026-05-11T21:18:16.8821184Z                   {
Scorecard analysis	Run analysis	2026-05-11T21:18:16.8821365Z                      "physicalLocation": {
Scorecard analysis	Run analysis	2026-05-11T21:18:16.8821662Z                         "region": {
Scorecard analysis	Run analysis	2026-05-11T21:18:16.8821880Z                            "startLine": 105,
Scorecard analysis	Run analysis	2026-05-11T21:18:16.8822104Z                            "endLine": 105,
Scorecard analysis	Run analysis	2026-05-11T21:18:16.8822327Z                            "snippet": {
Scorecard analysis	Run analysis	2026-05-11T21:18:16.8822585Z                               "text": "gradle/actions/setup-gradle@v4"
Scorecard analysis	Run analysis	2026-05-11T21:18:16.8822853Z                            }
Scorecard analysis	Run analysis	2026-05-11T21:18:16.8823036Z                         },
Scorecard analysis	Run analysis	2026-05-11T21:18:16.8823245Z                         "artifactLocation": {
Scorecard analysis	Run analysis	2026-05-11T21:18:16.8823513Z                            "uri": ".github/workflows/ci.yml",
Scorecard analysis	Run analysis	2026-05-11T21:18:16.8823778Z                            "uriBaseId": "%SRCROOT%"
Scorecard analysis	Run analysis	2026-05-11T21:18:16.8824011Z                         }
Scorecard analysis	Run analysis	2026-05-11T21:18:16.8824255Z                      },
Scorecard analysis	Run analysis	2026-05-11T21:18:16.8824439Z                      "message": {
Scorecard analysis	Run analysis	2026-05-11T21:18:16.8825205Z                         "text": "third-party GitHubAction not pinned by hash\nRemediation tip: update your workflow using [https://app.stepsecurity.io](https://app.stepsecurity.io/secureworkflow/adamoutler/cossh/ci.yml/main?enable=pin)"
Scorecard analysis	Run analysis	2026-05-11T21:18:16.8825991Z                      }
Scorecard analysis	Run analysis	2026-05-11T21:18:16.8826160Z                   }
Scorecard analysis	Run analysis	2026-05-11T21:18:16.8826309Z                ]
Scorecard analysis	Run analysis	2026-05-11T21:18:16.8826476Z             },
Scorecard analysis	Run analysis	2026-05-11T21:18:16.8826626Z             {
Scorecard analysis	Run analysis	2026-05-11T21:18:16.8826819Z                "ruleId": "PinnedDependenciesID",
Scorecard analysis	Run analysis	2026-05-11T21:18:16.8827061Z                "ruleIndex": 4,
Scorecard analysis	Run analysis	2026-05-11T21:18:16.8827263Z                "message": {
Scorecard analysis	Run analysis	2026-05-11T21:18:16.8828279Z                   "text": "score is 0: GitHub-owned GitHubAction not pinned by hash\nRemediation tip: update your workflow using [https://app.stepsecurity.io](https://app.stepsecurity.io/secureworkflow/adamoutler/cossh/ci.yml/main?enable=pin)\nClick Remediation section below for further remediation help"
Scorecard analysis	Run analysis	2026-05-11T21:18:16.8829264Z                },
Scorecard analysis	Run analysis	2026-05-11T21:18:16.8829431Z                "locations": [
Scorecard analysis	Run analysis	2026-05-11T21:18:16.8829613Z                   {
Scorecard analysis	Run analysis	2026-05-11T21:18:16.8829791Z                      "physicalLocation": {
Scorecard analysis	Run analysis	2026-05-11T21:18:16.8830007Z                         "region": {
Scorecard analysis	Run analysis	2026-05-11T21:18:16.8830224Z                            "startLine": 114,
Scorecard analysis	Run analysis	2026-05-11T21:18:16.8830442Z                            "endLine": 114,
Scorecard analysis	Run analysis	2026-05-11T21:18:16.8830670Z                            "snippet": {
Scorecard analysis	Run analysis	2026-05-11T21:18:16.8830919Z                               "text": "actions/upload-artifact@v4"
Scorecard analysis	Run analysis	2026-05-11T21:18:16.8831178Z                            }
Scorecard analysis	Run analysis	2026-05-11T21:18:16.8831366Z                         },
Scorecard analysis	Run analysis	2026-05-11T21:18:16.8831561Z                         "artifactLocation": {
Scorecard analysis	Run analysis	2026-05-11T21:18:16.8831815Z                            "uri": ".github/workflows/ci.yml",
Scorecard analysis	Run analysis	2026-05-11T21:18:16.8832070Z                            "uriBaseId": "%SRCROOT%"
Scorecard analysis	Run analysis	2026-05-11T21:18:16.8832296Z                         }
Scorecard analysis	Run analysis	2026-05-11T21:18:16.8832465Z                      },
Scorecard analysis	Run analysis	2026-05-11T21:18:16.8832643Z                      "message": {
Scorecard analysis	Run analysis	2026-05-11T21:18:16.8833401Z                         "text": "GitHub-owned GitHubAction not pinned by hash\nRemediation tip: update your workflow using [https://app.stepsecurity.io](https://app.stepsecurity.io/secureworkflow/adamoutler/cossh/ci.yml/main?enable=pin)"
Scorecard analysis	Run analysis	2026-05-11T21:18:16.8834249Z                      }
Scorecard analysis	Run analysis	2026-05-11T21:18:16.8834424Z                   }
Scorecard analysis	Run analysis	2026-05-11T21:18:16.8834577Z                ]
Scorecard analysis	Run analysis	2026-05-11T21:18:16.8834738Z             },
Scorecard analysis	Run analysis	2026-05-11T21:18:16.8834887Z             {
Scorecard analysis	Run analysis	2026-05-11T21:18:16.8835072Z                "ruleId": "PinnedDependenciesID",
Scorecard analysis	Run analysis	2026-05-11T21:18:16.8835316Z                "ruleIndex": 4,
Scorecard analysis	Run analysis	2026-05-11T21:18:16.8835520Z                "message": {
Scorecard analysis	Run analysis	2026-05-11T21:18:16.8836477Z                   "text": "score is 0: GitHub-owned GitHubAction not pinned by hash\nRemediation tip: update your workflow using [https://app.stepsecurity.io](https://app.stepsecurity.io/secureworkflow/adamoutler/cossh/ci.yml/main?enable=pin)\nClick Remediation section below for further remediation help"
Scorecard analysis	Run analysis	2026-05-11T21:18:16.8837561Z                },
Scorecard analysis	Run analysis	2026-05-11T21:18:16.8837734Z                "locations": [
Scorecard analysis	Run analysis	2026-05-11T21:18:16.8837916Z                   {
Scorecard analysis	Run analysis	2026-05-11T21:18:16.8838098Z                      "physicalLocation": {
Scorecard analysis	Run analysis	2026-05-11T21:18:16.8838320Z                         "region": {
Scorecard analysis	Run analysis	2026-05-11T21:18:16.8838541Z                            "startLine": 124,
Scorecard analysis	Run analysis	2026-05-11T21:18:16.8838763Z                            "endLine": 124,
Scorecard analysis	Run analysis	2026-05-11T21:18:16.8838987Z                            "snippet": {
Scorecard analysis	Run analysis	2026-05-11T21:18:16.8839236Z                               "text": "actions/checkout@v4"
Scorecard analysis	Run analysis	2026-05-11T21:18:16.8839478Z                            }
Scorecard analysis	Run analysis	2026-05-11T21:18:16.8839670Z                         },
Scorecard analysis	Run analysis	2026-05-11T21:18:16.8839865Z                         "artifactLocation": {
Scorecard analysis	Run analysis	2026-05-11T21:18:16.8840126Z                            "uri": ".github/workflows/ci.yml",
Scorecard analysis	Run analysis	2026-05-11T21:18:16.8840381Z                            "uriBaseId": "%SRCROOT%"
Scorecard analysis	Run analysis	2026-05-11T21:18:16.8840619Z                         }
Scorecard analysis	Run analysis	2026-05-11T21:18:16.8840792Z                      },
Scorecard analysis	Run analysis	2026-05-11T21:18:16.8840978Z                      "message": {
Scorecard analysis	Run analysis	2026-05-11T21:18:16.8841741Z                         "text": "GitHub-owned GitHubAction not pinned by hash\nRemediation tip: update your workflow using [https://app.stepsecurity.io](https://app.stepsecurity.io/secureworkflow/adamoutler/cossh/ci.yml/main?enable=pin)"
Scorecard analysis	Run analysis	2026-05-11T21:18:16.8842507Z                      }
Scorecard analysis	Run analysis	2026-05-11T21:18:16.8842676Z                   }
Scorecard analysis	Run analysis	2026-05-11T21:18:16.8842828Z                ]
Scorecard analysis	Run analysis	2026-05-11T21:18:16.8842981Z             },
Scorecard analysis	Run analysis	2026-05-11T21:18:16.8843196Z             {
Scorecard analysis	Run analysis	2026-05-11T21:18:16.8843387Z                "ruleId": "PinnedDependenciesID",
Scorecard analysis	Run analysis	2026-05-11T21:18:16.8843622Z                "ruleIndex": 4,
Scorecard analysis	Run analysis	2026-05-11T21:18:16.8843811Z                "message": {
Scorecard analysis	Run analysis	2026-05-11T21:18:16.8844835Z                   "text": "score is 0: GitHub-owned GitHubAction not pinned by hash\nRemediation tip: update your workflow using [https://app.stepsecurity.io](https://app.stepsecurity.io/secureworkflow/adamoutler/cossh/ci.yml/main?enable=pin)\nClick Remediation section below for further remediation help"
Scorecard analysis	Run analysis	2026-05-11T21:18:16.8845829Z                },
Scorecard analysis	Run analysis	2026-05-11T21:18:16.8845991Z                "locations": [
Scorecard analysis	Run analysis	2026-05-11T21:18:16.8846164Z                   {
Scorecard analysis	Run analysis	2026-05-11T21:18:16.8846345Z                      "physicalLocation": {
Scorecard analysis	Run analysis	2026-05-11T21:18:16.8846568Z                         "region": {
Scorecard analysis	Run analysis	2026-05-11T21:18:16.8846782Z                            "startLine": 128,
Scorecard analysis	Run analysis	2026-05-11T21:18:16.8847008Z                            "endLine": 128,
Scorecard analysis	Run analysis	2026-05-11T21:18:16.8847229Z                            "snippet": {
Scorecard analysis	Run analysis	2026-05-11T21:18:16.8847472Z                               "text": "actions/setup-java@v4"
Scorecard analysis	Run analysis	2026-05-11T21:18:16.8847711Z                            }
Scorecard analysis	Run analysis	2026-05-11T21:18:16.8847893Z                         },
Scorecard analysis	Run analysis	2026-05-11T21:18:16.8848086Z                         "artifactLocation": {
Scorecard analysis	Run analysis	2026-05-11T21:18:16.8848344Z                            "uri": ".github/workflows/ci.yml",
Scorecard analysis	Run analysis	2026-05-11T21:18:16.8848609Z                            "uriBaseId": "%SRCROOT%"
Scorecard analysis	Run analysis	2026-05-11T21:18:16.8848837Z                         }
Scorecard analysis	Run analysis	2026-05-11T21:18:16.8849020Z                      },
Scorecard analysis	Run analysis	2026-05-11T21:18:16.8849191Z                      "message": {
Scorecard analysis	Run analysis	2026-05-11T21:18:16.8849959Z                         "text": "GitHub-owned GitHubAction not pinned by hash\nRemediation tip: update your workflow using [https://app.stepsecurity.io](https://app.stepsecurity.io/secureworkflow/adamoutler/cossh/ci.yml/main?enable=pin)"
Scorecard analysis	Run analysis	2026-05-11T21:18:16.8850730Z                      }
Scorecard analysis	Run analysis	2026-05-11T21:18:16.8850901Z                   }
Scorecard analysis	Run analysis	2026-05-11T21:18:16.8851057Z                ]
Scorecard analysis	Run analysis	2026-05-11T21:18:16.8851215Z             },
Scorecard analysis	Run analysis	2026-05-11T21:18:16.8851365Z             {
Scorecard analysis	Run analysis	2026-05-11T21:18:16.8851552Z                "ruleId": "PinnedDependenciesID",
Scorecard analysis	Run analysis	2026-05-11T21:18:16.8851798Z                "ruleIndex": 4,
Scorecard analysis	Run analysis	2026-05-11T21:18:16.8851987Z                "message": {
Scorecard analysis	Run analysis	2026-05-11T21:18:16.8852943Z                   "text": "score is 0: third-party GitHubAction not pinned by hash\nRemediation tip: update your workflow using [https://app.stepsecurity.io](https://app.stepsecurity.io/secureworkflow/adamoutler/cossh/ci.yml/main?enable=pin)\nClick Remediation section below for further remediation help"
Scorecard analysis	Run analysis	2026-05-11T21:18:16.8853994Z                },
Scorecard analysis	Run analysis	2026-05-11T21:18:16.8854233Z                "locations": [
Scorecard analysis	Run analysis	2026-05-11T21:18:16.8854414Z                   {
Scorecard analysis	Run analysis	2026-05-11T21:18:16.8854603Z                      "physicalLocation": {
Scorecard analysis	Run analysis	2026-05-11T21:18:16.8854835Z                         "region": {
Scorecard analysis	Run analysis	2026-05-11T21:18:16.8855053Z                            "startLine": 133,
Scorecard analysis	Run analysis	2026-05-11T21:18:16.8855291Z                            "endLine": 133,
Scorecard analysis	Run analysis	2026-05-11T21:18:16.8855513Z                            "snippet": {
Scorecard analysis	Run analysis	2026-05-11T21:18:16.8855778Z                               "text": "gradle/actions/setup-gradle@v4"
Scorecard analysis	Run analysis	2026-05-11T21:18:16.8856041Z                            }
Scorecard analysis	Run analysis	2026-05-11T21:18:16.8856241Z                         },
Scorecard analysis	Run analysis	2026-05-11T21:18:16.8856439Z                         "artifactLocation": {
Scorecard analysis	Run analysis	2026-05-11T21:18:16.8856708Z                            "uri": ".github/workflows/ci.yml",
Scorecard analysis	Run analysis	2026-05-11T21:18:16.8856988Z                            "uriBaseId": "%SRCROOT%"
Scorecard analysis	Run analysis	2026-05-11T21:18:16.8857212Z                         }
Scorecard analysis	Run analysis	2026-05-11T21:18:16.8857390Z                      },
Scorecard analysis	Run analysis	2026-05-11T21:18:16.8857565Z                      "message": {
Scorecard analysis	Run analysis	2026-05-11T21:18:16.8858329Z                         "text": "third-party GitHubAction not pinned by hash\nRemediation tip: update your workflow using [https://app.stepsecurity.io](https://app.stepsecurity.io/secureworkflow/adamoutler/cossh/ci.yml/main?enable=pin)"
Scorecard analysis	Run analysis	2026-05-11T21:18:16.8859163Z                      }
Scorecard analysis	Run analysis	2026-05-11T21:18:16.8859331Z                   }
Scorecard analysis	Run analysis	2026-05-11T21:18:16.8859486Z                ]
Scorecard analysis	Run analysis	2026-05-11T21:18:16.8859632Z             },
Scorecard analysis	Run analysis	2026-05-11T21:18:16.8859787Z             {
Scorecard analysis	Run analysis	2026-05-11T21:18:16.8859963Z                "ruleId": "PinnedDependenciesID",
Scorecard analysis	Run analysis	2026-05-11T21:18:16.8860209Z                "ruleIndex": 4,
Scorecard analysis	Run analysis	2026-05-11T21:18:16.8860396Z                "message": {
Scorecard analysis	Run analysis	2026-05-11T21:18:16.8861363Z                   "text": "score is 0: GitHub-owned GitHubAction not pinned by hash\nRemediation tip: update your workflow using [https://app.stepsecurity.io](https://app.stepsecurity.io/secureworkflow/adamoutler/cossh/ci.yml/main?enable=pin)\nClick Remediation section below for further remediation help"
Scorecard analysis	Run analysis	2026-05-11T21:18:16.8862342Z                },
Scorecard analysis	Run analysis	2026-05-11T21:18:16.8862502Z                "locations": [
Scorecard analysis	Run analysis	2026-05-11T21:18:16.8862691Z                   {
Scorecard analysis	Run analysis	2026-05-11T21:18:16.8862863Z                      "physicalLocation": {
Scorecard analysis	Run analysis	2026-05-11T21:18:16.8863091Z                         "region": {
Scorecard analysis	Run analysis	2026-05-11T21:18:16.8863300Z                            "startLine": 137,
Scorecard analysis	Run analysis	2026-05-11T21:18:16.8863529Z                            "endLine": 137,
Scorecard analysis	Run analysis	2026-05-11T21:18:16.8863742Z                            "snippet": {
Scorecard analysis	Run analysis	2026-05-11T21:18:16.8864001Z                               "text": "actions/download-artifact@v4"
Scorecard analysis	Run analysis	2026-05-11T21:18:16.8864392Z                            }
Scorecard analysis	Run analysis	2026-05-11T21:18:16.8864585Z                         },
Scorecard analysis	Run analysis	2026-05-11T21:18:16.8864786Z                         "artifactLocation": {
Scorecard analysis	Run analysis	2026-05-11T21:18:16.8865035Z                            "uri": ".github/workflows/ci.yml",
Scorecard analysis	Run analysis	2026-05-11T21:18:16.8865310Z                            "uriBaseId": "%SRCROOT%"
Scorecard analysis	Run analysis	2026-05-11T21:18:16.8865540Z                         }
Scorecard analysis	Run analysis	2026-05-11T21:18:16.8865723Z                      },
Scorecard analysis	Run analysis	2026-05-11T21:18:16.8865900Z                      "message": {
Scorecard analysis	Run analysis	2026-05-11T21:18:16.8866668Z                         "text": "GitHub-owned GitHubAction not pinned by hash\nRemediation tip: update your workflow using [https://app.stepsecurity.io](https://app.stepsecurity.io/secureworkflow/adamoutler/cossh/ci.yml/main?enable=pin)"
Scorecard analysis	Run analysis	2026-05-11T21:18:16.8867458Z                      }
Scorecard analysis	Run analysis	2026-05-11T21:18:16.8867620Z                   }
Scorecard analysis	Run analysis	2026-05-11T21:18:16.8867780Z                ]
Scorecard analysis	Run analysis	2026-05-11T21:18:16.8867931Z             },
Scorecard analysis	Run analysis	2026-05-11T21:18:16.8868085Z             {
Scorecard analysis	Run analysis	2026-05-11T21:18:16.8868264Z                "ruleId": "PinnedDependenciesID",
Scorecard analysis	Run analysis	2026-05-11T21:18:16.8868580Z                "ruleIndex": 4,
Scorecard analysis	Run analysis	2026-05-11T21:18:16.8868770Z                "message": {
Scorecard analysis	Run analysis	2026-05-11T21:18:16.8869733Z                   "text": "score is 0: GitHub-owned GitHubAction not pinned by hash\nRemediation tip: update your workflow using [https://app.stepsecurity.io](https://app.stepsecurity.io/secureworkflow/adamoutler/cossh/ci.yml/main?enable=pin)\nClick Remediation section below for further remediation help"
Scorecard analysis	Run analysis	2026-05-11T21:18:16.8870717Z                },
Scorecard analysis	Run analysis	2026-05-11T21:18:16.8870877Z                "locations": [
Scorecard analysis	Run analysis	2026-05-11T21:18:16.8871070Z                   {
Scorecard analysis	Run analysis	2026-05-11T21:18:16.8871243Z                      "physicalLocation": {
Scorecard analysis	Run analysis	2026-05-11T21:18:16.8871480Z                         "region": {
Scorecard analysis	Run analysis	2026-05-11T21:18:16.8871704Z                            "startLine": 142,
Scorecard analysis	Run analysis	2026-05-11T21:18:16.8871935Z                            "endLine": 142,
Scorecard analysis	Run analysis	2026-05-11T21:18:16.8872150Z                            "snippet": {
Scorecard analysis	Run analysis	2026-05-11T21:18:16.8872407Z                               "text": "actions/download-artifact@v4"
Scorecard analysis	Run analysis	2026-05-11T21:18:16.8872671Z                            }
Scorecard analysis	Run analysis	2026-05-11T21:18:16.8872853Z                         },
Scorecard analysis	Run analysis	2026-05-11T21:18:16.8873055Z                         "artifactLocation": {
Scorecard analysis	Run analysis	2026-05-11T21:18:16.8873312Z                            "uri": ".github/workflows/ci.yml",
Scorecard analysis	Run analysis	2026-05-11T21:18:16.8873575Z                            "uriBaseId": "%SRCROOT%"
Scorecard analysis	Run analysis	2026-05-11T21:18:16.8873799Z                         }
Scorecard analysis	Run analysis	2026-05-11T21:18:16.8873976Z                      },
Scorecard analysis	Run analysis	2026-05-11T21:18:16.8874412Z                      "message": {
Scorecard analysis	Run analysis	2026-05-11T21:18:16.8875232Z                         "text": "GitHub-owned GitHubAction not pinned by hash\nRemediation tip: update your workflow using [https://app.stepsecurity.io](https://app.stepsecurity.io/secureworkflow/adamoutler/cossh/ci.yml/main?enable=pin)"
Scorecard analysis	Run analysis	2026-05-11T21:18:16.8876013Z                      }
Scorecard analysis	Run analysis	2026-05-11T21:18:16.8876182Z                   }
Scorecard analysis	Run analysis	2026-05-11T21:18:16.8876345Z                ]
Scorecard analysis	Run analysis	2026-05-11T21:18:16.8876504Z             },
Scorecard analysis	Run analysis	2026-05-11T21:18:16.8876661Z             {
Scorecard analysis	Run analysis	2026-05-11T21:18:16.8876843Z                "ruleId": "PinnedDependenciesID",
Scorecard analysis	Run analysis	2026-05-11T21:18:16.8877099Z                "ruleIndex": 4,
Scorecard analysis	Run analysis	2026-05-11T21:18:16.8877304Z                "message": {
Scorecard analysis	Run analysis	2026-05-11T21:18:16.8878266Z                   "text": "score is 0: GitHub-owned GitHubAction not pinned by hash\nRemediation tip: update your workflow using [https://app.stepsecurity.io](https://app.stepsecurity.io/secureworkflow/adamoutler/cossh/ci.yml/main?enable=pin)\nClick Remediation section below for further remediation help"
Scorecard analysis	Run analysis	2026-05-11T21:18:16.8879266Z                },
Scorecard analysis	Run analysis	2026-05-11T21:18:16.8879427Z                "locations": [
Scorecard analysis	Run analysis	2026-05-11T21:18:16.8879625Z                   {
Scorecard analysis	Run analysis	2026-05-11T21:18:16.8879809Z                      "physicalLocation": {
Scorecard analysis	Run analysis	2026-05-11T21:18:16.8880039Z                         "region": {
Scorecard analysis	Run analysis	2026-05-11T21:18:16.8880259Z                            "startLine": 161,
Scorecard analysis	Run analysis	2026-05-11T21:18:16.8880480Z                            "endLine": 161,
Scorecard analysis	Run analysis	2026-05-11T21:18:16.8880716Z                            "snippet": {
Scorecard analysis	Run analysis	2026-05-11T21:18:16.8880985Z                               "text": "actions/checkout@v4"
Scorecard analysis	Run analysis	2026-05-11T21:18:16.8881234Z                            }
Scorecard analysis	Run analysis	2026-05-11T21:18:16.8881416Z                         },
Scorecard analysis	Run analysis	2026-05-11T21:18:16.8881621Z                         "artifactLocation": {
Scorecard analysis	Run analysis	2026-05-11T21:18:16.8881873Z                            "uri": ".github/workflows/ci.yml",
Scorecard analysis	Run analysis	2026-05-11T21:18:16.8882140Z                            "uriBaseId": "%SRCROOT%"
Scorecard analysis	Run analysis	2026-05-11T21:18:16.8882369Z                         }
Scorecard analysis	Run analysis	2026-05-11T21:18:16.8882541Z                      },
Scorecard analysis	Run analysis	2026-05-11T21:18:16.8882720Z                      "message": {
Scorecard analysis	Run analysis	2026-05-11T21:18:16.8883474Z                         "text": "GitHub-owned GitHubAction not pinned by hash\nRemediation tip: update your workflow using [https://app.stepsecurity.io](https://app.stepsecurity.io/secureworkflow/adamoutler/cossh/ci.yml/main?enable=pin)"
Scorecard analysis	Run analysis	2026-05-11T21:18:16.8884329Z                      }
Scorecard analysis	Run analysis	2026-05-11T21:18:16.8884561Z                   }
Scorecard analysis	Run analysis	2026-05-11T21:18:16.8884718Z                ]
Scorecard analysis	Run analysis	2026-05-11T21:18:16.8884867Z             },
Scorecard analysis	Run analysis	2026-05-11T21:18:16.8885023Z             {
Scorecard analysis	Run analysis	2026-05-11T21:18:16.8885212Z                "ruleId": "PinnedDependenciesID",
Scorecard analysis	Run analysis	2026-05-11T21:18:16.8885447Z                "ruleIndex": 4,
Scorecard analysis	Run analysis	2026-05-11T21:18:16.8885644Z                "message": {
Scorecard analysis	Run analysis	2026-05-11T21:18:16.8886600Z                   "text": "score is 0: third-party GitHubAction not pinned by hash\nRemediation tip: update your workflow using [https://app.stepsecurity.io](https://app.stepsecurity.io/secureworkflow/adamoutler/cossh/ci.yml/main?enable=pin)\nClick Remediation section below for further remediation help"
Scorecard analysis	Run analysis	2026-05-11T21:18:16.8887585Z                },
Scorecard analysis	Run analysis	2026-05-11T21:18:16.8887750Z                "locations": [
Scorecard analysis	Run analysis	2026-05-11T21:18:16.8887937Z                   {
Scorecard analysis	Run analysis	2026-05-11T21:18:16.8888113Z                      "physicalLocation": {
Scorecard analysis	Run analysis	2026-05-11T21:18:16.8888333Z                         "region": {
Scorecard analysis	Run analysis	2026-05-11T21:18:16.8888548Z                            "startLine": 163,
Scorecard analysis	Run analysis	2026-05-11T21:18:16.8888770Z                            "endLine": 163,
Scorecard analysis	Run analysis	2026-05-11T21:18:16.8888998Z                            "snippet": {
Scorecard analysis	Run analysis	2026-05-11T21:18:16.8889234Z                               "text": "MobSF/mobsfscan@main"
Scorecard analysis	Run analysis	2026-05-11T21:18:16.8889477Z                            }
Scorecard analysis	Run analysis	2026-05-11T21:18:16.8889655Z                         },
Scorecard analysis	Run analysis	2026-05-11T21:18:16.8889857Z                         "artifactLocation": {
Scorecard analysis	Run analysis	2026-05-11T21:18:16.8890117Z                            "uri": ".github/workflows/ci.yml",
Scorecard analysis	Run analysis	2026-05-11T21:18:16.8890438Z                            "uriBaseId": "%SRCROOT%"
Scorecard analysis	Run analysis	2026-05-11T21:18:16.8890669Z                         }
Scorecard analysis	Run analysis	2026-05-11T21:18:16.8890842Z                      },
Scorecard analysis	Run analysis	2026-05-11T21:18:16.8891024Z                      "message": {
Scorecard analysis	Run analysis	2026-05-11T21:18:16.8891780Z                         "text": "third-party GitHubAction not pinned by hash\nRemediation tip: update your workflow using [https://app.stepsecurity.io](https://app.stepsecurity.io/secureworkflow/adamoutler/cossh/ci.yml/main?enable=pin)"
Scorecard analysis	Run analysis	2026-05-11T21:18:16.8892560Z                      }
Scorecard analysis	Run analysis	2026-05-11T21:18:16.8892723Z                   }
Scorecard analysis	Run analysis	2026-05-11T21:18:16.8892884Z                ]
Scorecard analysis	Run analysis	2026-05-11T21:18:16.8893038Z             },
Scorecard analysis	Run analysis	2026-05-11T21:18:16.8893184Z             {
Scorecard analysis	Run analysis	2026-05-11T21:18:16.8893367Z                "ruleId": "PinnedDependenciesID",
Scorecard analysis	Run analysis	2026-05-11T21:18:16.8893604Z                "ruleIndex": 4,
Scorecard analysis	Run analysis	2026-05-11T21:18:16.8893802Z                "message": {
Scorecard analysis	Run analysis	2026-05-11T21:18:16.8894848Z                   "text": "score is 0: GitHub-owned GitHubAction not pinned by hash\nRemediation tip: update your workflow using [https://app.stepsecurity.io](https://app.stepsecurity.io/secureworkflow/adamoutler/cossh/ci.yml/main?enable=pin)\nClick Remediation section below for further remediation help"
Scorecard analysis	Run analysis	2026-05-11T21:18:16.8895844Z                },
Scorecard analysis	Run analysis	2026-05-11T21:18:16.8896012Z                "locations": [
Scorecard analysis	Run analysis	2026-05-11T21:18:16.8896191Z                   {
Scorecard analysis	Run analysis	2026-05-11T21:18:16.8896371Z                      "physicalLocation": {
Scorecard analysis	Run analysis	2026-05-11T21:18:16.8896596Z                         "region": {
Scorecard analysis	Run analysis	2026-05-11T21:18:16.8896826Z                            "startLine": 167,
Scorecard analysis	Run analysis	2026-05-11T21:18:16.8897051Z                            "endLine": 167,
Scorecard analysis	Run analysis	2026-05-11T21:18:16.8897290Z                            "snippet": {
Scorecard analysis	Run analysis	2026-05-11T21:18:16.8897558Z                               "text": "github/codeql-action/upload-sarif@v3"
Scorecard analysis	Run analysis	2026-05-11T21:18:16.8897846Z                            }
Scorecard analysis	Run analysis	2026-05-11T21:18:16.8898047Z                         },
Scorecard analysis	Run analysis	2026-05-11T21:18:16.8898247Z                         "artifactLocation": {
Scorecard analysis	Run analysis	2026-05-11T21:18:16.8898511Z                            "uri": ".github/workflows/ci.yml",
Scorecard analysis	Run analysis	2026-05-11T21:18:16.8898767Z                            "uriBaseId": "%SRCROOT%"
Scorecard analysis	Run analysis	2026-05-11T21:18:16.8898994Z                         }
Scorecard analysis	Run analysis	2026-05-11T21:18:16.8899162Z                      },
Scorecard analysis	Run analysis	2026-05-11T21:18:16.8899345Z                      "message": {
Scorecard analysis	Run analysis	2026-05-11T21:18:16.8900106Z                         "text": "GitHub-owned GitHubAction not pinned by hash\nRemediation tip: update your workflow using [https://app.stepsecurity.io](https://app.stepsecurity.io/secureworkflow/adamoutler/cossh/ci.yml/main?enable=pin)"
Scorecard analysis	Run analysis	2026-05-11T21:18:16.8900950Z                      }
Scorecard analysis	Run analysis	2026-05-11T21:18:16.8901123Z                   }
Scorecard analysis	Run analysis	2026-05-11T21:18:16.8901278Z                ]
Scorecard analysis	Run analysis	2026-05-11T21:18:16.8901440Z             },
Scorecard analysis	Run analysis	2026-05-11T21:18:16.8901586Z             {
Scorecard analysis	Run analysis	2026-05-11T21:18:16.8901770Z                "ruleId": "PinnedDependenciesID",
Scorecard analysis	Run analysis	2026-05-11T21:18:16.8902010Z                "ruleIndex": 4,
Scorecard analysis	Run analysis	2026-05-11T21:18:16.8902209Z                "message": {
Scorecard analysis	Run analysis	2026-05-11T21:18:16.8903164Z                   "text": "score is 0: GitHub-owned GitHubAction not pinned by hash\nRemediation tip: update your workflow using [https://app.stepsecurity.io](https://app.stepsecurity.io/secureworkflow/adamoutler/cossh/ci.yml/main?enable=pin)\nClick Remediation section below for further remediation help"
Scorecard analysis	Run analysis	2026-05-11T21:18:16.8904219Z                },
Scorecard analysis	Run analysis	2026-05-11T21:18:16.8904409Z                "locations": [
Scorecard analysis	Run analysis	2026-05-11T21:18:16.8904598Z                   {
Scorecard analysis	Run analysis	2026-05-11T21:18:16.8904782Z                      "physicalLocation": {
Scorecard analysis	Run analysis	2026-05-11T21:18:16.8905013Z                         "region": {
Scorecard analysis	Run analysis	2026-05-11T21:18:16.8905226Z                            "startLine": 17,
Scorecard analysis	Run analysis	2026-05-11T21:18:16.8905456Z                            "endLine": 17,
Scorecard analysis	Run analysis	2026-05-11T21:18:16.8905679Z                            "snippet": {
Scorecard analysis	Run analysis	2026-05-11T21:18:16.8905930Z                               "text": "actions/checkout@v4"
Scorecard analysis	Run analysis	2026-05-11T21:18:16.8906171Z                            }
Scorecard analysis	Run analysis	2026-05-11T21:18:16.8906438Z                         },
Scorecard analysis	Run analysis	2026-05-11T21:18:16.8906632Z                         "artifactLocation": {
Scorecard analysis	Run analysis	2026-05-11T21:18:16.8906890Z                            "uri": ".github/workflows/ci.yml",
Scorecard analysis	Run analysis	2026-05-11T21:18:16.8907153Z                            "uriBaseId": "%SRCROOT%"
Scorecard analysis	Run analysis	2026-05-11T21:18:16.8907378Z                         }
Scorecard analysis	Run analysis	2026-05-11T21:18:16.8907560Z                      },
Scorecard analysis	Run analysis	2026-05-11T21:18:16.8907738Z                      "message": {
Scorecard analysis	Run analysis	2026-05-11T21:18:16.8908506Z                         "text": "GitHub-owned GitHubAction not pinned by hash\nRemediation tip: update your workflow using [https://app.stepsecurity.io](https://app.stepsecurity.io/secureworkflow/adamoutler/cossh/ci.yml/main?enable=pin)"
Scorecard analysis	Run analysis	2026-05-11T21:18:16.8909272Z                      }
Scorecard analysis	Run analysis	2026-05-11T21:18:16.8909451Z                   }
Scorecard analysis	Run analysis	2026-05-11T21:18:16.8909603Z                ]
Scorecard analysis	Run analysis	2026-05-11T21:18:16.8909757Z             },
Scorecard analysis	Run analysis	2026-05-11T21:18:16.8909913Z             {
Scorecard analysis	Run analysis	2026-05-11T21:18:16.8910097Z                "ruleId": "PinnedDependenciesID",
Scorecard analysis	Run analysis	2026-05-11T21:18:16.8910348Z                "ruleIndex": 4,
Scorecard analysis	Run analysis	2026-05-11T21:18:16.8910541Z                "message": {
Scorecard analysis	Run analysis	2026-05-11T21:18:16.8911498Z                   "text": "score is 0: GitHub-owned GitHubAction not pinned by hash\nRemediation tip: update your workflow using [https://app.stepsecurity.io](https://app.stepsecurity.io/secureworkflow/adamoutler/cossh/ci.yml/main?enable=pin)\nClick Remediation section below for further remediation help"
Scorecard analysis	Run analysis	2026-05-11T21:18:16.8912481Z                },
Scorecard analysis	Run analysis	2026-05-11T21:18:16.8912653Z                "locations": [
Scorecard analysis	Run analysis	2026-05-11T21:18:16.8912841Z                   {
Scorecard analysis	Run analysis	2026-05-11T21:18:16.8913016Z                      "physicalLocation": {
Scorecard analysis	Run analysis	2026-05-11T21:18:16.8913246Z                         "region": {
Scorecard analysis	Run analysis	2026-05-11T21:18:16.8913459Z                            "startLine": 19,
Scorecard analysis	Run analysis	2026-05-11T21:18:16.8913691Z                            "endLine": 19,
Scorecard analysis	Run analysis	2026-05-11T21:18:16.8913912Z                            "snippet": {
Scorecard analysis	Run analysis	2026-05-11T21:18:16.8914240Z                               "text": "actions/setup-java@v4"
Scorecard analysis	Run analysis	2026-05-11T21:18:16.8914486Z                            }
Scorecard analysis	Run analysis	2026-05-11T21:18:16.8914678Z                         },
Scorecard analysis	Run analysis	2026-05-11T21:18:16.8914882Z                         "artifactLocation": {
Scorecard analysis	Run analysis	2026-05-11T21:18:16.8915137Z                            "uri": ".github/workflows/ci.yml",
Scorecard analysis	Run analysis	2026-05-11T21:18:16.8915407Z                            "uriBaseId": "%SRCROOT%"
Scorecard analysis	Run analysis	2026-05-11T21:18:16.8915635Z                         }
Scorecard analysis	Run analysis	2026-05-11T21:18:16.8915892Z                      },
Scorecard analysis	Run analysis	2026-05-11T21:18:16.8916070Z                      "message": {
Scorecard analysis	Run analysis	2026-05-11T21:18:16.8916838Z                         "text": "GitHub-owned GitHubAction not pinned by hash\nRemediation tip: update your workflow using [https://app.stepsecurity.io](https://app.stepsecurity.io/secureworkflow/adamoutler/cossh/ci.yml/main?enable=pin)"
Scorecard analysis	Run analysis	2026-05-11T21:18:16.8917618Z                      }
Scorecard analysis	Run analysis	2026-05-11T21:18:16.8917781Z                   }
Scorecard analysis	Run analysis	2026-05-11T21:18:16.8917943Z                ]
Scorecard analysis	Run analysis	2026-05-11T21:18:16.8918095Z             },
Scorecard analysis	Run analysis	2026-05-11T21:18:16.8918259Z             {
Scorecard analysis	Run analysis	2026-05-11T21:18:16.8918439Z                "ruleId": "PinnedDependenciesID",
Scorecard analysis	Run analysis	2026-05-11T21:18:16.8918691Z                "ruleIndex": 4,
Scorecard analysis	Run analysis	2026-05-11T21:18:16.8918883Z                "message": {
Scorecard analysis	Run analysis	2026-05-11T21:18:16.8919845Z                   "text": "score is 0: third-party GitHubAction not pinned by hash\nRemediation tip: update your workflow using [https://app.stepsecurity.io](https://app.stepsecurity.io/secureworkflow/adamoutler/cossh/ci.yml/main?enable=pin)\nClick Remediation section below for further remediation help"
Scorecard analysis	Run analysis	2026-05-11T21:18:16.8920838Z                },
Scorecard analysis	Run analysis	2026-05-11T21:18:16.8921004Z                "locations": [
Scorecard analysis	Run analysis	2026-05-11T21:18:16.8921194Z                   {
Scorecard analysis	Run analysis	2026-05-11T21:18:16.8921368Z                      "physicalLocation": {
Scorecard analysis	Run analysis	2026-05-11T21:18:16.8921594Z                         "region": {
Scorecard analysis	Run analysis	2026-05-11T21:18:16.8921805Z                            "startLine": 24,
Scorecard analysis	Run analysis	2026-05-11T21:18:16.8922029Z                            "endLine": 24,
Scorecard analysis	Run analysis	2026-05-11T21:18:16.8922305Z                            "snippet": {
Scorecard analysis	Run analysis	2026-05-11T21:18:16.8922562Z                               "text": "gradle/actions/setup-gradle@v4"
Scorecard analysis	Run analysis	2026-05-11T21:18:16.8922826Z                            }
Scorecard analysis	Run analysis	2026-05-11T21:18:16.8923005Z                         },
Scorecard analysis	Run analysis	2026-05-11T21:18:16.8923209Z                         "artifactLocation": {
Scorecard analysis	Run analysis	2026-05-11T21:18:16.8923459Z                            "uri": ".github/workflows/ci.yml",
Scorecard analysis	Run analysis	2026-05-11T21:18:16.8923725Z                            "uriBaseId": "%SRCROOT%"
Scorecard analysis	Run analysis	2026-05-11T21:18:16.8923948Z                         }
Scorecard analysis	Run analysis	2026-05-11T21:18:16.8924205Z                      },
Scorecard analysis	Run analysis	2026-05-11T21:18:16.8924380Z                      "message": {
Scorecard analysis	Run analysis	2026-05-11T21:18:16.8925137Z                         "text": "third-party GitHubAction not pinned by hash\nRemediation tip: update your workflow using [https://app.stepsecurity.io](https://app.stepsecurity.io/secureworkflow/adamoutler/cossh/ci.yml/main?enable=pin)"
Scorecard analysis	Run analysis	2026-05-11T21:18:16.8925910Z                      }
Scorecard analysis	Run analysis	2026-05-11T21:18:16.8926081Z                   }
Scorecard analysis	Run analysis	2026-05-11T21:18:16.8926240Z                ]
Scorecard analysis	Run analysis	2026-05-11T21:18:16.8926391Z             },
Scorecard analysis	Run analysis	2026-05-11T21:18:16.8926546Z             {
Scorecard analysis	Run analysis	2026-05-11T21:18:16.8926723Z                "ruleId": "PinnedDependenciesID",
Scorecard analysis	Run analysis	2026-05-11T21:18:16.8926971Z                "ruleIndex": 4,
Scorecard analysis	Run analysis	2026-05-11T21:18:16.8927163Z                "message": {
Scorecard analysis	Run analysis	2026-05-11T21:18:16.8928127Z                   "text": "score is 0: GitHub-owned GitHubAction not pinned by hash\nRemediation tip: update your workflow using [https://app.stepsecurity.io](https://app.stepsecurity.io/secureworkflow/adamoutler/cossh/ci.yml/main?enable=pin)\nClick Remediation section below for further remediation help"
Scorecard analysis	Run analysis	2026-05-11T21:18:16.8929125Z                },
Scorecard analysis	Run analysis	2026-05-11T21:18:16.8929290Z                "locations": [
Scorecard analysis	Run analysis	2026-05-11T21:18:16.8929483Z                   {
Scorecard analysis	Run analysis	2026-05-11T21:18:16.8929657Z                      "physicalLocation": {
Scorecard analysis	Run analysis	2026-05-11T21:18:16.8929886Z                         "region": {
Scorecard analysis	Run analysis	2026-05-11T21:18:16.8930099Z                            "startLine": 30,
Scorecard analysis	Run analysis	2026-05-11T21:18:16.8930333Z                            "endLine": 30,
Scorecard analysis	Run analysis	2026-05-11T21:18:16.8930557Z                            "snippet": {
Scorecard analysis	Run analysis	2026-05-11T21:18:16.8930807Z                               "text": "actions/upload-artifact@v4"
Scorecard analysis	Run analysis	2026-05-11T21:18:16.8931070Z                            }
Scorecard analysis	Run analysis	2026-05-11T21:18:16.8931253Z                         },
Scorecard analysis	Run analysis	2026-05-11T21:18:16.8931464Z                         "artifactLocation": {
Scorecard analysis	Run analysis	2026-05-11T21:18:16.8931777Z                            "uri": ".github/workflows/ci.yml",
Scorecard analysis	Run analysis	2026-05-11T21:18:16.8932043Z                            "uriBaseId": "%SRCROOT%"
Scorecard analysis	Run analysis	2026-05-11T21:18:16.8932267Z                         }
Scorecard analysis	Run analysis	2026-05-11T21:18:16.8932450Z                      },
Scorecard analysis	Run analysis	2026-05-11T21:18:16.8932637Z                      "message": {
Scorecard analysis	Run analysis	2026-05-11T21:18:16.8933391Z                         "text": "GitHub-owned GitHubAction not pinned by hash\nRemediation tip: update your workflow using [https://app.stepsecurity.io](https://app.stepsecurity.io/secureworkflow/adamoutler/cossh/ci.yml/main?enable=pin)"
Scorecard analysis	Run analysis	2026-05-11T21:18:16.8934244Z                      }
Scorecard analysis	Run analysis	2026-05-11T21:18:16.8934411Z                   }
Scorecard analysis	Run analysis	2026-05-11T21:18:16.8934572Z                ]
Scorecard analysis	Run analysis	2026-05-11T21:18:16.8934723Z             },
Scorecard analysis	Run analysis	2026-05-11T21:18:16.8934883Z             {
Scorecard analysis	Run analysis	2026-05-11T21:18:16.8935060Z                "ruleId": "PinnedDependenciesID",
Scorecard analysis	Run analysis	2026-05-11T21:18:16.8935305Z                "ruleIndex": 4,
Scorecard analysis	Run analysis	2026-05-11T21:18:16.8935507Z                "message": {
Scorecard analysis	Run analysis	2026-05-11T21:18:16.8936492Z                   "text": "score is 0: GitHub-owned GitHubAction not pinned by hash\nRemediation tip: update your workflow using [https://app.stepsecurity.io](https://app.stepsecurity.io/secureworkflow/adamoutler/cossh/codeql.yml/main?enable=pin)\nClick Remediation section below for further remediation help"
Scorecard analysis	Run analysis	2026-05-11T21:18:16.8937501Z                },
Scorecard analysis	Run analysis	2026-05-11T21:18:16.8937666Z                "locations": [
Scorecard analysis	Run analysis	2026-05-11T21:18:16.8937853Z                   {
Scorecard analysis	Run analysis	2026-05-11T21:18:16.8938024Z                      "physicalLocation": {
Scorecard analysis	Run analysis	2026-05-11T21:18:16.8938344Z                         "region": {
Scorecard analysis	Run analysis	2026-05-11T21:18:16.8938561Z                            "startLine": 26,
Scorecard analysis	Run analysis	2026-05-11T21:18:16.8938780Z                            "endLine": 26,
Scorecard analysis	Run analysis	2026-05-11T21:18:16.8939002Z                            "snippet": {
Scorecard analysis	Run analysis	2026-05-11T21:18:16.8939236Z                               "text": "actions/checkout@v4"
Scorecard analysis	Run analysis	2026-05-11T21:18:16.8939482Z                            }
Scorecard analysis	Run analysis	2026-05-11T21:18:16.8939666Z                         },
Scorecard analysis	Run analysis	2026-05-11T21:18:16.8939866Z                         "artifactLocation": {
Scorecard analysis	Run analysis	2026-05-11T21:18:16.8940123Z                            "uri": ".github/workflows/codeql.yml",
Scorecard analysis	Run analysis	2026-05-11T21:18:16.8940401Z                            "uriBaseId": "%SRCROOT%"
Scorecard analysis	Run analysis	2026-05-11T21:18:16.8940633Z                         }
Scorecard analysis	Run analysis	2026-05-11T21:18:16.8940804Z                      },
Scorecard analysis	Run analysis	2026-05-11T21:18:16.8940988Z                      "message": {
Scorecard analysis	Run analysis	2026-05-11T21:18:16.8941766Z                         "text": "GitHub-owned GitHubAction not pinned by hash\nRemediation tip: update your workflow using [https://app.stepsecurity.io](https://app.stepsecurity.io/secureworkflow/adamoutler/cossh/codeql.yml/main?enable=pin)"
Scorecard analysis	Run analysis	2026-05-11T21:18:16.8942560Z                      }
Scorecard analysis	Run analysis	2026-05-11T21:18:16.8942727Z                   }
Scorecard analysis	Run analysis	2026-05-11T21:18:16.8942889Z                ]
Scorecard analysis	Run analysis	2026-05-11T21:18:16.8943039Z             },
Scorecard analysis	Run analysis	2026-05-11T21:18:16.8943193Z             {
Scorecard analysis	Run analysis	2026-05-11T21:18:16.8943382Z                "ruleId": "PinnedDependenciesID",
Scorecard analysis	Run analysis	2026-05-11T21:18:16.8943630Z                "ruleIndex": 4,
Scorecard analysis	Run analysis	2026-05-11T21:18:16.8943828Z                "message": {
Scorecard analysis	Run analysis	2026-05-11T21:18:16.8945044Z                   "text": "score is 0: GitHub-owned GitHubAction not pinned by hash\nRemediation tip: update your workflow using [https://app.stepsecurity.io](https://app.stepsecurity.io/secureworkflow/adamoutler/cossh/codeql.yml/main?enable=pin)\nClick Remediation section below for further remediation help"
Scorecard analysis	Run analysis	2026-05-11T21:18:16.8946056Z                },
Scorecard analysis	Run analysis	2026-05-11T21:18:16.8946225Z                "locations": [
Scorecard analysis	Run analysis	2026-05-11T21:18:16.8946422Z                   {
Scorecard analysis	Run analysis	2026-05-11T21:18:16.8946604Z                      "physicalLocation": {
Scorecard analysis	Run analysis	2026-05-11T21:18:16.8946834Z                         "region": {
Scorecard analysis	Run analysis	2026-05-11T21:18:16.8947052Z                            "startLine": 30,
Scorecard analysis	Run analysis	2026-05-11T21:18:16.8947275Z                            "endLine": 30,
Scorecard analysis	Run analysis	2026-05-11T21:18:16.8947500Z                            "snippet": {
Scorecard analysis	Run analysis	2026-05-11T21:18:16.8947818Z                               "text": "github/codeql-action/init@v3"
Scorecard analysis	Run analysis	2026-05-11T21:18:16.8948087Z                            }
Scorecard analysis	Run analysis	2026-05-11T21:18:16.8948271Z                         },
Scorecard analysis	Run analysis	2026-05-11T21:18:16.8948479Z                         "artifactLocation": {
Scorecard analysis	Run analysis	2026-05-11T21:18:16.8948744Z                            "uri": ".github/workflows/codeql.yml",
Scorecard analysis	Run analysis	2026-05-11T21:18:16.8949018Z                            "uriBaseId": "%SRCROOT%"
Scorecard analysis	Run analysis	2026-05-11T21:18:16.8949254Z                         }
Scorecard analysis	Run analysis	2026-05-11T21:18:16.8949432Z                      },
Scorecard analysis	Run analysis	2026-05-11T21:18:16.8949632Z                      "message": {
Scorecard analysis	Run analysis	2026-05-11T21:18:16.8950414Z                         "text": "GitHub-owned GitHubAction not pinned by hash\nRemediation tip: update your workflow using [https://app.stepsecurity.io](https://app.stepsecurity.io/secureworkflow/adamoutler/cossh/codeql.yml/main?enable=pin)"
Scorecard analysis	Run analysis	2026-05-11T21:18:16.8951211Z                      }
Scorecard analysis	Run analysis	2026-05-11T21:18:16.8951382Z                   }
Scorecard analysis	Run analysis	2026-05-11T21:18:16.8951535Z                ]
Scorecard analysis	Run analysis	2026-05-11T21:18:16.8951701Z             },
Scorecard analysis	Run analysis	2026-05-11T21:18:16.8951850Z             {
Scorecard analysis	Run analysis	2026-05-11T21:18:16.8952037Z                "ruleId": "PinnedDependenciesID",
Scorecard analysis	Run analysis	2026-05-11T21:18:16.8952275Z                "ruleIndex": 4,
Scorecard analysis	Run analysis	2026-05-11T21:18:16.8952472Z                "message": {
Scorecard analysis	Run analysis	2026-05-11T21:18:16.8953447Z                   "text": "score is 0: GitHub-owned GitHubAction not pinned by hash\nRemediation tip: update your workflow using [https://app.stepsecurity.io](https://app.stepsecurity.io/secureworkflow/adamoutler/cossh/codeql.yml/main?enable=pin)\nClick Remediation section below for further remediation help"
Scorecard analysis	Run analysis	2026-05-11T21:18:16.8954584Z                },
Scorecard analysis	Run analysis	2026-05-11T21:18:16.8954754Z                "locations": [
Scorecard analysis	Run analysis	2026-05-11T21:18:16.8954937Z                   {
Scorecard analysis	Run analysis	2026-05-11T21:18:16.8955116Z                      "physicalLocation": {
Scorecard analysis	Run analysis	2026-05-11T21:18:16.8955338Z                         "region": {
Scorecard analysis	Run analysis	2026-05-11T21:18:16.8955558Z                            "startLine": 36,
Scorecard analysis	Run analysis	2026-05-11T21:18:16.8955778Z                            "endLine": 36,
Scorecard analysis	Run analysis	2026-05-11T21:18:16.8956002Z                            "snippet": {
Scorecard analysis	Run analysis	2026-05-11T21:18:16.8956245Z                               "text": "actions/setup-java@v3"
Scorecard analysis	Run analysis	2026-05-11T21:18:16.8956493Z                            }
Scorecard analysis	Run analysis	2026-05-11T21:18:16.8956683Z                         },
Scorecard analysis	Run analysis	2026-05-11T21:18:16.8956882Z                         "artifactLocation": {
Scorecard analysis	Run analysis	2026-05-11T21:18:16.8957149Z                            "uri": ".github/workflows/codeql.yml",
Scorecard analysis	Run analysis	2026-05-11T21:18:16.8957412Z                            "uriBaseId": "%SRCROOT%"
Scorecard analysis	Run analysis	2026-05-11T21:18:16.8957645Z                         }
Scorecard analysis	Run analysis	2026-05-11T21:18:16.8957818Z                      },
Scorecard analysis	Run analysis	2026-05-11T21:18:16.8958003Z                      "message": {
Scorecard analysis	Run analysis	2026-05-11T21:18:16.8958783Z                         "text": "GitHub-owned GitHubAction not pinned by hash\nRemediation tip: update your workflow using [https://app.stepsecurity.io](https://app.stepsecurity.io/secureworkflow/adamoutler/cossh/codeql.yml/main?enable=pin)"
Scorecard analysis	Run analysis	2026-05-11T21:18:16.8959576Z                      }
Scorecard analysis	Run analysis	2026-05-11T21:18:16.8959747Z                   }
Scorecard analysis	Run analysis	2026-05-11T21:18:16.8959903Z                ]
Scorecard analysis	Run analysis	2026-05-11T21:18:16.8960065Z             },
Scorecard analysis	Run analysis	2026-05-11T21:18:16.8960216Z             {
Scorecard analysis	Run analysis	2026-05-11T21:18:16.8960405Z                "ruleId": "PinnedDependenciesID",
Scorecard analysis	Run analysis	2026-05-11T21:18:16.8960641Z                "ruleIndex": 4,
Scorecard analysis	Run analysis	2026-05-11T21:18:16.8960839Z                "message": {
Scorecard analysis	Run analysis	2026-05-11T21:18:16.8961813Z                   "text": "score is 0: GitHub-owned GitHubAction not pinned by hash\nRemediation tip: update your workflow using [https://app.stepsecurity.io](https://app.stepsecurity.io/secureworkflow/adamoutler/cossh/codeql.yml/main?enable=pin)\nClick Remediation section below for further remediation help"
Scorecard analysis	Run analysis	2026-05-11T21:18:16.8962827Z                },
Scorecard analysis	Run analysis	2026-05-11T21:18:16.8963003Z                "locations": [
Scorecard analysis	Run analysis	2026-05-11T21:18:16.8963190Z                   {
Scorecard analysis	Run analysis	2026-05-11T21:18:16.8963376Z                      "physicalLocation": {
Scorecard analysis	Run analysis	2026-05-11T21:18:16.8963600Z                         "region": {
Scorecard analysis	Run analysis	2026-05-11T21:18:16.8963885Z                            "startLine": 48,
Scorecard analysis	Run analysis	2026-05-11T21:18:16.8964174Z                            "endLine": 48,
Scorecard analysis	Run analysis	2026-05-11T21:18:16.8964401Z                            "snippet": {
Scorecard analysis	Run analysis	2026-05-11T21:18:16.8964660Z                               "text": "github/codeql-action/analyze@v3"
Scorecard analysis	Run analysis	2026-05-11T21:18:16.8964927Z                            }
Scorecard analysis	Run analysis	2026-05-11T21:18:16.8965131Z                         },
Scorecard analysis	Run analysis	2026-05-11T21:18:16.8965327Z                         "artifactLocation": {
Scorecard analysis	Run analysis	2026-05-11T21:18:16.8965594Z                            "uri": ".github/workflows/codeql.yml",
Scorecard analysis	Run analysis	2026-05-11T21:18:16.8965868Z                            "uriBaseId": "%SRCROOT%"
Scorecard analysis	Run analysis	2026-05-11T21:18:16.8966110Z                         }
Scorecard analysis	Run analysis	2026-05-11T21:18:16.8966290Z                      },
Scorecard analysis	Run analysis	2026-05-11T21:18:16.8966478Z                      "message": {
Scorecard analysis	Run analysis	2026-05-11T21:18:16.8967261Z                         "text": "GitHub-owned GitHubAction not pinned by hash\nRemediation tip: update your workflow using [https://app.stepsecurity.io](https://app.stepsecurity.io/secureworkflow/adamoutler/cossh/codeql.yml/main?enable=pin)"
Scorecard analysis	Run analysis	2026-05-11T21:18:16.8968052Z                      }
Scorecard analysis	Run analysis	2026-05-11T21:18:16.8968225Z                   }
Scorecard analysis	Run analysis	2026-05-11T21:18:16.8968378Z                ]
Scorecard analysis	Run analysis	2026-05-11T21:18:16.8968543Z             },
Scorecard analysis	Run analysis	2026-05-11T21:18:16.8968689Z             {
Scorecard analysis	Run analysis	2026-05-11T21:18:16.8968878Z                "ruleId": "PinnedDependenciesID",
Scorecard analysis	Run analysis	2026-05-11T21:18:16.8969117Z                "ruleIndex": 4,
Scorecard analysis	Run analysis	2026-05-11T21:18:16.8969318Z                "message": {
Scorecard analysis	Run analysis	2026-05-11T21:18:16.8970312Z                   "text": "score is 0: GitHub-owned GitHubAction not pinned by hash\nRemediation tip: update your workflow using [https://app.stepsecurity.io](https://app.stepsecurity.io/secureworkflow/adamoutler/cossh/scorecard.yml/main?enable=pin)\nClick Remediation section below for further remediation help"
Scorecard analysis	Run analysis	2026-05-11T21:18:16.8971374Z                },
Scorecard analysis	Run analysis	2026-05-11T21:18:16.8971544Z                "locations": [
Scorecard analysis	Run analysis	2026-05-11T21:18:16.8971724Z                   {
Scorecard analysis	Run analysis	2026-05-11T21:18:16.8971906Z                      "physicalLocation": {
Scorecard analysis	Run analysis	2026-05-11T21:18:16.8972126Z                         "region": {
Scorecard analysis	Run analysis	2026-05-11T21:18:16.8972338Z                            "startLine": 23,
Scorecard analysis	Run analysis	2026-05-11T21:18:16.8972563Z                            "endLine": 23,
Scorecard analysis	Run analysis	2026-05-11T21:18:16.8972780Z                            "snippet": {
Scorecard analysis	Run analysis	2026-05-11T21:18:16.8973023Z                               "text": "actions/checkout@v4"
Scorecard analysis	Run analysis	2026-05-11T21:18:16.8973262Z                            }
Scorecard analysis	Run analysis	2026-05-11T21:18:16.8973449Z                         },
Scorecard analysis	Run analysis	2026-05-11T21:18:16.8973649Z                         "artifactLocation": {
Scorecard analysis	Run analysis	2026-05-11T21:18:16.8973923Z                            "uri": ".github/workflows/scorecard.yml",
Scorecard analysis	Run analysis	2026-05-11T21:18:16.8974264Z                            "uriBaseId": "%SRCROOT%"
Scorecard analysis	Run analysis	2026-05-11T21:18:16.8974491Z                         }
Scorecard analysis	Run analysis	2026-05-11T21:18:16.8974668Z                      },
Scorecard analysis	Run analysis	2026-05-11T21:18:16.8974845Z                      "message": {
Scorecard analysis	Run analysis	2026-05-11T21:18:16.8975638Z                         "text": "GitHub-owned GitHubAction not pinned by hash\nRemediation tip: update your workflow using [https://app.stepsecurity.io](https://app.stepsecurity.io/secureworkflow/adamoutler/cossh/scorecard.yml/main?enable=pin)"
Scorecard analysis	Run analysis	2026-05-11T21:18:16.8976441Z                      }
Scorecard analysis	Run analysis	2026-05-11T21:18:16.8976614Z                   }
Scorecard analysis	Run analysis	2026-05-11T21:18:16.8976768Z                ]
Scorecard analysis	Run analysis	2026-05-11T21:18:16.8976933Z             },
Scorecard analysis	Run analysis	2026-05-11T21:18:16.8977091Z             {
Scorecard analysis	Run analysis	2026-05-11T21:18:16.8977272Z                "ruleId": "PinnedDependenciesID",
Scorecard analysis	Run analysis	2026-05-11T21:18:16.8977526Z                "ruleIndex": 4,
Scorecard analysis	Run analysis	2026-05-11T21:18:16.8977716Z                "message": {
Scorecard analysis	Run analysis	2026-05-11T21:18:16.8978710Z                   "text": "score is 0: third-party GitHubAction not pinned by hash\nRemediation tip: update your workflow using [https://app.stepsecurity.io](https://app.stepsecurity.io/secureworkflow/adamoutler/cossh/scorecard.yml/main?enable=pin)\nClick Remediation section below for further remediation help"
Scorecard analysis	Run analysis	2026-05-11T21:18:16.8979807Z                },
Scorecard analysis	Run analysis	2026-05-11T21:18:16.8979981Z                "locations": [
Scorecard analysis	Run analysis	2026-05-11T21:18:16.8980174Z                   {
Scorecard analysis	Run analysis	2026-05-11T21:18:16.8980352Z                      "physicalLocation": {
Scorecard analysis	Run analysis	2026-05-11T21:18:16.8980582Z                         "region": {
Scorecard analysis	Run analysis	2026-05-11T21:18:16.8980828Z                            "startLine": 28,
Scorecard analysis	Run analysis	2026-05-11T21:18:16.8981067Z                            "endLine": 28,
Scorecard analysis	Run analysis	2026-05-11T21:18:16.8981284Z                            "snippet": {
Scorecard analysis	Run analysis	2026-05-11T21:18:16.8981548Z                               "text": "ossf/scorecard-action@v2.4.0"
Scorecard analysis	Run analysis	2026-05-11T21:18:16.8981806Z                            }
Scorecard analysis	Run analysis	2026-05-11T21:18:16.8982000Z                         },
Scorecard analysis	Run analysis	2026-05-11T21:18:16.8982195Z                         "artifactLocation": {
Scorecard analysis	Run analysis	2026-05-11T21:18:16.8982472Z                            "uri": ".github/workflows/scorecard.yml",
Scorecard analysis	Run analysis	2026-05-11T21:18:16.8982755Z                            "uriBaseId": "%SRCROOT%"
Scorecard analysis	Run analysis	2026-05-11T21:18:16.8982983Z                         }
Scorecard analysis	Run analysis	2026-05-11T21:18:16.8983172Z                      },
Scorecard analysis	Run analysis	2026-05-11T21:18:16.8983357Z                      "message": {
Scorecard analysis	Run analysis	2026-05-11T21:18:16.8984218Z                         "text": "third-party GitHubAction not pinned by hash\nRemediation tip: update your workflow using [https://app.stepsecurity.io](https://app.stepsecurity.io/secureworkflow/adamoutler/cossh/scorecard.yml/main?enable=pin)"
Scorecard analysis	Run analysis	2026-05-11T21:18:16.8985012Z                      }
Scorecard analysis	Run analysis	2026-05-11T21:18:16.8985184Z                   }
Scorecard analysis	Run analysis	2026-05-11T21:18:16.8985344Z                ]
Scorecard analysis	Run analysis	2026-05-11T21:18:16.8985494Z             },
Scorecard analysis	Run analysis	2026-05-11T21:18:16.8985710Z             {
Scorecard analysis	Run analysis	2026-05-11T21:18:16.8985894Z                "ruleId": "PinnedDependenciesID",
Scorecard analysis	Run analysis	2026-05-11T21:18:16.8986144Z                "ruleIndex": 4,
Scorecard analysis	Run analysis	2026-05-11T21:18:16.8986337Z                "message": {
Scorecard analysis	Run analysis	2026-05-11T21:18:16.8987334Z                   "text": "score is 0: GitHub-owned GitHubAction not pinned by hash\nRemediation tip: update your workflow using [https://app.stepsecurity.io](https://app.stepsecurity.io/secureworkflow/adamoutler/cossh/scorecard.yml/main?enable=pin)\nClick Remediation section below for further remediation help"
Scorecard analysis	Run analysis	2026-05-11T21:18:16.8988347Z                },
Scorecard analysis	Run analysis	2026-05-11T21:18:16.8988510Z                "locations": [
Scorecard analysis	Run analysis	2026-05-11T21:18:16.8988700Z                   {
Scorecard analysis	Run analysis	2026-05-11T21:18:16.8988877Z                      "physicalLocation": {
Scorecard analysis	Run analysis	2026-05-11T21:18:16.8989109Z                         "region": {
Scorecard analysis	Run analysis	2026-05-11T21:18:16.8989319Z                            "startLine": 35,
Scorecard analysis	Run analysis	2026-05-11T21:18:16.8989548Z                            "endLine": 35,
Scorecard analysis	Run analysis	2026-05-11T21:18:16.8989767Z                            "snippet": {
Scorecard analysis	Run analysis	2026-05-11T21:18:16.8990027Z                               "text": "actions/upload-artifact@v4"
Scorecard analysis	Run analysis	2026-05-11T21:18:16.8990285Z                            }
Scorecard analysis	Run analysis	2026-05-11T21:18:16.8990471Z                         },
Scorecard analysis	Run analysis	2026-05-11T21:18:16.8990676Z                         "artifactLocation": {
Scorecard analysis	Run analysis	2026-05-11T21:18:16.8990941Z                            "uri": ".github/workflows/scorecard.yml",
Scorecard analysis	Run analysis	2026-05-11T21:18:16.8991227Z                            "uriBaseId": "%SRCROOT%"
Scorecard analysis	Run analysis	2026-05-11T21:18:16.8991454Z                         }
Scorecard analysis	Run analysis	2026-05-11T21:18:16.8991637Z                      },
Scorecard analysis	Run analysis	2026-05-11T21:18:16.8991817Z                      "message": {
Scorecard analysis	Run analysis	2026-05-11T21:18:16.8992601Z                         "text": "GitHub-owned GitHubAction not pinned by hash\nRemediation tip: update your workflow using [https://app.stepsecurity.io](https://app.stepsecurity.io/secureworkflow/adamoutler/cossh/scorecard.yml/main?enable=pin)"
Scorecard analysis	Run analysis	2026-05-11T21:18:16.8993406Z                      }
Scorecard analysis	Run analysis	2026-05-11T21:18:16.8993574Z                   }
Scorecard analysis	Run analysis	2026-05-11T21:18:16.8993740Z                ]
Scorecard analysis	Run analysis	2026-05-11T21:18:16.8993891Z             },
Scorecard analysis	Run analysis	2026-05-11T21:18:16.8994047Z             {
Scorecard analysis	Run analysis	2026-05-11T21:18:16.8994376Z                "ruleId": "PinnedDependenciesID",
Scorecard analysis	Run analysis	2026-05-11T21:18:16.8994630Z                "ruleIndex": 4,
Scorecard analysis	Run analysis	2026-05-11T21:18:16.8994824Z                "message": {
Scorecard analysis	Run analysis	2026-05-11T21:18:16.8995818Z                   "text": "score is 0: GitHub-owned GitHubAction not pinned by hash\nRemediation tip: update your workflow using [https://app.stepsecurity.io](https://app.stepsecurity.io/secureworkflow/adamoutler/cossh/scorecard.yml/main?enable=pin)\nClick Remediation section below for further remediation help"
Scorecard analysis	Run analysis	2026-05-11T21:18:16.8996902Z                },
Scorecard analysis	Run analysis	2026-05-11T21:18:16.8997073Z                "locations": [
Scorecard analysis	Run analysis	2026-05-11T21:18:16.8997265Z                   {
Scorecard analysis	Run analysis	2026-05-11T21:18:16.8997439Z                      "physicalLocation": {
Scorecard analysis	Run analysis	2026-05-11T21:18:16.8997668Z                         "region": {
Scorecard analysis	Run analysis	2026-05-11T21:18:16.8997882Z                            "startLine": 42,
Scorecard analysis	Run analysis	2026-05-11T21:18:16.8998114Z                            "endLine": 42,
Scorecard analysis	Run analysis	2026-05-11T21:18:16.8998350Z                            "snippet": {
Scorecard analysis	Run analysis	2026-05-11T21:18:16.8998617Z                               "text": "github/codeql-action/upload-sarif@v3"
Scorecard analysis	Run analysis	2026-05-11T21:18:16.8998905Z                            }
Scorecard analysis	Run analysis	2026-05-11T21:18:16.8999091Z                         },
Scorecard analysis	Run analysis	2026-05-11T21:18:16.8999297Z                         "artifactLocation": {
Scorecard analysis	Run analysis	2026-05-11T21:18:16.8999569Z                            "uri": ".github/workflows/scorecard.yml",
Scorecard analysis	Run analysis	2026-05-11T21:18:16.8999847Z                            "uriBaseId": "%SRCROOT%"
Scorecard analysis	Run analysis	2026-05-11T21:18:16.9000070Z                         }
Scorecard analysis	Run analysis	2026-05-11T21:18:16.9000247Z                      },
Scorecard analysis	Run analysis	2026-05-11T21:18:16.9000422Z                      "message": {
Scorecard analysis	Run analysis	2026-05-11T21:18:16.9001208Z                         "text": "GitHub-owned GitHubAction not pinned by hash\nRemediation tip: update your workflow using [https://app.stepsecurity.io](https://app.stepsecurity.io/secureworkflow/adamoutler/cossh/scorecard.yml/main?enable=pin)"
Scorecard analysis	Run analysis	2026-05-11T21:18:16.9002066Z                      }
Scorecard analysis	Run analysis	2026-05-11T21:18:16.9002230Z                   }
Scorecard analysis	Run analysis	2026-05-11T21:18:16.9002393Z                ]
Scorecard analysis	Run analysis	2026-05-11T21:18:16.9002541Z             },
Scorecard analysis	Run analysis	2026-05-11T21:18:16.9002697Z             {
Scorecard analysis	Run analysis	2026-05-11T21:18:16.9002874Z                "ruleId": "PinnedDependenciesID",
Scorecard analysis	Run analysis	2026-05-11T21:18:16.9003118Z                "ruleIndex": 4,
Scorecard analysis	Run analysis	2026-05-11T21:18:16.9003320Z                "message": {
Scorecard analysis	Run analysis	2026-05-11T21:18:16.9003706Z                   "text": "score is 0: pipCommand not pinned by hash\nClick Remediation section below to solve this issue"
Scorecard analysis	Run analysis	2026-05-11T21:18:16.9004192Z                },
Scorecard analysis	Run analysis	2026-05-11T21:18:16.9004355Z                "locations": [
Scorecard analysis	Run analysis	2026-05-11T21:18:16.9004546Z                   {
Scorecard analysis	Run analysis	2026-05-11T21:18:16.9004723Z                      "physicalLocation": {
Scorecard analysis	Run analysis	2026-05-11T21:18:16.9004955Z                         "region": {
Scorecard analysis	Run analysis	2026-05-11T21:18:16.9005168Z                            "startLine": 74,
Scorecard analysis	Run analysis	2026-05-11T21:18:16.9005403Z                            "endLine": 74,
Scorecard analysis	Run analysis	2026-05-11T21:18:16.9005622Z                            "snippet": {
Scorecard analysis	Run analysis	2026-05-11T21:18:16.9005879Z                               "text": "pip install paramiko"
Scorecard analysis	Run analysis	2026-05-11T21:18:16.9006135Z                            }
Scorecard analysis	Run analysis	2026-05-11T21:18:16.9006318Z                         },
Scorecard analysis	Run analysis	2026-05-11T21:18:16.9006529Z                         "artifactLocation": {
Scorecard analysis	Run analysis	2026-05-11T21:18:16.9006793Z                            "uri": ".github/workflows/ci.yml",
Scorecard analysis	Run analysis	2026-05-11T21:18:16.9007064Z                            "uriBaseId": "%SRCROOT%"
Scorecard analysis	Run analysis	2026-05-11T21:18:16.9007294Z                         }
Scorecard analysis	Run analysis	2026-05-11T21:18:16.9007475Z                      },
Scorecard analysis	Run analysis	2026-05-11T21:18:16.9007651Z                      "message": {
Scorecard analysis	Run analysis	2026-05-11T21:18:16.9007898Z                         "text": "pipCommand not pinned by hash"
Scorecard analysis	Run analysis	2026-05-11T21:18:16.9008154Z                      }
Scorecard analysis	Run analysis	2026-05-11T21:18:16.9008314Z                   }
Scorecard analysis	Run analysis	2026-05-11T21:18:16.9008475Z                ]
Scorecard analysis	Run analysis	2026-05-11T21:18:16.9008634Z             },
Scorecard analysis	Run analysis	2026-05-11T21:18:16.9008793Z             {
Scorecard analysis	Run analysis	2026-05-11T21:18:16.9008974Z                "ruleId": "TokenPermissionsID",
Scorecard analysis	Run analysis	2026-05-11T21:18:16.9009219Z                "ruleIndex": 5,
Scorecard analysis	Run analysis	2026-05-11T21:18:16.9009413Z                "message": {
Scorecard analysis	Run analysis	2026-05-11T21:18:16.9011167Z                   "text": "score is 0: topLevel 'contents' permission set to 'write'\nRemediation tip: Visit [https://app.stepsecurity.io/secureworkflow](https://app.stepsecurity.io/secureworkflow/github.com/adamoutler/cossh/ci.yml/main?enable=permissions).\nTick the 'Restrict permissions for GITHUB_TOKEN'\nUntick other options\nNOTE: If you want to resolve multiple issues at once, you can visit [https://app.stepsecurity.io/securerepo](https://app.stepsecurity.io/securerepo) instead.\nClick Remediation section below for further remediation help"
Scorecard analysis	Run analysis	2026-05-11T21:18:16.9013006Z                },
Scorecard analysis	Run analysis	2026-05-11T21:18:16.9013180Z                "locations": [
Scorecard analysis	Run analysis	2026-05-11T21:18:16.9013361Z                   {
Scorecard analysis	Run analysis	2026-05-11T21:18:16.9013550Z                      "physicalLocation": {
Scorecard analysis	Run analysis	2026-05-11T21:18:16.9013775Z                         "region": {
Scorecard analysis	Run analysis	2026-05-11T21:18:16.9013994Z                            "startLine": 10,
Scorecard analysis	Run analysis	2026-05-11T21:18:16.9014287Z                            "endLine": 10,
Scorecard analysis	Run analysis	2026-05-11T21:18:16.9014512Z                            "snippet": {
Scorecard analysis	Run analysis	2026-05-11T21:18:16.9014730Z                               "text": "write"
Scorecard analysis	Run analysis	2026-05-11T21:18:16.9014948Z                            }
Scorecard analysis	Run analysis	2026-05-11T21:18:16.9015136Z                         },
Scorecard analysis	Run analysis	2026-05-11T21:18:16.9015333Z                         "artifactLocation": {
Scorecard analysis	Run analysis	2026-05-11T21:18:16.9015595Z                            "uri": ".github/workflows/ci.yml",
Scorecard analysis	Run analysis	2026-05-11T21:18:16.9015854Z                            "uriBaseId": "%SRCROOT%"
Scorecard analysis	Run analysis	2026-05-11T21:18:16.9016095Z                         }
Scorecard analysis	Run analysis	2026-05-11T21:18:16.9016268Z                      },
Scorecard analysis	Run analysis	2026-05-11T21:18:16.9016456Z                      "message": {
Scorecard analysis	Run analysis	2026-05-11T21:18:16.9017996Z                         "text": "topLevel 'contents' permission set to 'write'\nRemediation tip: Visit [https://app.stepsecurity.io/secureworkflow](https://app.stepsecurity.io/secureworkflow/github.com/adamoutler/cossh/ci.yml/main?enable=permissions).\nTick the 'Restrict permissions for GITHUB_TOKEN'\nUntick other options\nNOTE: If you want to resolve multiple issues at once, you can visit [https://app.stepsecurity.io/securerepo](https://app.stepsecurity.io/securerepo) instead."
Scorecard analysis	Run analysis	2026-05-11T21:18:16.9019607Z                      }
Scorecard analysis	Run analysis	2026-05-11T21:18:16.9019781Z                   }
Scorecard analysis	Run analysis	2026-05-11T21:18:16.9019933Z                ]
Scorecard analysis	Run analysis	2026-05-11T21:18:16.9020092Z             },
Scorecard analysis	Run analysis	2026-05-11T21:18:16.9020243Z             {
Scorecard analysis	Run analysis	2026-05-11T21:18:16.9020425Z                "ruleId": "TokenPermissionsID",
Scorecard analysis	Run analysis	2026-05-11T21:18:16.9020663Z                "ruleIndex": 5,
Scorecard analysis	Run analysis	2026-05-11T21:18:16.9020855Z                "message": {
Scorecard analysis	Run analysis	2026-05-11T21:18:16.9022600Z                   "text": "score is 0: topLevel 'security-events' permission set to 'write'\nRemediation tip: Visit [https://app.stepsecurity.io/secureworkflow](https://app.stepsecurity.io/secureworkflow/github.com/adamoutler/cossh/ci.yml/main?enable=permissions).\nTick the 'Restrict permissions for GITHUB_TOKEN'\nUntick other options\nNOTE: If you want to resolve multiple issues at once, you can visit [https://app.stepsecurity.io/securerepo](https://app.stepsecurity.io/securerepo) instead.\nClick Remediation section below for further remediation help"
Scorecard analysis	Run analysis	2026-05-11T21:18:16.9024450Z                },
Scorecard analysis	Run analysis	2026-05-11T21:18:16.9024625Z                "locations": [
Scorecard analysis	Run analysis	2026-05-11T21:18:16.9024816Z                   {
Scorecard analysis	Run analysis	2026-05-11T21:18:16.9024994Z                      "physicalLocation": {
Scorecard analysis	Run analysis	2026-05-11T21:18:16.9025229Z                         "region": {
Scorecard analysis	Run analysis	2026-05-11T21:18:16.9025445Z                            "startLine": 11,
Scorecard analysis	Run analysis	2026-05-11T21:18:16.9025674Z                            "endLine": 11,
Scorecard analysis	Run analysis	2026-05-11T21:18:16.9025892Z                            "snippet": {
Scorecard analysis	Run analysis	2026-05-11T21:18:16.9026119Z                               "text": "write"
Scorecard analysis	Run analysis	2026-05-11T21:18:16.9026332Z                            }
Scorecard analysis	Run analysis	2026-05-11T21:18:16.9026527Z                         },
Scorecard analysis	Run analysis	2026-05-11T21:18:16.9026733Z                         "artifactLocation": {
Scorecard analysis	Run analysis	2026-05-11T21:18:16.9026985Z                            "uri": ".github/workflows/ci.yml",
Scorecard analysis	Run analysis	2026-05-11T21:18:16.9027255Z                            "uriBaseId": "%SRCROOT%"
Scorecard analysis	Run analysis	2026-05-11T21:18:16.9027481Z                         }
Scorecard analysis	Run analysis	2026-05-11T21:18:16.9027663Z                      },
Scorecard analysis	Run analysis	2026-05-11T21:18:16.9027898Z                      "message": {
Scorecard analysis	Run analysis	2026-05-11T21:18:16.9029467Z                         "text": "topLevel 'security-events' permission set to 'write'\nRemediation tip: Visit [https://app.stepsecurity.io/secureworkflow](https://app.stepsecurity.io/secureworkflow/github.com/adamoutler/cossh/ci.yml/main?enable=permissions).\nTick the 'Restrict permissions for GITHUB_TOKEN'\nUntick other options\nNOTE: If you want to resolve multiple issues at once, you can visit [https://app.stepsecurity.io/securerepo](https://app.stepsecurity.io/securerepo) instead."
Scorecard analysis	Run analysis	2026-05-11T21:18:16.9031027Z                      }
Scorecard analysis	Run analysis	2026-05-11T21:18:16.9031193Z                   }
Scorecard analysis	Run analysis	2026-05-11T21:18:16.9031371Z                ]
Scorecard analysis	Run analysis	2026-05-11T21:18:16.9031527Z             },
Scorecard analysis	Run analysis	2026-05-11T21:18:16.9031685Z             {
Scorecard analysis	Run analysis	2026-05-11T21:18:16.9031867Z                "ruleId": "TokenPermissionsID",
Scorecard analysis	Run analysis	2026-05-11T21:18:16.9032119Z                "ruleIndex": 5,
Scorecard analysis	Run analysis	2026-05-11T21:18:16.9032326Z                "message": {
Scorecard analysis	Run analysis	2026-05-11T21:18:16.9034028Z                   "text": "score is 0: no topLevel permission defined\nRemediation tip: Visit [https://app.stepsecurity.io/secureworkflow](https://app.stepsecurity.io/secureworkflow/github.com/adamoutler/cossh/codeql.yml/main?enable=permissions).\nTick the 'Restrict permissions for GITHUB_TOKEN'\nUntick other options\nNOTE: If you want to resolve multiple issues at once, you can visit [https://app.stepsecurity.io/securerepo](https://app.stepsecurity.io/securerepo) instead.\nClick Remediation section below for further remediation help"
Scorecard analysis	Run analysis	2026-05-11T21:18:16.9035823Z                },
Scorecard analysis	Run analysis	2026-05-11T21:18:16.9036059Z                "locations": [
Scorecard analysis	Run analysis	2026-05-11T21:18:16.9036241Z                   {
Scorecard analysis	Run analysis	2026-05-11T21:18:16.9036429Z                      "physicalLocation": {
Scorecard analysis	Run analysis	2026-05-11T21:18:16.9036655Z                         "region": {
Scorecard analysis	Run analysis	2026-05-11T21:18:16.9036870Z                            "startLine": 1,
Scorecard analysis	Run analysis	2026-05-11T21:18:16.9037089Z                            "endLine": 1
Scorecard analysis	Run analysis	2026-05-11T21:18:16.9037307Z                         },
Scorecard analysis	Run analysis	2026-05-11T21:18:16.9037511Z                         "artifactLocation": {
Scorecard analysis	Run analysis	2026-05-11T21:18:16.9037777Z                            "uri": ".github/workflows/codeql.yml",
Scorecard analysis	Run analysis	2026-05-11T21:18:16.9038044Z                            "uriBaseId": "%SRCROOT%"
Scorecard analysis	Run analysis	2026-05-11T21:18:16.9038276Z                         }
Scorecard analysis	Run analysis	2026-05-11T21:18:16.9038460Z                      },
Scorecard analysis	Run analysis	2026-05-11T21:18:16.9038638Z                      "message": {
Scorecard analysis	Run analysis	2026-05-11T21:18:16.9040154Z                         "text": "no topLevel permission defined\nRemediation tip: Visit [https://app.stepsecurity.io/secureworkflow](https://app.stepsecurity.io/secureworkflow/github.com/adamoutler/cossh/codeql.yml/main?enable=permissions).\nTick the 'Restrict permissions for GITHUB_TOKEN'\nUntick other options\nNOTE: If you want to resolve multiple issues at once, you can visit [https://app.stepsecurity.io/securerepo](https://app.stepsecurity.io/securerepo) instead."
Scorecard analysis	Run analysis	2026-05-11T21:18:16.9041662Z                      }
Scorecard analysis	Run analysis	2026-05-11T21:18:16.9041830Z                   }
Scorecard analysis	Run analysis	2026-05-11T21:18:16.9041992Z                ]
Scorecard analysis	Run analysis	2026-05-11T21:18:16.9042145Z             }
Scorecard analysis	Run analysis	2026-05-11T21:18:16.9042303Z          ]
Scorecard analysis	Run analysis	2026-05-11T21:18:16.9042445Z       },
Scorecard analysis	Run analysis	2026-05-11T21:18:16.9042594Z       {
Scorecard analysis	Run analysis	2026-05-11T21:18:16.9042751Z          "automationDetails": {
Scorecard analysis	Run analysis	2026-05-11T21:18:16.9043151Z             "id": "supply-chain/online-scm/ea7e27ed41b76ab879c862fa0ca4cc9c61764ee4-11 May 26 21:18 +0000"
Scorecard analysis	Run analysis	2026-05-11T21:18:16.9043553Z          },
Scorecard analysis	Run analysis	2026-05-11T21:18:16.9043712Z          "tool": {
Scorecard analysis	Run analysis	2026-05-11T21:18:16.9043875Z             "driver": {
Scorecard analysis	Run analysis	2026-05-11T21:18:16.9044142Z                "name": "Scorecard",
Scorecard analysis	Run analysis	2026-05-11T21:18:16.9044438Z                "informationUri": "https://github.com/ossf/scorecard",
Scorecard analysis	Run analysis	2026-05-11T21:18:16.9044740Z                "semanticVersion": "v5.0.0",
Scorecard analysis	Run analysis	2026-05-11T21:18:16.9044970Z                "rules": [
Scorecard analysis	Run analysis	2026-05-11T21:18:16.9045144Z                   {
Scorecard analysis	Run analysis	2026-05-11T21:18:16.9045322Z                      "id": "CITestsID",
Scorecard analysis	Run analysis	2026-05-11T21:18:16.9045565Z                      "name": "CI-Tests",
Scorecard analysis	Run analysis	2026-05-11T21:18:16.9046138Z                      "helpUri": "https://github.com/ossf/scorecard/blob/ea7e27ed41b76ab879c862fa0ca4cc9c61764ee4/docs/checks.md#ci-tests",
Scorecard analysis	Run analysis	2026-05-11T21:18:16.9046656Z                      "shortDescription": {
Scorecard analysis	Run analysis	2026-05-11T21:18:16.9046892Z                         "text": "CI-Tests"
Scorecard analysis	Run analysis	2026-05-11T21:18:16.9047112Z                      },
Scorecard analysis	Run analysis	2026-05-11T21:18:16.9047300Z                      "fullDescription": {
Scorecard analysis	Run analysis	2026-05-11T21:18:16.9047664Z                         "text": "Determines if the project runs tests before pull requests are merged."
Scorecard analysis	Run analysis	2026-05-11T21:18:16.9048024Z                      },
Scorecard analysis	Run analysis	2026-05-11T21:18:16.9048214Z                      "help": {
Scorecard analysis	Run analysis	2026-05-11T21:18:16.9048546Z                         "text": "Determines if the project runs tests before pull requests are merged.",
Scorecard analysis	Run analysis	2026-05-11T21:18:16.9049248Z 2026/05/11 21:18:16 getting repo info from file: /github/workflow/event.json
Scorecard analysis	Run analysis	2026-05-11T21:18:16.9049560Z 2026/05/11 21:18:16 {
Scorecard analysis	Run analysis	2026-05-11T21:18:16.9049796Z "after": "399675bde8a03129fd2f78b1d5104b496df8ebe8",
Scorecard analysis	Run analysis	2026-05-11T21:18:16.9050056Z "base_ref": null,
Scorecard analysis	Run analysis	2026-05-11T21:18:16.9050284Z "before": "fd760399a4515c1cd25f3279eddccea51ef71c87",
Scorecard analysis	Run analysis	2026-05-11T21:18:16.9050545Z "commits": [
Scorecard analysis	Run analysis	2026-05-11T21:18:16.9050717Z {
Scorecard analysis	Run analysis	2026-05-11T21:18:16.9050859Z "author": {
Scorecard analysis	Run analysis	2026-05-11T21:18:16.9051032Z "email": "adamoutler@gmail.com",
Scorecard analysis	Run analysis	2026-05-11T21:18:16.9051243Z "name": "Adam Outler",
Scorecard analysis	Run analysis	2026-05-11T21:18:16.9051433Z "username": "adamoutler"
Scorecard analysis	Run analysis	2026-05-11T21:18:16.9051617Z },
Scorecard analysis	Run analysis	2026-05-11T21:18:16.9051761Z "committer": {
Scorecard analysis	Run analysis	2026-05-11T21:18:16.9051941Z "email": "adamoutler@gmail.com",
Scorecard analysis	Run analysis	2026-05-11T21:18:16.9052216Z "name": "Adam Outler",
Scorecard analysis	Run analysis	2026-05-11T21:18:16.9052404Z "username": "adamoutler"
Scorecard analysis	Run analysis	2026-05-11T21:18:16.9052575Z },
Scorecard analysis	Run analysis	2026-05-11T21:18:16.9052722Z "distinct": true,
Scorecard analysis	Run analysis	2026-05-11T21:18:16.9052916Z "id": "399675bde8a03129fd2f78b1d5104b496df8ebe8",
Scorecard analysis	Run analysis	2026-05-11T21:18:16.9053611Z "message": "ci: Add OpenSSF Scorecard workflow (SSH-169)\n\nAdded ossf/scorecard-action to run on push to main and on schedule. It generates a SARIF file and uploads it to code-scanning.",
Scorecard analysis	Run analysis	2026-05-11T21:18:16.9054367Z "timestamp": "2026-05-11T17:17:51-04:00",
Scorecard analysis	Run analysis	2026-05-11T21:18:16.9054638Z "tree_id": "f8178e0138d4f80f92669e657ed471cd3fc9c112",
Scorecard analysis	Run analysis	2026-05-11T21:18:16.9055060Z "url": "https://github.com/adamoutler/cossh/commit/399675bde8a03129fd2f78b1d5104b496df8ebe8"
Scorecard analysis	Run analysis	2026-05-11T21:18:16.9055427Z }
Scorecard analysis	Run analysis	2026-05-11T21:18:16.9055565Z ],
Scorecard analysis	Run analysis	2026-05-11T21:18:16.9055839Z "compare": "https://github.com/adamoutler/cossh/compare/fd760399a451...399675bde8a0",
Scorecard analysis	Run analysis	2026-05-11T21:18:16.9056198Z "created": false,
Scorecard analysis	Run analysis	2026-05-11T21:18:16.9056366Z "deleted": false,
Scorecard analysis	Run analysis	2026-05-11T21:18:16.9056541Z "forced": false,
Scorecard analysis	Run analysis	2026-05-11T21:18:16.9056709Z "head_commit": {
Scorecard analysis	Run analysis	2026-05-11T21:18:16.9056878Z "author": {
Scorecard analysis	Run analysis	2026-05-11T21:18:16.9057045Z "email": "adamoutler@gmail.com",
Scorecard analysis	Run analysis	2026-05-11T21:18:16.9057261Z "name": "Adam Outler",
Scorecard analysis	Run analysis	2026-05-11T21:18:16.9057454Z "username": "adamoutler"
Scorecard analysis	Run analysis	2026-05-11T21:18:16.9057635Z },
Scorecard analysis	Run analysis	2026-05-11T21:18:16.9057786Z "committer": {
Scorecard analysis	Run analysis	2026-05-11T21:18:16.9057957Z "email": "adamoutler@gmail.com",
Scorecard analysis	Run analysis	2026-05-11T21:18:16.9058173Z "name": "Adam Outler",
Scorecard analysis	Run analysis	2026-05-11T21:18:16.9058351Z "username": "adamoutler"
Scorecard analysis	Run analysis	2026-05-11T21:18:16.9058532Z },
Scorecard analysis	Run analysis	2026-05-11T21:18:16.9058675Z "distinct": true,
Scorecard analysis	Run analysis	2026-05-11T21:18:16.9058876Z "id": "399675bde8a03129fd2f78b1d5104b496df8ebe8",
Scorecard analysis	Run analysis	2026-05-11T21:18:16.9059550Z "message": "ci: Add OpenSSF Scorecard workflow (SSH-169)\n\nAdded ossf/scorecard-action to run on push to main and on schedule. It generates a SARIF file and uploads it to code-scanning.",
Scorecard analysis	Run analysis	2026-05-11T21:18:16.9060220Z "timestamp": "2026-05-11T17:17:51-04:00",
Scorecard analysis	Run analysis	2026-05-11T21:18:16.9060491Z "tree_id": "f8178e0138d4f80f92669e657ed471cd3fc9c112",
Scorecard analysis	Run analysis	2026-05-11T21:18:16.9060898Z "url": "https://github.com/adamoutler/cossh/commit/399675bde8a03129fd2f78b1d5104b496df8ebe8"
Scorecard analysis	Run analysis	2026-05-11T21:18:16.9061277Z },
Scorecard analysis	Run analysis	2026-05-11T21:18:16.9061413Z "pusher": {
Scorecard analysis	Run analysis	2026-05-11T21:18:16.9061589Z "email": "adamoutler@gmail.com",
Scorecard analysis	Run analysis	2026-05-11T21:18:16.9061794Z "name": "adamoutler"
Scorecard analysis	Run analysis	2026-05-11T21:18:16.9061969Z },
Scorecard analysis	Run analysis	2026-05-11T21:18:16.9062116Z "ref": "refs/heads/main",
Scorecard analysis	Run analysis	2026-05-11T21:18:16.9062415Z "repository": {
Scorecard analysis	Run analysis	2026-05-11T21:18:16.9062589Z "allow_forking": true,
Scorecard analysis	Run analysis	2026-05-11T21:18:16.9062905Z "archive_url": "https://api.github.com/repos/adamoutler/cossh/{archive_format}{/ref}",
Scorecard analysis	Run analysis	2026-05-11T21:18:16.9063268Z "archived": false,
Scorecard analysis	Run analysis	2026-05-11T21:18:16.9063560Z "assignees_url": "https://api.github.com/repos/adamoutler/cossh/assignees{/user}",
Scorecard analysis	Run analysis	2026-05-11T21:18:16.9064019Z "blobs_url": "https://api.github.com/repos/adamoutler/cossh/git/blobs{/sha}",
Scorecard analysis	Run analysis	2026-05-11T21:18:16.9064549Z "branches_url": "https://api.github.com/repos/adamoutler/cossh/branches{/branch}",
Scorecard analysis	Run analysis	2026-05-11T21:18:16.9064959Z "clone_url": "https://github.com/adamoutler/cossh.git",
Scorecard analysis	Run analysis	2026-05-11T21:18:16.9065405Z "collaborators_url": "https://api.github.com/repos/adamoutler/cossh/collaborators{/collaborator}",
Scorecard analysis	Run analysis	2026-05-11T21:18:16.9065930Z "comments_url": "https://api.github.com/repos/adamoutler/cossh/comments{/number}",
Scorecard analysis	Run analysis	2026-05-11T21:18:16.9066384Z "commits_url": "https://api.github.com/repos/adamoutler/cossh/commits{/sha}",
Scorecard analysis	Run analysis	2026-05-11T21:18:16.9066849Z "compare_url": "https://api.github.com/repos/adamoutler/cossh/compare/{base}...{head}",
Scorecard analysis	Run analysis	2026-05-11T21:18:16.9067336Z "contents_url": "https://api.github.com/repos/adamoutler/cossh/contents/{+path}",
Scorecard analysis	Run analysis	2026-05-11T21:18:16.9067800Z "contributors_url": "https://api.github.com/repos/adamoutler/cossh/contributors",
Scorecard analysis	Run analysis	2026-05-11T21:18:16.9068161Z "created_at": 1775146282,
Scorecard analysis	Run analysis	2026-05-11T21:18:16.9068365Z "default_branch": "main",
Scorecard analysis	Run analysis	2026-05-11T21:18:16.9068674Z "deployments_url": "https://api.github.com/repos/adamoutler/cossh/deployments",
Scorecard analysis	Run analysis	2026-05-11T21:18:16.9069277Z "description": "Cobalt SSH. A secure, FOSS, modern SSH client, with premium sync feature.  Also it's blue.",
Scorecard analysis	Run analysis	2026-05-11T21:18:16.9069688Z "disabled": false,
Scorecard analysis	Run analysis	2026-05-11T21:18:16.9069968Z "downloads_url": "https://api.github.com/repos/adamoutler/cossh/downloads",
Scorecard analysis	Run analysis	2026-05-11T21:18:16.9070375Z "events_url": "https://api.github.com/repos/adamoutler/cossh/events",
Scorecard analysis	Run analysis	2026-05-11T21:18:16.9070682Z "fork": false,
Scorecard analysis	Run analysis	2026-05-11T21:18:16.9070839Z "forks": 0,
Scorecard analysis	Run analysis	2026-05-11T21:18:16.9070996Z "forks_count": 0,
Scorecard analysis	Run analysis	2026-05-11T21:18:16.9071252Z "forks_url": "https://api.github.com/repos/adamoutler/cossh/forks",
Scorecard analysis	Run analysis	2026-05-11T21:18:16.9071552Z "full_name": "adamoutler/cossh",
Scorecard analysis	Run analysis	2026-05-11T21:18:16.9071898Z "git_commits_url": "https://api.github.com/repos/adamoutler/cossh/git/commits{/sha}",
Scorecard analysis	Run analysis	2026-05-11T21:18:16.9072363Z "git_refs_url": "https://api.github.com/repos/adamoutler/cossh/git/refs{/sha}",
Scorecard analysis	Run analysis	2026-05-11T21:18:16.9072807Z "git_tags_url": "https://api.github.com/repos/adamoutler/cossh/git/tags{/sha}",
Scorecard analysis	Run analysis	2026-05-11T21:18:16.9073178Z "git_url": "git://github.com/adamoutler/cossh.git",
Scorecard analysis	Run analysis	2026-05-11T21:18:16.9073441Z "has_discussions": false,
Scorecard analysis	Run analysis	2026-05-11T21:18:16.9073642Z "has_downloads": true,
Scorecard analysis	Run analysis	2026-05-11T21:18:16.9073820Z "has_issues": true,
Scorecard analysis	Run analysis	2026-05-11T21:18:16.9073998Z "has_pages": false,
Scorecard analysis	Run analysis	2026-05-11T21:18:16.9074241Z "has_projects": true,
Scorecard analysis	Run analysis	2026-05-11T21:18:16.9074437Z "has_pull_requests": true,
Scorecard analysis	Run analysis	2026-05-11T21:18:16.9074622Z "has_wiki": true,
Scorecard analysis	Run analysis	2026-05-11T21:18:16.9074802Z "homepage": null,
Scorecard analysis	Run analysis	2026-05-11T21:18:16.9075051Z "hooks_url": "https://api.github.com/repos/adamoutler/cossh/hooks",
Scorecard analysis	Run analysis	2026-05-11T21:18:16.9075395Z "html_url": "https://github.com/adamoutler/cossh",
Scorecard analysis	Run analysis	2026-05-11T21:18:16.9075641Z "id": 1199705218,
Scorecard analysis	Run analysis	2026-05-11T21:18:16.9075809Z "is_template": false,
Scorecard analysis	Run analysis	2026-05-11T21:18:16.9076141Z "issue_comment_url": "https://api.github.com/repos/adamoutler/cossh/issues/comments{/number}",
Scorecard analysis	Run analysis	2026-05-11T21:18:16.9076674Z "issue_events_url": "https://api.github.com/repos/adamoutler/cossh/issues/events{/number}",
Scorecard analysis	Run analysis	2026-05-11T21:18:16.9077166Z "issues_url": "https://api.github.com/repos/adamoutler/cossh/issues{/number}",
Scorecard analysis	Run analysis	2026-05-11T21:18:16.9077588Z "keys_url": "https://api.github.com/repos/adamoutler/cossh/keys{/key_id}",
Scorecard analysis	Run analysis	2026-05-11T21:18:16.9078007Z "labels_url": "https://api.github.com/repos/adamoutler/cossh/labels{/name}",
Scorecard analysis	Run analysis	2026-05-11T21:18:16.9078327Z "language": "Kotlin",
Scorecard analysis	Run analysis	2026-05-11T21:18:16.9078615Z "languages_url": "https://api.github.com/repos/adamoutler/cossh/languages",
Scorecard analysis	Run analysis	2026-05-11T21:18:16.9079015Z "license": null,
Scorecard analysis	Run analysis	2026-05-11T21:18:16.9079183Z "master_branch": "main",
Scorecard analysis	Run analysis	2026-05-11T21:18:16.9079463Z "merges_url": "https://api.github.com/repos/adamoutler/cossh/merges",
Scorecard analysis	Run analysis	2026-05-11T21:18:16.9079894Z "milestones_url": "https://api.github.com/repos/adamoutler/cossh/milestones{/number}",
Scorecard analysis	Run analysis	2026-05-11T21:18:16.9080253Z "mirror_url": null,
Scorecard analysis	Run analysis	2026-05-11T21:18:16.9080423Z "name": "cossh",
Scorecard analysis	Run analysis	2026-05-11T21:18:16.9080609Z "node_id": "R_kgDOR4IMgg",
Scorecard analysis	Run analysis	2026-05-11T21:18:16.9081048Z "notifications_url": "https://api.github.com/repos/adamoutler/cossh/notifications{?since,all,participating}",
Scorecard analysis	Run analysis	2026-05-11T21:18:16.9081500Z "open_issues": 0,
Scorecard analysis	Run analysis	2026-05-11T21:18:16.9081677Z "open_issues_count": 0,
Scorecard analysis	Run analysis	2026-05-11T21:18:16.9081851Z "owner": {
Scorecard analysis	Run analysis	2026-05-11T21:18:16.9082100Z "avatar_url": "https://avatars.githubusercontent.com/u/527919?v=4",
Scorecard analysis	Run analysis	2026-05-11T21:18:16.9082416Z "email": "adamoutler@gmail.com",
Scorecard analysis	Run analysis	2026-05-11T21:18:16.9082725Z "events_url": "https://api.github.com/users/adamoutler/events{/privacy}",
Scorecard analysis	Run analysis	2026-05-11T21:18:16.9083127Z "followers_url": "https://api.github.com/users/adamoutler/followers",
Scorecard analysis	Run analysis	2026-05-11T21:18:16.9083560Z "following_url": "https://api.github.com/users/adamoutler/following{/other_user}",
Scorecard analysis	Run analysis	2026-05-11T21:18:16.9083988Z "gists_url": "https://api.github.com/users/adamoutler/gists{/gist_id}",
Scorecard analysis	Run analysis	2026-05-11T21:18:16.9084364Z "gravatar_id": "",
Scorecard analysis	Run analysis	2026-05-11T21:18:16.9084567Z "html_url": "https://github.com/adamoutler",
Scorecard analysis	Run analysis	2026-05-11T21:18:16.9084795Z "id": 527919,
Scorecard analysis	Run analysis	2026-05-11T21:18:16.9084960Z "login": "adamoutler",
Scorecard analysis	Run analysis	2026-05-11T21:18:16.9085135Z "name": "adamoutler",
Scorecard analysis	Run analysis	2026-05-11T21:18:16.9085394Z "node_id": "MDQ6VXNlcjUyNzkxOQ==",
Scorecard analysis	Run analysis	2026-05-11T21:18:16.9085700Z "organizations_url": "https://api.github.com/users/adamoutler/orgs",
Scorecard analysis	Run analysis	2026-05-11T21:18:16.9086136Z "received_events_url": "https://api.github.com/users/adamoutler/received_events",
Scorecard analysis	Run analysis	2026-05-11T21:18:16.9086545Z "repos_url": "https://api.github.com/users/adamoutler/repos",
Scorecard analysis	Run analysis	2026-05-11T21:18:16.9086832Z "site_admin": false,
Scorecard analysis	Run analysis	2026-05-11T21:18:16.9087127Z "starred_url": "https://api.github.com/users/adamoutler/starred{/owner}{/repo}",
Scorecard analysis	Run analysis	2026-05-11T21:18:16.9087574Z "subscriptions_url": "https://api.github.com/users/adamoutler/subscriptions",
Scorecard analysis	Run analysis	2026-05-11T21:18:16.9087912Z "type": "User",
Scorecard analysis	Run analysis	2026-05-11T21:18:16.9088115Z "url": "https://api.github.com/users/adamoutler",
Scorecard analysis	Run analysis	2026-05-11T21:18:16.9088375Z "user_view_type": "public"
Scorecard analysis	Run analysis	2026-05-11T21:18:16.9088558Z },
Scorecard analysis	Run analysis	2026-05-11T21:18:16.9088709Z "private": false,
Scorecard analysis	Run analysis	2026-05-11T21:18:16.9088892Z "pull_request_creation_policy": "all",
Scorecard analysis	Run analysis	2026-05-11T21:18:16.9089226Z "pulls_url": "https://api.github.com/repos/adamoutler/cossh/pulls{/number}",
Scorecard analysis	Run analysis	2026-05-11T21:18:16.9089560Z "pushed_at": 1778534273,
Scorecard analysis	Run analysis	2026-05-11T21:18:16.9089857Z "releases_url": "https://api.github.com/repos/adamoutler/cossh/releases{/id}",
Scorecard analysis	Run analysis	2026-05-11T21:18:16.9090190Z "size": 114925,
Scorecard analysis	Run analysis	2026-05-11T21:18:16.9090384Z "ssh_url": "git@github.com:adamoutler/cossh.git",
Scorecard analysis	Run analysis	2026-05-11T21:18:16.9090634Z "stargazers": 2,
Scorecard analysis	Run analysis	2026-05-11T21:18:16.9090799Z "stargazers_count": 2,
Scorecard analysis	Run analysis	2026-05-11T21:18:16.9091095Z "stargazers_url": "https://api.github.com/repos/adamoutler/cossh/stargazers",
Scorecard analysis	Run analysis	2026-05-11T21:18:16.9091537Z "statuses_url": "https://api.github.com/repos/adamoutler/cossh/statuses/{sha}",
Scorecard analysis	Run analysis	2026-05-11T21:18:16.9091990Z "subscribers_url": "https://api.github.com/repos/adamoutler/cossh/subscribers",
Scorecard analysis	Run analysis	2026-05-11T21:18:16.9092450Z "subscription_url": "https://api.github.com/repos/adamoutler/cossh/subscription",
Scorecard analysis	Run analysis	2026-05-11T21:18:16.9092830Z "svn_url": "https://github.com/adamoutler/cossh",
Scorecard analysis	Run analysis	2026-05-11T21:18:16.9093157Z "tags_url": "https://api.github.com/repos/adamoutler/cossh/tags",
Scorecard analysis	Run analysis	2026-05-11T21:18:16.9093541Z "teams_url": "https://api.github.com/repos/adamoutler/cossh/teams",
Scorecard analysis	Run analysis	2026-05-11T21:18:16.9093835Z "topics": [],
Scorecard analysis	Run analysis	2026-05-11T21:18:16.9094156Z "trees_url": "https://api.github.com/repos/adamoutler/cossh/git/trees{/sha}",
Scorecard analysis	Run analysis	2026-05-11T21:18:16.9094498Z "updated_at": "2026-05-11T20:28:03Z",
Scorecard analysis	Run analysis	2026-05-11T21:18:16.9094761Z "url": "https://api.github.com/repos/adamoutler/cossh",
Scorecard analysis	Run analysis	2026-05-11T21:18:16.9095032Z "visibility": "public",
Scorecard analysis	Run analysis	2026-05-11T21:18:16.9095304Z "watchers": 2,
Scorecard analysis	Run analysis	2026-05-11T21:18:16.9095469Z "watchers_count": 2,
Scorecard analysis	Run analysis	2026-05-11T21:18:16.9095669Z "web_commit_signoff_required": false
Scorecard analysis	Run analysis	2026-05-11T21:18:16.9095873Z },
Scorecard analysis	Run analysis	2026-05-11T21:18:16.9096016Z "sender": {
Scorecard analysis	Run analysis	2026-05-11T21:18:16.9096262Z "avatar_url": "https://avatars.githubusercontent.com/u/527919?v=4",
Scorecard analysis	Run analysis	2026-05-11T21:18:16.9096666Z "events_url": "https://api.github.com/users/adamoutler/events{/privacy}",
Scorecard analysis	Run analysis	2026-05-11T21:18:16.9097067Z "followers_url": "https://api.github.com/users/adamoutler/followers",
Scorecard analysis	Run analysis	2026-05-11T21:18:16.9097497Z "following_url": "https://api.github.com/users/adamoutler/following{/other_user}",
Scorecard analysis	Run analysis	2026-05-11T21:18:16.9097937Z "gists_url": "https://api.github.com/users/adamoutler/gists{/gist_id}",
Scorecard analysis	Run analysis	2026-05-11T21:18:16.9098238Z "gravatar_id": "",
Scorecard analysis	Run analysis	2026-05-11T21:18:16.9098439Z "html_url": "https://github.com/adamoutler",
Scorecard analysis	Run analysis	2026-05-11T21:18:16.9098670Z "id": 527919,
Scorecard analysis	Run analysis	2026-05-11T21:18:16.9098831Z "login": "adamoutler",
Scorecard analysis	Run analysis	2026-05-11T21:18:16.9099018Z "node_id": "MDQ6VXNlcjUyNzkxOQ==",
Scorecard analysis	Run analysis	2026-05-11T21:18:16.9099335Z "organizations_url": "https://api.github.com/users/adamoutler/orgs",
Scorecard analysis	Run analysis	2026-05-11T21:18:16.9099759Z "received_events_url": "https://api.github.com/users/adamoutler/received_events",
Scorecard analysis	Run analysis	2026-05-11T21:18:16.9100173Z "repos_url": "https://api.github.com/users/adamoutler/repos",
Scorecard analysis	Run analysis	2026-05-11T21:18:16.9100452Z "site_admin": false,
Scorecard analysis	Run analysis	2026-05-11T21:18:16.9100740Z "starred_url": "https://api.github.com/users/adamoutler/starred{/owner}{/repo}",
Scorecard analysis	Run analysis	2026-05-11T21:18:16.9101190Z "subscriptions_url": "https://api.github.com/users/adamoutler/subscriptions",
Scorecard analysis	Run analysis	2026-05-11T21:18:16.9101570Z "type": "User",
Scorecard analysis	Run analysis	2026-05-11T21:18:16.9101778Z "url": "https://api.github.com/users/adamoutler",
Scorecard analysis	Run analysis	2026-05-11T21:18:16.9102030Z "user_view_type": "public"
Scorecard analysis	Run analysis	2026-05-11T21:18:16.9102218Z }
Scorecard analysis	Run analysis	2026-05-11T21:18:16.9102350Z }
Scorecard analysis	Run analysis	2026-05-11T21:18:16.9107815Z                         "markdown": "**Remediation (click \"Show more\" below)**:\n\n- Check-in scripts that run all the tests in your repository.\n\n- Integrate those scripts with a CI/CD platform that runs it on every pull request (e.g. if hosted on GitHub, [GitHub Actions](https://docs.github.com/en/actions/learn-github-actions/introduction-to-github-actions), [Prow](https://github.com/kubernetes/test-infra/tree/master/prow), etc).\n\n\n\n**Severity**: Low\n\n\n\n**Details**:\n\nRisk: `Low` (possible unknown vulnerabilities)\n\n\n\nThis check tries to determine if the project runs tests before pull requests are\n\nmerged. It is currently limited to repositories hosted on GitHub, and does not\n\nsupport other source hosting repositories (i.e., Forges).\n\n\n\nRunning tests helps developers catch mistakes early on, which can reduce the\n\nnumber of vulnerabilities that find their way into a project.\n\n\n\nThe check works by looking for a set of CI-system names in GitHub `CheckRuns`\n\nand `Statuses` among the recent commits (~30). A CI-system is considered\n\nwell-known if its name contains any of the following: appveyor, buildkite,\n\ncircleci, e2e, github-actions, jenkins, mergeable, test, travis-ci.\n\n\n\nNote: A project that fulfills this criterion with other tools may still receive\n\na low score on this test. There are many ways to implement CI testing, and it is\n\nchallenging for an automated tool like Scorecard to detect them all. A low score\n\nis therefore not a definitive indication that the project is at risk.\n\n\n\nIf a project's system was not detected and you think it should be, please\n\n[open an issue in the scorecard project](https://github.com/ossf/scorecard/issues/new/choose).\n\n"
Scorecard analysis	Run analysis	2026-05-11T21:18:16.9113172Z                      },
Scorecard analysis	Run analysis	2026-05-11T21:18:16.9113379Z                      "defaultConfiguration": {
Scorecard analysis	Run analysis	2026-05-11T21:18:16.9113617Z                         "level": "error"
Scorecard analysis	Run analysis	2026-05-11T21:18:16.9113832Z                      },
Scorecard analysis	Run analysis	2026-05-11T21:18:16.9114012Z                      "properties": {
Scorecard analysis	Run analysis	2026-05-11T21:18:16.9114311Z                         "precision": "high",
Scorecard analysis	Run analysis	2026-05-11T21:18:16.9114576Z                         "problem.severity": "recommendation",
Scorecard analysis	Run analysis	2026-05-11T21:18:16.9114946Z                         "security-severity": "1.0",
Scorecard analysis	Run analysis	2026-05-11T21:18:16.9115180Z                         "tags": [
Scorecard analysis	Run analysis	2026-05-11T21:18:16.9115398Z                            "supply-chain",
Scorecard analysis	Run analysis	2026-05-11T21:18:16.9115623Z                            "testing"
Scorecard analysis	Run analysis	2026-05-11T21:18:16.9115829Z                         ]
Scorecard analysis	Run analysis	2026-05-11T21:18:16.9116011Z                      }
Scorecard analysis	Run analysis	2026-05-11T21:18:16.9116179Z                   },
Scorecard analysis	Run analysis	2026-05-11T21:18:16.9116347Z                   {
Scorecard analysis	Run analysis	2026-05-11T21:18:16.9116535Z                      "id": "CIIBestPracticesID",
Scorecard analysis	Run analysis	2026-05-11T21:18:16.9116637Z                      "name": "CII-Best-Practices",
Scorecard analysis	Run analysis	2026-05-11T21:18:16.9117039Z                      "helpUri": "https://github.com/ossf/scorecard/blob/ea7e27ed41b76ab879c862fa0ca4cc9c61764ee4/docs/checks.md#cii-best-practices",
Scorecard analysis	Run analysis	2026-05-11T21:18:16.9117127Z                      "shortDescription": {
Scorecard analysis	Run analysis	2026-05-11T21:18:16.9117226Z                         "text": "CII-Best-Practices"
Scorecard analysis	Run analysis	2026-05-11T21:18:16.9117298Z                      },
Scorecard analysis	Run analysis	2026-05-11T21:18:16.9117379Z                      "fullDescription": {
Scorecard analysis	Run analysis	2026-05-11T21:18:16.9117612Z                         "text": "Determines if the project has an OpenSSF (formerly CII) Best Practices Badge."
Scorecard analysis	Run analysis	2026-05-11T21:18:16.9117682Z                      },
Scorecard analysis	Run analysis	2026-05-11T21:18:16.9117752Z                      "help": {
Scorecard analysis	Run analysis	2026-05-11T21:18:16.9117976Z                         "text": "Determines if the project has an OpenSSF (formerly CII) Best Practices Badge.",
Scorecard analysis	Run analysis	2026-05-11T21:18:16.9123584Z                         "markdown": "**Remediation (click \"Show more\" below)**:\n\n- Sign up for the [OpenSSF Best Practices program](https://www.bestpractices.dev/).\n\n\n\n**Severity**: Low\n\n\n\n**Details**:\n\nRisk: `Low` (possibly not following security best practices)\n\n\n\nThis check determines whether the project has earned an [OpenSSF (formerly CII) Best Practices Badge](https://www.bestpractices.dev/) at the passing, silver, or gold level.\n\nThe OpenSSF Best Practices badge indicates whether or not that the project uses a set of security-focused best development practices for open\n\nsource software. The check uses the URL for the Git repo and the OpenSSF Best Practices badge API.\n\n\n\nThe OpenSSF Best Practices badge has 3 tiers: passing, silver, and gold. We give\n\nfull credit to projects that meet the [gold criteria](https://www.bestpractices.dev/criteria/2), which is a significant achievement for projects and requires multiple developers in the project.\n\nLower scores represent a project that has met the silver criteria, met the passing criteria, or is working to achieve the passing badge, with increasingly more points awarded as more criteria are met. Note that even meeting the passing criteria is a significant achievement.\n\n\n\n- [gold badge](https://www.bestpractices.dev/criteria/2): 10\n\n- [silver badge](https://www.bestpractices.dev/criteria/1): 7\n\n- [passing badge](https://www.bestpractices.dev/criteria/0): 5\n\n- in progress badge: 2\n\n\n\nSome of these criteria overlap with other Scorecard checks.\n\nHowever, note that in those overlapping cases, Scorecard can only report what it can automatically detect, while the OpenSSF Best Practices badge can report on claims and claim justifications from people (this counters false negatives and positives but has the challenge of requiring additional work from people).\n\n"
Scorecard analysis	Run analysis	2026-05-11T21:18:16.9123728Z                      },
Scorecard analysis	Run analysis	2026-05-11T21:18:16.9123822Z                      "defaultConfiguration": {
Scorecard analysis	Run analysis	2026-05-11T21:18:16.9123903Z                         "level": "error"
Scorecard analysis	Run analysis	2026-05-11T21:18:16.9123971Z                      },
Scorecard analysis	Run analysis	2026-05-11T21:18:16.9124048Z                      "properties": {
Scorecard analysis	Run analysis	2026-05-11T21:18:16.9124186Z                         "precision": "high",
Scorecard analysis	Run analysis	2026-05-11T21:18:16.9124292Z                         "problem.severity": "recommendation",
Scorecard analysis	Run analysis	2026-05-11T21:18:16.9124393Z                         "security-severity": "1.0",
Scorecard analysis	Run analysis	2026-05-11T21:18:16.9124460Z                         "tags": [
Scorecard analysis	Run analysis	2026-05-11T21:18:16.9124547Z                            "security-awareness",
Scorecard analysis	Run analysis	2026-05-11T21:18:16.9124698Z                            "security-training",
Scorecard analysis	Run analysis	2026-05-11T21:18:16.9124770Z                            "security"
Scorecard analysis	Run analysis	2026-05-11T21:18:16.9124835Z                         ]
Scorecard analysis	Run analysis	2026-05-11T21:18:16.9124895Z                      }
Scorecard analysis	Run analysis	2026-05-11T21:18:16.9124964Z                   },
Scorecard analysis	Run analysis	2026-05-11T21:18:16.9125026Z                   {
Scorecard analysis	Run analysis	2026-05-11T21:18:16.9125108Z                      "id": "CodeReviewID",
Scorecard analysis	Run analysis	2026-05-11T21:18:16.9125192Z                      "name": "Code-Review",
Scorecard analysis	Run analysis	2026-05-11T21:18:16.9125553Z                      "helpUri": "https://github.com/ossf/scorecard/blob/ea7e27ed41b76ab879c862fa0ca4cc9c61764ee4/docs/checks.md#code-review",
Scorecard analysis	Run analysis	2026-05-11T21:18:16.9125637Z                      "shortDescription": {
Scorecard analysis	Run analysis	2026-05-11T21:18:16.9125724Z                         "text": "Code-Review"
Scorecard analysis	Run analysis	2026-05-11T21:18:16.9125785Z                      },
Scorecard analysis	Run analysis	2026-05-11T21:18:16.9125862Z                      "fullDescription": {
Scorecard analysis	Run analysis	2026-05-11T21:18:16.9126180Z                         "text": "Determines if the project requires human code review before pull requests (aka merge requests) are merged."
Scorecard analysis	Run analysis	2026-05-11T21:18:16.9126251Z                      },
Scorecard analysis	Run analysis	2026-05-11T21:18:16.9126319Z                      "help": {
Scorecard analysis	Run analysis	2026-05-11T21:18:16.9126626Z                         "text": "Determines if the project requires human code review before pull requests (aka merge requests) are merged.",
Scorecard analysis	Run analysis	2026-05-11T21:18:16.9138578Z                         "markdown": "**Remediation (click \"Show more\" below)**:\n\n- If the project has only one contributor, or does not have enough reviewers to practically require that all contributions be reviewed, try to recruit more maintainers to the project who will be willing to review others' work. Ideally at least some of these people will be from different organizations (see [Contributors](checks.md#contributors)). If the project has very limited utility, consider expanding its intended utility so more people will be interested in improving it, and make that larger scope clear to potential contributors.\n\n- Follow security best practices by performing strict code reviews for every new pull request / merge request.\n\n- Make \"code reviews\" mandatory in your repository configuration. ([Instructions for GitHub.](https://docs.github.com/en/github/administering-a-repository/about-protected-branches#require-pull-request-reviews-before-merging))\n\n- Enforce the rule for administrators / code owners as well. ([Instructions for GitHub.](https://docs.github.com/en/github/administering-a-repository/about-protected-branches#include-administrators))\n\n\n\n**Severity**: High\n\n\n\n**Details**:\n\nRisk: `High` (unintentional vulnerabilities or possible injection of malicious\n\ncode)\n\n\n\nThis check determines whether the project requires human code review\n\nbefore pull requests (merge requests) are merged.\n\n\n\nReviews detect various unintentional problems, including vulnerabilities that\n\ncan be fixed immediately before they are merged, which improves the quality of\n\nthe code. Reviews may also detect or deter an attacker trying to insert\n\nmalicious code (either as a malicious contributor or as an attacker who has\n\nsubverted a contributor's account), because a reviewer might detect the\n\nsubversion.\n\n\n\nThe check determines whether the most recent changes (over the last ~30 commits) have \n\nan approval on GitHub\n\nor if the merger is different from the committer (implicit review). It also\n\nperforms a similar check for reviews using\n\n[Prow](https://github.com/kubernetes/test-infra/tree/master/prow#readme) (labels\n\n\"lgtm\" or \"approved\") and [Gerrit](https://www.gerritcodereview.com/) (\"Reviewed-on\" and \"Reviewed-by\").\n\nIf recent changes are solely bot activity (e.g. Dependabot, Renovate bot, or custom bots),\n\nthe check returns inconclusively.\n\n\n\nScoring is leveled instead of proportional to make the check more predictable.\n\nIf any bot-originated changes are unreviewed, 3 points are deducted. If any human\n\nchanges are unreviewed, 7 points are deducted if a single change is unreviewed, and\n\nanother 3 are deducted if multiple changes are unreviewed.\n\n\n\nReview by bots, including bots powered by\n\nartificial intelligence / machine learning (AI/ML),\n\ndo not count as code review.\n\nSuch reviews do not provide confidence that there will\n\nbe a second person who understands the\n\ncode change (e.g., if the originator suddenly becomes unavailable).\n\nHowever, analysis by bots\n\nmay be able to meet (at least in part) the [SAST](#sast) criterion.\n\n\n\nNote: Requiring reviews for all changes is infeasible for some projects, such as\n\nthose with only one active participant. Even a project with multiple active\n\ncontributors may not have enough active participation to be able to require\n\nreview of all proposed changes. Projects with a small number of active\n\nparticipants instead sometimes aim for a review of a\n\npercentage of proposals (e.g., \"at least half of all proposed changes are\n\nreviewed\").\n\n\n\nRequiring review does not eliminate all risks. The other reviewers might fail to\n\nnotice unintentional vulnerabilities or malicious code, be colluding with a\n\nmalicious developer, or even be the same person (using a \"[sock\n\npuppet](https://en.wikipedia.org/wiki/Sock_puppet_account)\" account).\n\n"
Scorecard analysis	Run analysis	2026-05-11T21:18:16.9138782Z                      },
Scorecard analysis	Run analysis	2026-05-11T21:18:16.9138873Z                      "defaultConfiguration": {
Scorecard analysis	Run analysis	2026-05-11T21:18:16.9138950Z                         "level": "error"
Scorecard analysis	Run analysis	2026-05-11T21:18:16.9139019Z                      },
Scorecard analysis	Run analysis	2026-05-11T21:18:16.9139097Z                      "properties": {
Scorecard analysis	Run analysis	2026-05-11T21:18:16.9139230Z                         "precision": "high",
Scorecard analysis	Run analysis	2026-05-11T21:18:16.9139332Z                         "problem.severity": "error",
Scorecard analysis	Run analysis	2026-05-11T21:18:16.9139421Z                         "security-severity": "7.0",
Scorecard analysis	Run analysis	2026-05-11T21:18:16.9139490Z                         "tags": [
Scorecard analysis	Run analysis	2026-05-11T21:18:16.9139568Z                            "supply-chain",
Scorecard analysis	Run analysis	2026-05-11T21:18:16.9139646Z                            "security",
Scorecard analysis	Run analysis	2026-05-11T21:18:16.9139724Z                            "source-code",
Scorecard analysis	Run analysis	2026-05-11T21:18:16.9139798Z                            "code-reviews"
Scorecard analysis	Run analysis	2026-05-11T21:18:16.9139874Z                         ]
Scorecard analysis	Run analysis	2026-05-11T21:18:16.9139935Z                      }
Scorecard analysis	Run analysis	2026-05-11T21:18:16.9139996Z                   },
Scorecard analysis	Run analysis	2026-05-11T21:18:16.9140064Z                   {
Scorecard analysis	Run analysis	2026-05-11T21:18:16.9140144Z                      "id": "ContributorsID",
Scorecard analysis	Run analysis	2026-05-11T21:18:16.9140226Z                      "name": "Contributors",
Scorecard analysis	Run analysis	2026-05-11T21:18:16.9140587Z                      "helpUri": "https://github.com/ossf/scorecard/blob/ea7e27ed41b76ab879c862fa0ca4cc9c61764ee4/docs/checks.md#contributors",
Scorecard analysis	Run analysis	2026-05-11T21:18:16.9140683Z                      "shortDescription": {
Scorecard analysis	Run analysis	2026-05-11T21:18:16.9140766Z                         "text": "Contributors"
Scorecard analysis	Run analysis	2026-05-11T21:18:16.9140827Z                      },
Scorecard analysis	Run analysis	2026-05-11T21:18:16.9140915Z                      "fullDescription": {
Scorecard analysis	Run analysis	2026-05-11T21:18:16.9141206Z                         "text": "Determines if the project has a set of contributors from multiple organizations (e.g., companies)."
Scorecard analysis	Run analysis	2026-05-11T21:18:16.9141272Z                      },
Scorecard analysis	Run analysis	2026-05-11T21:18:16.9141339Z                      "help": {
Scorecard analysis	Run analysis	2026-05-11T21:18:16.9141633Z                         "text": "Determines if the project has a set of contributors from multiple organizations (e.g., companies).",
Scorecard analysis	Run analysis	2026-05-11T21:18:16.9146364Z                         "markdown": "**Remediation (click \"Show more\" below)**:\n\n- Ask contributors to [join their respective organizations](https://docs.github.com/en/organizations/managing-membership-in-your-organization/inviting-users-to-join-your-organization), if they have not already. Otherwise, there is no remediation for this check; it simply provides insight into which organizations have contributed so that you can make a trust-based decision based on that information.\n\n\n\n**Severity**: Low\n\n\n\n**Details**:\n\nRisk: `Low` (lower number of trusted code reviewers)\n\n\n\nThis check tries to determine if the project has recent contributors from\n\nmultiple organizations (e.g., companies). It is currently limited to\n\nrepositories hosted on GitHub, and does not support other source hosting\n\nrepositories (i.e., Forges).\n\n\n\nThe check looks at the `Company` field on the GitHub user profile for authors of\n\nrecent commits. To receive the highest score, the project must have had\n\ncontributors from at least 3 different companies in the last 30 commits; each of\n\nthose contributors must have had at least 5 commits in the last 30 commits.\n\n\n\nNote: Some projects cannot meet this requirement, such as small projects with\n\nonly one active participant, or projects with a narrow scope that cannot attract\n\nthe interest of multiple organizations. See\n\n[Code Reviews](https://github.com/ossf/scorecard/blob/main/docs/checks.md#code-review)\n\nfor more information about evaluating projects with a small number of\n\nparticipants.\n\n"
Scorecard analysis	Run analysis	2026-05-11T21:18:16.9146512Z                      },
Scorecard analysis	Run analysis	2026-05-11T21:18:16.9146601Z                      "defaultConfiguration": {
Scorecard analysis	Run analysis	2026-05-11T21:18:16.9146687Z                         "level": "error"
Scorecard analysis	Run analysis	2026-05-11T21:18:16.9146749Z                      },
Scorecard analysis	Run analysis	2026-05-11T21:18:16.9146825Z                      "properties": {
Scorecard analysis	Run analysis	2026-05-11T21:18:16.9146919Z                         "precision": "high",
Scorecard analysis	Run analysis	2026-05-11T21:18:16.9147028Z                         "problem.severity": "recommendation",
Scorecard analysis	Run analysis	2026-05-11T21:18:16.9147118Z                         "security-severity": "1.0",
Scorecard analysis	Run analysis	2026-05-11T21:18:16.9147187Z                         "tags": [
Scorecard analysis	Run analysis	2026-05-11T21:18:16.9147269Z                            "source-code"
Scorecard analysis	Run analysis	2026-05-11T21:18:16.9147388Z                         ]
Scorecard analysis	Run analysis	2026-05-11T21:18:16.9147449Z                      }
Scorecard analysis	Run analysis	2026-05-11T21:18:16.9147517Z                   },
Scorecard analysis	Run analysis	2026-05-11T21:18:16.9147582Z                   {
Scorecard analysis	Run analysis	2026-05-11T21:18:16.9147659Z                      "id": "FuzzingID",
Scorecard analysis	Run analysis	2026-05-11T21:18:16.9147732Z                      "name": "Fuzzing",
Scorecard analysis	Run analysis	2026-05-11T21:18:16.9148076Z                      "helpUri": "https://github.com/ossf/scorecard/blob/ea7e27ed41b76ab879c862fa0ca4cc9c61764ee4/docs/checks.md#fuzzing",
Scorecard analysis	Run analysis	2026-05-11T21:18:16.9148160Z                      "shortDescription": {
Scorecard analysis	Run analysis	2026-05-11T21:18:16.9148235Z                         "text": "Fuzzing"
Scorecard analysis	Run analysis	2026-05-11T21:18:16.9148305Z                      },
Scorecard analysis	Run analysis	2026-05-11T21:18:16.9148383Z                      "fullDescription": {
Scorecard analysis	Run analysis	2026-05-11T21:18:16.9148507Z                         "text": "Determines if the project uses fuzzing."
Scorecard analysis	Run analysis	2026-05-11T21:18:16.9148580Z                      },
Scorecard analysis	Run analysis	2026-05-11T21:18:16.9148648Z                      "help": {
Scorecard analysis	Run analysis	2026-05-11T21:18:16.9148773Z                         "text": "Determines if the project uses fuzzing.",
Scorecard analysis	Run analysis	2026-05-11T21:18:16.9154260Z                         "markdown": "**Remediation (click \"Show more\" below)**:\n\n- Integrate the project with OSS-Fuzz by following the instructions [here](https://google.github.io/oss-fuzz/).\n\n\n\n**Severity**: Medium\n\n\n\n**Details**:\n\nRisk: `Medium` (possible vulnerabilities in code)\n\n\n\nThis check tries to determine if the project uses\n\n[fuzzing](https://owasp.org/www-community/Fuzzing) by checking:\n\n1. if the repository name is included in the [OSS-Fuzz](https://github.com/google/oss-fuzz) project list;\n\n2. if [ClusterFuzzLite](https://google.github.io/clusterfuzzlite/) is deployed in the repository;\n\n3. if there are user-defined language-specified fuzzing functions in the repository.\n\n   - currently only supports [Go fuzzing](https://go.dev/doc/fuzz/),\n\n   - a limited set of property-based testing libraries for Haskell including [QuickCheck](https://hackage.haskell.org/package/QuickCheck), [Hedgehog](https://hedgehog.qa/), [validity](https://hackage.haskell.org/package/validity) or [SmallCheck](https://hackage.haskell.org/package/smallcheck),\n\n   - a limited set of property-based testing libraries for JavaScript and TypeScript including [fast-check](https://fast-check.dev/).\n\n\n\nFuzzing, or fuzz testing, is the practice of feeding unexpected or random data\n\ninto a program to expose bugs. Regular fuzzing is important to detect\n\nvulnerabilities that may be exploited by others, especially since attackers can\n\nalso use fuzzing to find the same flaws.\n\n\n\nNote: A project that fulfills this criterion with other tools may still receive\n\na low score on this test. There are many ways to implement fuzzing, and it is\n\nchallenging for an automated tool like Scorecard to detect them all. A low score\n\nis therefore not a definitive indication that the project is at risk.\n\n"
Scorecard analysis	Run analysis	2026-05-11T21:18:16.9154410Z                      },
Scorecard analysis	Run analysis	2026-05-11T21:18:16.9154500Z                      "defaultConfiguration": {
Scorecard analysis	Run analysis	2026-05-11T21:18:16.9154577Z                         "level": "error"
Scorecard analysis	Run analysis	2026-05-11T21:18:16.9154652Z                      },
Scorecard analysis	Run analysis	2026-05-11T21:18:16.9154729Z                      "properties": {
Scorecard analysis	Run analysis	2026-05-11T21:18:16.9154811Z                         "precision": "high",
Scorecard analysis	Run analysis	2026-05-11T21:18:16.9154907Z                         "problem.severity": "warning",
Scorecard analysis	Run analysis	2026-05-11T21:18:16.9155004Z                         "security-severity": "4.0",
Scorecard analysis	Run analysis	2026-05-11T21:18:16.9155076Z                         "tags": [
Scorecard analysis	Run analysis	2026-05-11T21:18:16.9155154Z                            "supply-chain",
Scorecard analysis	Run analysis	2026-05-11T21:18:16.9155239Z                            "security",
Scorecard analysis	Run analysis	2026-05-11T21:18:16.9155311Z                            "testing"
Scorecard analysis	Run analysis	2026-05-11T21:18:16.9155374Z                         ]
Scorecard analysis	Run analysis	2026-05-11T21:18:16.9155436Z                      }
Scorecard analysis	Run analysis	2026-05-11T21:18:16.9155504Z                   },
Scorecard analysis	Run analysis	2026-05-11T21:18:16.9155567Z                   {
Scorecard analysis	Run analysis	2026-05-11T21:18:16.9155648Z                      "id": "MaintainedID",
Scorecard analysis	Run analysis	2026-05-11T21:18:16.9155787Z                      "name": "Maintained",
Scorecard analysis	Run analysis	2026-05-11T21:18:16.9156141Z                      "helpUri": "https://github.com/ossf/scorecard/blob/ea7e27ed41b76ab879c862fa0ca4cc9c61764ee4/docs/checks.md#maintained",
Scorecard analysis	Run analysis	2026-05-11T21:18:16.9156221Z                      "shortDescription": {
Scorecard analysis	Run analysis	2026-05-11T21:18:16.9156297Z                         "text": "Maintained"
Scorecard analysis	Run analysis	2026-05-11T21:18:16.9156365Z                      },
Scorecard analysis	Run analysis	2026-05-11T21:18:16.9156445Z                      "fullDescription": {
Scorecard analysis	Run analysis	2026-05-11T21:18:16.9156599Z                         "text": "Determines if the project is \"actively maintained\"."
Scorecard analysis	Run analysis	2026-05-11T21:18:16.9156667Z                      },
Scorecard analysis	Run analysis	2026-05-11T21:18:16.9156733Z                      "help": {
Scorecard analysis	Run analysis	2026-05-11T21:18:16.9156886Z                         "text": "Determines if the project is \"actively maintained\".",
Scorecard analysis	Run analysis	2026-05-11T21:18:16.9161895Z                         "markdown": "**Remediation (click \"Show more\" below)**:\n\n- There is no remediation work needed from projects with a low score; this check simply provides insight into the project activity and maintenance commitment. External users should determine whether the software is the type that would not normally need active maintenance.\n\n\n\n**Severity**: High\n\n\n\n**Details**:\n\nRisk: `High` (possibly unpatched vulnerabilities)\n\n\n\nThis check determines whether the project is actively maintained. If the project\n\nis archived, it receives the lowest score. If there is at least one commit per\n\nweek during the previous 90 days, the project receives the highest score.  If there\n\nis activity on issues from users who are collaborators, members, or owners of the\n\nproject, the project receives a partial score.\n\n\n\nA project which is not active might not be patched, have its\n\ndependencies patched, or be actively tested and used. However, a lack\n\nof active maintenance is not necessarily always a problem. Some software,\n\nespecially smaller utility functions, does not normally need to be maintained.\n\nFor example, a library that determines if an integer is even would not normally\n\nneed maintenance unless an underlying implementation language definition\n\nchanged. A lack of active maintenance should signal that potential users should\n\ninvestigate further to judge the situation.\n\n\n\nThis check will only succeed if a GitHub project is \u003e90 days old. Projects\n\nthat are younger than this are too new to assess whether they are maintained\n\nor not, and users should inspect the contents of those projects to ensure they\n\nare as expected.\n\n"
Scorecard analysis	Run analysis	2026-05-11T21:18:16.9162058Z                      },
Scorecard analysis	Run analysis	2026-05-11T21:18:16.9162145Z                      "defaultConfiguration": {
Scorecard analysis	Run analysis	2026-05-11T21:18:16.9162219Z                         "level": "error"
Scorecard analysis	Run analysis	2026-05-11T21:18:16.9162284Z                      },
Scorecard analysis	Run analysis	2026-05-11T21:18:16.9162362Z                      "properties": {
Scorecard analysis	Run analysis	2026-05-11T21:18:16.9162444Z                         "precision": "high",
Scorecard analysis	Run analysis	2026-05-11T21:18:16.9162539Z                         "problem.severity": "error",
Scorecard analysis	Run analysis	2026-05-11T21:18:16.9162636Z                         "security-severity": "7.0",
Scorecard analysis	Run analysis	2026-05-11T21:18:16.9162707Z                         "tags": [
Scorecard analysis	Run analysis	2026-05-11T21:18:16.9162785Z                            "supply-chain",
Scorecard analysis	Run analysis	2026-05-11T21:18:16.9162862Z                            "security"
Scorecard analysis	Run analysis	2026-05-11T21:18:16.9162925Z                         ]
Scorecard analysis	Run analysis	2026-05-11T21:18:16.9162986Z                      }
Scorecard analysis	Run analysis	2026-05-11T21:18:16.9163046Z                   },
Scorecard analysis	Run analysis	2026-05-11T21:18:16.9163115Z                   {
Scorecard analysis	Run analysis	2026-05-11T21:18:16.9163190Z                      "id": "PackagingID",
Scorecard analysis	Run analysis	2026-05-11T21:18:16.9163266Z                      "name": "Packaging",
Scorecard analysis	Run analysis	2026-05-11T21:18:16.9163617Z                      "helpUri": "https://github.com/ossf/scorecard/blob/ea7e27ed41b76ab879c862fa0ca4cc9c61764ee4/docs/checks.md#packaging",
Scorecard analysis	Run analysis	2026-05-11T21:18:16.9163697Z                      "shortDescription": {
Scorecard analysis	Run analysis	2026-05-11T21:18:16.9163774Z                         "text": "Packaging"
Scorecard analysis	Run analysis	2026-05-11T21:18:16.9163834Z                      },
Scorecard analysis	Run analysis	2026-05-11T21:18:16.9163915Z                      "fullDescription": {
Scorecard analysis	Run analysis	2026-05-11T21:18:16.9164406Z                         "text": "Determines if the project is published as a package that others can easily download, install, easily update, and uninstall."
Scorecard analysis	Run analysis	2026-05-11T21:18:16.9164470Z                      },
Scorecard analysis	Run analysis	2026-05-11T21:18:16.9164545Z                      "help": {
Scorecard analysis	Run analysis	2026-05-11T21:18:16.9164909Z                         "text": "Determines if the project is published as a package that others can easily download, install, easily update, and uninstall.",
Scorecard analysis	Run analysis	2026-05-11T21:18:16.9172109Z                         "markdown": "**Remediation (click \"Show more\" below)**:\n\n- Publish your project as a downloadable package, e.g., if hosted on GitHub, use [GitHub's mechanisms for publishing a package](https://docs.github.com/en/packages/learn-github-packages/publishing-a-package).\n\n- If hosted on GitHub, use a GitHub action to release your package to language-specific hubs.\n\n\n\n**Severity**: Medium\n\n\n\n**Details**:\n\nRisk: `Medium` (users possibly missing security updates)\n\n\n\nThis check tries to determine if the project is published as a package. It is\n\ncurrently limited to repositories hosted on GitHub, and does not support other\n\nsource hosting repositories (i.e., Forges).\n\n\n\nPackages give users of a project an easy way to download, install, update, and\n\nuninstall the software by a package manager. In particular, they make it easy\n\nfor users to receive security patches as updates.\n\n\n\nThe check currently looks for\n\n[GitHub packaging workflows](https://docs.github.com/en/packages/learn-github-packages/publishing-a-package)\n\nand language-specific GitHub Actions that upload the package to a corresponding\n\nhub, e.g., [Npm](https://www.npmjs.com/). We plan to add better support to query\n\npackage manager hubs directly in the future, e.g., for\n\n[Npm](https://www.npmjs.com/), [PyPi](https://pypi.org/).\n\n\n\nYou can create a package in several ways:\n\n\n\n  - Many program language ecosystems have a generally-used packaging format\n\n    supported by a language-level package manager tool and public package\n\n    repository.\n\n  - Many operating system platforms also have at least one package format,\n\n    tool, and public repository (in some cases the source repository generates\n\n    system-independent source packages, which are then used by others to\n\n    generate system executable packages).\n\n  - Using container images.\n\n\n\nNote: A project that fulfills this criterion with other tools may still receive\n\na low score on this test. There are many ways to package software, and it is\n\nchallenging for an automated tool like Scorecard to detect them all. A low\n\nscore is therefore not a definitive indication that the project is at risk. If\n\nScorecard fails to detect the way you publish a package and you think we should\n\nsupport your use case, please let us know by [opening an\n\nissue](https://github.com/ossf/scorecard/issues/new/choose).\n\n"
Scorecard analysis	Run analysis	2026-05-11T21:18:16.9172269Z                      },
Scorecard analysis	Run analysis	2026-05-11T21:18:16.9172363Z                      "defaultConfiguration": {
Scorecard analysis	Run analysis	2026-05-11T21:18:16.9172437Z                         "level": "error"
Scorecard analysis	Run analysis	2026-05-11T21:18:16.9172506Z                      },
Scorecard analysis	Run analysis	2026-05-11T21:18:16.9172580Z                      "properties": {
Scorecard analysis	Run analysis	2026-05-11T21:18:16.9172659Z                         "precision": "high",
Scorecard analysis	Run analysis	2026-05-11T21:18:16.9172761Z                         "problem.severity": "warning",
Scorecard analysis	Run analysis	2026-05-11T21:18:16.9172850Z                         "security-severity": "4.0",
Scorecard analysis	Run analysis	2026-05-11T21:18:16.9172922Z                         "tags": [
Scorecard analysis	Run analysis	2026-05-11T21:18:16.9172998Z                            "supply-chain",
Scorecard analysis	Run analysis	2026-05-11T21:18:16.9173081Z                            "security",
Scorecard analysis	Run analysis	2026-05-11T21:18:16.9173154Z                            "releases"
Scorecard analysis	Run analysis	2026-05-11T21:18:16.9173218Z                         ]
Scorecard analysis	Run analysis	2026-05-11T21:18:16.9173287Z                      }
Scorecard analysis	Run analysis	2026-05-11T21:18:16.9173348Z                   },
Scorecard analysis	Run analysis	2026-05-11T21:18:16.9173408Z                   {
Scorecard analysis	Run analysis	2026-05-11T21:18:16.9173479Z                      "id": "SASTID",
Scorecard analysis	Run analysis	2026-05-11T21:18:16.9173609Z                      "name": "SAST",
Scorecard analysis	Run analysis	2026-05-11T21:18:16.9173940Z                      "helpUri": "https://github.com/ossf/scorecard/blob/ea7e27ed41b76ab879c862fa0ca4cc9c61764ee4/docs/checks.md#sast",
Scorecard analysis	Run analysis	2026-05-11T21:18:16.9174021Z                      "shortDescription": {
Scorecard analysis	Run analysis	2026-05-11T21:18:16.9174180Z                         "text": "SAST"
Scorecard analysis	Run analysis	2026-05-11T21:18:16.9174243Z                      },
Scorecard analysis	Run analysis	2026-05-11T21:18:16.9174325Z                      "fullDescription": {
Scorecard analysis	Run analysis	2026-05-11T21:18:16.9174477Z                         "text": "Determines if the project uses static code analysis."
Scorecard analysis	Run analysis	2026-05-11T21:18:16.9174549Z                      },
Scorecard analysis	Run analysis	2026-05-11T21:18:16.9174616Z                      "help": {
Scorecard analysis	Run analysis	2026-05-11T21:18:16.9174776Z                         "text": "Determines if the project uses static code analysis.",
Scorecard analysis	Run analysis	2026-05-11T21:18:16.9179151Z                         "markdown": "**Remediation (click \"Show more\" below)**:\n\n- Run CodeQL checks in your CI/CD by following the instructions [here](https://github.com/github/codeql-action#usage).\n\n\n\n**Severity**: Medium\n\n\n\n**Details**:\n\nRisk: `Medium` (possible unknown bugs)\n\n\n\nThis check tries to determine if the project uses Static Application Security\n\nTesting (SAST), also known as [static code analysis](https://owasp.org/www-community/controls/Static_Code_Analysis).\n\nIt is currently limited to repositories hosted on GitHub, and does not support\n\nother source hosting repositories (i.e., Forges).\n\n\n\nSAST is testing run on source code before the application is run. Using SAST\n\ntools can prevent known classes of bugs from being inadvertently introduced in the\n\ncodebase.\n\n\n\nThe checks currently looks for known GitHub apps such as\n\n[CodeQL](https://codeql.github.com/) (github-code-scanning) or\n\n[SonarCloud](https://sonarcloud.io/) in the recent (~30) merged PRs, or the use\n\nof \"github/codeql-action\" in a GitHub workflow. It also checks for the deprecated\n\n[LGTM](https://lgtm.com/) service until its forthcoming shutdown.\n\n\n\nNote: A project that fulfills this criterion with other tools may still receive\n\na low score on this test. There are many ways to implement SAST, and it is\n\nchallenging for an automated tool like Scorecard to detect them all. A low score\n\nis therefore not a definitive indication that the project is at risk.\n\n"
Scorecard analysis	Run analysis	2026-05-11T21:18:16.9179237Z                      },
Scorecard analysis	Run analysis	2026-05-11T21:18:16.9179331Z                      "defaultConfiguration": {
Scorecard analysis	Run analysis	2026-05-11T21:18:16.9179468Z                         "level": "error"
Scorecard analysis	Run analysis	2026-05-11T21:18:16.9179536Z                      },
Scorecard analysis	Run analysis	2026-05-11T21:18:16.9179608Z                      "properties": {
Scorecard analysis	Run analysis	2026-05-11T21:18:16.9179692Z                         "precision": "high",
Scorecard analysis	Run analysis	2026-05-11T21:18:16.9179789Z                         "problem.severity": "warning",
Scorecard analysis	Run analysis	2026-05-11T21:18:16.9179886Z                         "security-severity": "4.0",
Scorecard analysis	Run analysis	2026-05-11T21:18:16.9179954Z                         "tags": [
Scorecard analysis	Run analysis	2026-05-11T21:18:16.9180032Z                            "supply-chain",
Scorecard analysis	Run analysis	2026-05-11T21:18:16.9180115Z                            "security",
Scorecard analysis	Run analysis	2026-05-11T21:18:16.9180186Z                            "testing"
Scorecard analysis	Run analysis	2026-05-11T21:18:16.9180249Z                         ]
Scorecard analysis	Run analysis	2026-05-11T21:18:16.9180309Z                      }
Scorecard analysis	Run analysis	2026-05-11T21:18:16.9180380Z                   },
Scorecard analysis	Run analysis	2026-05-11T21:18:16.9180440Z                   {
Scorecard analysis	Run analysis	2026-05-11T21:18:16.9180527Z                      "id": "SecurityPolicyID",
Scorecard analysis	Run analysis	2026-05-11T21:18:16.9180655Z                      "name": "Security-Policy",
Scorecard analysis	Run analysis	2026-05-11T21:18:16.9181025Z                      "helpUri": "https://github.com/ossf/scorecard/blob/ea7e27ed41b76ab879c862fa0ca4cc9c61764ee4/docs/checks.md#security-policy",
Scorecard analysis	Run analysis	2026-05-11T21:18:16.9181109Z                      "shortDescription": {
Scorecard analysis	Run analysis	2026-05-11T21:18:16.9181210Z                         "text": "Security-Policy"
Scorecard analysis	Run analysis	2026-05-11T21:18:16.9181271Z                      },
Scorecard analysis	Run analysis	2026-05-11T21:18:16.9181348Z                      "fullDescription": {
Scorecard analysis	Run analysis	2026-05-11T21:18:16.9181522Z                         "text": "Determines if the project has published a security policy."
Scorecard analysis	Run analysis	2026-05-11T21:18:16.9181653Z                      },
Scorecard analysis	Run analysis	2026-05-11T21:18:16.9181721Z                      "help": {
Scorecard analysis	Run analysis	2026-05-11T21:18:16.9181895Z                         "text": "Determines if the project has published a security policy.",
Scorecard analysis	Run analysis	2026-05-11T21:18:16.9189470Z                         "markdown": "**Remediation (click \"Show more\" below)**:\n\n- Place a security policy file `SECURITY.md` in the root directory of your repository. This makes it easily discoverable by a vulnerability reporter.\n\n- The file should contain information on what constitutes a vulnerability and a way to report it securely (e.g. issue tracker with private issue support, encrypted email with a published public key). Follow the [coordinated vulnerability disclosure guidelines](https://github.com/ossf/oss-vulnerability-guide/blob/main/maintainer-guide.md) to respond to vulnerability disclosures.\n\n- For GitHub, see more information [here](https://docs.github.com/en/code-security/getting-started/adding-a-security-policy-to-your-repository).\n\n\n\n**Severity**: Medium\n\n\n\n**Details**:\n\nRisk: `Medium` (possible insecure reporting of vulnerabilities)\n\n\n\nThis check tries to determine if the project has published a security policy. It\n\nworks by looking for a file named `SECURITY.md` (case-insensitive) in a few\n\nwell-known directories.\n\n\n\nA security policy (typically a `SECURITY.md` file) can give users information\n\nabout what constitutes a vulnerability and how to report one securely so that\n\ninformation about a bug is not publicly visible.\n\n\n\nThis check examines the contents of the security policy file awarding points\n\nfor those policies that express vulnerability process(es), disclosure timelines,\n\nand have links (e.g., URL(s) and email(s)) to support the users.\n\n\n\nLinking Requirements (one or more) (6/10 points):\n\n  - A valid form of an email address to contact for vulnerabilities\n\n  - A valid form of a http/https address to support vulnerability reporting\n\n\n\nFree Form Text (3/10 points):\n\n  - Free form text is present in the security policy file which is beyond\n\n    simply having a http/https address and/or email in the file\n\n  - The string length of any such links in the policy file do not count\n\n    towards detecting free form text\n\n\n\nSecurity Policy Specific Text (1/10 points):\n\n  - Specific text providing basic or general information about vulnerability\n\n    and disclosure practices, expectations, and/or timelines\n\n  - Text should include a total of 2 or more hits which match (case-insensitive)\n\n    `vuln` and as in \"Vulnerability\" or \"vulnerabilities\";\n\n    `disclos` as \"Disclosure\" or \"disclose\";\n\n    and numbers which convey expectations of times, e.g., 30 days or 90 days\n\n"
Scorecard analysis	Run analysis	2026-05-11T21:18:16.9189620Z                      },
Scorecard analysis	Run analysis	2026-05-11T21:18:16.9189709Z                      "defaultConfiguration": {
Scorecard analysis	Run analysis	2026-05-11T21:18:16.9189789Z                         "level": "error"
Scorecard analysis	Run analysis	2026-05-11T21:18:16.9189851Z                      },
Scorecard analysis	Run analysis	2026-05-11T21:18:16.9189929Z                      "properties": {
Scorecard analysis	Run analysis	2026-05-11T21:18:16.9190017Z                         "precision": "high",
Scorecard analysis	Run analysis	2026-05-11T21:18:16.9190112Z                         "problem.severity": "warning",
Scorecard analysis	Run analysis	2026-05-11T21:18:16.9190203Z                         "security-severity": "4.0",
Scorecard analysis	Run analysis	2026-05-11T21:18:16.9190270Z                         "tags": [
Scorecard analysis	Run analysis	2026-05-11T21:18:16.9190355Z                            "supply-chain",
Scorecard analysis	Run analysis	2026-05-11T21:18:16.9190431Z                            "security",
Scorecard analysis	Run analysis	2026-05-11T21:18:16.9190500Z                            "policy"
Scorecard analysis	Run analysis	2026-05-11T21:18:16.9190576Z                         ]
Scorecard analysis	Run analysis	2026-05-11T21:18:16.9190635Z                      }
Scorecard analysis	Run analysis	2026-05-11T21:18:16.9190694Z                   },
Scorecard analysis	Run analysis	2026-05-11T21:18:16.9190754Z                   {
Scorecard analysis	Run analysis	2026-05-11T21:18:16.9190845Z                      "id": "SignedReleasesID",
Scorecard analysis	Run analysis	2026-05-11T21:18:16.9190932Z                      "name": "Signed-Releases",
Scorecard analysis	Run analysis	2026-05-11T21:18:16.9191303Z                      "helpUri": "https://github.com/ossf/scorecard/blob/ea7e27ed41b76ab879c862fa0ca4cc9c61764ee4/docs/checks.md#signed-releases",
Scorecard analysis	Run analysis	2026-05-11T21:18:16.9191449Z                      "shortDescription": {
Scorecard analysis	Run analysis	2026-05-11T21:18:16.9191535Z                         "text": "Signed-Releases"
Scorecard analysis	Run analysis	2026-05-11T21:18:16.9191595Z                      },
Scorecard analysis	Run analysis	2026-05-11T21:18:16.9191679Z                      "fullDescription": {
Scorecard analysis	Run analysis	2026-05-11T21:18:16.9191880Z                         "text": "Determines if the project cryptographically signs release artifacts."
Scorecard analysis	Run analysis	2026-05-11T21:18:16.9191944Z                      },
Scorecard analysis	Run analysis	2026-05-11T21:18:16.9192012Z                      "help": {
Scorecard analysis	Run analysis	2026-05-11T21:18:16.9192223Z                         "text": "Determines if the project cryptographically signs release artifacts.",
Scorecard analysis	Run analysis	2026-05-11T21:18:16.9197737Z                         "markdown": "**Remediation (click \"Show more\" below)**:\n\n- Publish the release.\n\n- Generate a signing key.\n\n- Download the release as an archive locally.\n\n- Sign the release archive with this key (should output a signature file).\n\n- Attach the signature file next to the release archive.\n\n- If the source is hosted on GitHub, check out the steps [here](https://wiki.debian.org/Creating%20signed%20GitHub%20releases).\n\n\n\n**Severity**: High\n\n\n\n**Details**:\n\nRisk: `High` (possibility of installing malicious releases)\n\n\n\nThis check tries to determine if the project cryptographically signs release\n\nartifacts. It is currently limited to repositories hosted on GitHub, and does\n\nnot support other source hosting repositories (i.e., Forges).\n\n\n\nSigned releases attest to the provenance of the artifact.\n\n\n\nThis check looks for the following filenames in the project's last five\n\n[release assets](https://docs.github.com/en/repositories/releasing-projects-on-github/about-releases):\n\n[*.minisig](https://github.com/jedisct1/minisign), *.asc (pgp),\n\n*.sig, *.sign, *.sigstore, [*.intoto.jsonl](https://slsa.dev).\n\n\n\nIf a signature is found in the assets for each release, a score of 8 is given.\n\nIf a [SLSA provenance file](https://slsa.dev/spec/v0.1/index) is found in the assets for each release (*.intoto.jsonl), the maximum score of 10 is given.\n\n\n\nThis check looks for the 30 most recent releases associated with an artifact. It ignores the source code-only releases that are created automatically by GitHub.\n\n\n\nNote: The check does not verify the signatures.\n\n"
Scorecard analysis	Run analysis	2026-05-11T21:18:16.9197832Z                      },
Scorecard analysis	Run analysis	2026-05-11T21:18:16.9198010Z                      "defaultConfiguration": {
Scorecard analysis	Run analysis	2026-05-11T21:18:16.9198094Z                         "level": "error"
Scorecard analysis	Run analysis	2026-05-11T21:18:16.9198154Z                      },
Scorecard analysis	Run analysis	2026-05-11T21:18:16.9198228Z                      "properties": {
Scorecard analysis	Run analysis	2026-05-11T21:18:16.9198319Z                         "precision": "high",
Scorecard analysis	Run analysis	2026-05-11T21:18:16.9198412Z                         "problem.severity": "error",
Scorecard analysis	Run analysis	2026-05-11T21:18:16.9198501Z                         "security-severity": "7.0",
Scorecard analysis	Run analysis	2026-05-11T21:18:16.9198573Z                         "tags": [
Scorecard analysis	Run analysis	2026-05-11T21:18:16.9198659Z                            "supply-chain",
Scorecard analysis	Run analysis	2026-05-11T21:18:16.9198733Z                            "security",
Scorecard analysis	Run analysis	2026-05-11T21:18:16.9198803Z                            "releases"
Scorecard analysis	Run analysis	2026-05-11T21:18:16.9198873Z                         ]
Scorecard analysis	Run analysis	2026-05-11T21:18:16.9198952Z                      }
Scorecard analysis	Run analysis	2026-05-11T21:18:16.9199012Z                   },
Scorecard analysis	Run analysis	2026-05-11T21:18:16.9199074Z                   {
Scorecard analysis	Run analysis	2026-05-11T21:18:16.9199176Z                      "id": "VulnerabilitiesID",
Scorecard analysis	Run analysis	2026-05-11T21:18:16.9199263Z                      "name": "Vulnerabilities",
Scorecard analysis	Run analysis	2026-05-11T21:18:16.9199635Z                      "helpUri": "https://github.com/ossf/scorecard/blob/ea7e27ed41b76ab879c862fa0ca4cc9c61764ee4/docs/checks.md#vulnerabilities",
Scorecard analysis	Run analysis	2026-05-11T21:18:16.9199726Z                      "shortDescription": {
Scorecard analysis	Run analysis	2026-05-11T21:18:16.9199817Z                         "text": "Vulnerabilities"
Scorecard analysis	Run analysis	2026-05-11T21:18:16.9199879Z                      },
Scorecard analysis	Run analysis	2026-05-11T21:18:16.9199966Z                      "fullDescription": {
Scorecard analysis	Run analysis	2026-05-11T21:18:16.9200162Z                         "text": "Determines if the project has open, known unfixed vulnerabilities."
Scorecard analysis	Run analysis	2026-05-11T21:18:16.9200292Z                      },
Scorecard analysis	Run analysis	2026-05-11T21:18:16.9200360Z                      "help": {
Scorecard analysis	Run analysis	2026-05-11T21:18:16.9200565Z                         "text": "Determines if the project has open, known unfixed vulnerabilities.",
Scorecard analysis	Run analysis	2026-05-11T21:18:16.9204016Z                         "markdown": "**Remediation (click \"Show more\" below)**:\n\n- Fix the vulnerabilities in your own code base. The details of each vulnerability can be found on \u003chttps://osv.dev\u003e.\n\n- If the vulnerability is in a dependency, update the dependency to a non-vulnerable version. If no update is available, consider whether to remove the dependency.\n\n- If you believe the vulnerability does not affect your project, the  vulnerability can be ignored.  To ignore, create an `osv-scanner.toml` file next to the dependency manifest (e.g. package-lock.json) and specify the ID to ignore and reason. Details on the structure of `osv-scanner.toml` can be found on  [OSV-Scanner repository](https://github.com/google/osv-scanner#ignore-vulnerabilities-by-id).\n\n\n\n**Severity**: High\n\n\n\n**Details**:\n\nRisk: `High`  (known vulnerabilities)\n\n\n\nThis check determines whether the project has open, unfixed vulnerabilities \n\nin its own codebase or its dependencies using the [OSV (Open Source Vulnerabilities)](https://osv.dev/) service.\n\nAn open vulnerability is readily exploited by attackers and should be fixed as soon as\n\npossible.\n\n"
Scorecard analysis	Run analysis	2026-05-11T21:18:16.9204275Z                      },
Scorecard analysis	Run analysis	2026-05-11T21:18:16.9204397Z                      "defaultConfiguration": {
Scorecard analysis	Run analysis	2026-05-11T21:18:16.9204476Z                         "level": "error"
Scorecard analysis	Run analysis	2026-05-11T21:18:16.9204547Z                      },
Scorecard analysis	Run analysis	2026-05-11T21:18:16.9204630Z                      "properties": {
Scorecard analysis	Run analysis	2026-05-11T21:18:16.9204715Z                         "precision": "high",
Scorecard analysis	Run analysis	2026-05-11T21:18:16.9204821Z                         "problem.severity": "error",
Scorecard analysis	Run analysis	2026-05-11T21:18:16.9204909Z                         "security-severity": "7.0",
Scorecard analysis	Run analysis	2026-05-11T21:18:16.9204985Z                         "tags": [
Scorecard analysis	Run analysis	2026-05-11T21:18:16.9205072Z                            "supply-chain",
Scorecard analysis	Run analysis	2026-05-11T21:18:16.9205144Z                            "security",
Scorecard analysis	Run analysis	2026-05-11T21:18:16.9205226Z                            "vulnerabilities"
Scorecard analysis	Run analysis	2026-05-11T21:18:16.9205293Z                         ]
Scorecard analysis	Run analysis	2026-05-11T21:18:16.9205365Z                      }
Scorecard analysis	Run analysis	2026-05-11T21:18:16.9205499Z                   }
Scorecard analysis	Run analysis	2026-05-11T21:18:16.9205567Z                ]
Scorecard analysis	Run analysis	2026-05-11T21:18:16.9205635Z             }
Scorecard analysis	Run analysis	2026-05-11T21:18:16.9205694Z          },
Scorecard analysis	Run analysis	2026-05-11T21:18:16.9205759Z          "results": [
Scorecard analysis	Run analysis	2026-05-11T21:18:16.9205817Z             {
Scorecard analysis	Run analysis	2026-05-11T21:18:16.9205915Z                "ruleId": "CIIBestPracticesID",
Scorecard analysis	Run analysis	2026-05-11T21:18:16.9205986Z                "ruleIndex": 1,
Scorecard analysis	Run analysis	2026-05-11T21:18:16.9206054Z                "message": {
Scorecard analysis	Run analysis	2026-05-11T21:18:16.9206408Z                   "text": "score is 0: no effort to earn an OpenSSF best practices badge detected\nClick Remediation section below to solve this issue"
Scorecard analysis	Run analysis	2026-05-11T21:18:16.9206479Z                },
Scorecard analysis	Run analysis	2026-05-11T21:18:16.9206553Z                "locations": [
Scorecard analysis	Run analysis	2026-05-11T21:18:16.9206616Z                   {
Scorecard analysis	Run analysis	2026-05-11T21:18:16.9226417Z                      "physicalLocation": {
Scorecard analysis	Run analysis	2026-05-11T21:18:16.9226611Z                         "region": {
Scorecard analysis	Run analysis	2026-05-11T21:18:16.9226701Z                            "startLine": 1
Scorecard analysis	Run analysis	2026-05-11T21:18:16.9226791Z                         },
Scorecard analysis	Run analysis	2026-05-11T21:18:16.9226886Z                         "artifactLocation": {
Scorecard analysis	Run analysis	2026-05-11T21:18:16.9227023Z                            "uri": "no file associated with this alert",
Scorecard analysis	Run analysis	2026-05-11T21:18:16.9227116Z                            "uriBaseId": "%SRCROOT%"
Scorecard analysis	Run analysis	2026-05-11T21:18:16.9227196Z                         }
Scorecard analysis	Run analysis	2026-05-11T21:18:16.9227259Z                      }
Scorecard analysis	Run analysis	2026-05-11T21:18:16.9227317Z                   }
Scorecard analysis	Run analysis	2026-05-11T21:18:16.9227389Z                ]
Scorecard analysis	Run analysis	2026-05-11T21:18:16.9227450Z             },
Scorecard analysis	Run analysis	2026-05-11T21:18:16.9227510Z             {
Scorecard analysis	Run analysis	2026-05-11T21:18:16.9227816Z                "ruleId": "CodeReviewID",
Scorecard analysis	Run analysis	2026-05-11T21:18:16.9227902Z                "ruleIndex": 2,
Scorecard analysis	Run analysis	2026-05-11T21:18:16.9227973Z                "message": {
Scorecard analysis	Run analysis	2026-05-11T21:18:16.9228352Z                   "text": "score is 0: Found 0/24 approved changesets -- score normalized to 0\nClick Remediation section below to solve this issue"
Scorecard analysis	Run analysis	2026-05-11T21:18:16.9228433Z                },
Scorecard analysis	Run analysis	2026-05-11T21:18:16.9228505Z                "locations": [
Scorecard analysis	Run analysis	2026-05-11T21:18:16.9228570Z                   {
Scorecard analysis	Run analysis	2026-05-11T21:18:16.9228658Z                      "physicalLocation": {
Scorecard analysis	Run analysis	2026-05-11T21:18:16.9228741Z                         "region": {
Scorecard analysis	Run analysis	2026-05-11T21:18:16.9228816Z                            "startLine": 1
Scorecard analysis	Run analysis	2026-05-11T21:18:16.9228882Z                         },
Scorecard analysis	Run analysis	2026-05-11T21:18:16.9228980Z                         "artifactLocation": {
Scorecard analysis	Run analysis	2026-05-11T21:18:16.9229096Z                            "uri": "no file associated with this alert",
Scorecard analysis	Run analysis	2026-05-11T21:18:16.9229185Z                            "uriBaseId": "%SRCROOT%"
Scorecard analysis	Run analysis	2026-05-11T21:18:16.9229254Z                         }
Scorecard analysis	Run analysis	2026-05-11T21:18:16.9229326Z                      }
Scorecard analysis	Run analysis	2026-05-11T21:18:16.9229388Z                   }
Scorecard analysis	Run analysis	2026-05-11T21:18:16.9229449Z                ]
Scorecard analysis	Run analysis	2026-05-11T21:18:16.9229523Z             },
Scorecard analysis	Run analysis	2026-05-11T21:18:16.9229583Z             {
Scorecard analysis	Run analysis	2026-05-11T21:18:16.9229663Z                "ruleId": "FuzzingID",
Scorecard analysis	Run analysis	2026-05-11T21:18:16.9229736Z                "ruleIndex": 4,
Scorecard analysis	Run analysis	2026-05-11T21:18:16.9229817Z                "message": {
Scorecard analysis	Run analysis	2026-05-11T21:18:16.9230178Z                   "text": "score is 0: project is not fuzzed:\nWarn: no fuzzer integrations found\nClick Remediation section below to solve this issue"
Scorecard analysis	Run analysis	2026-05-11T21:18:16.9230240Z                },
Scorecard analysis	Run analysis	2026-05-11T21:18:16.9230319Z                "locations": [
Scorecard analysis	Run analysis	2026-05-11T21:18:16.9230384Z                   {
Scorecard analysis	Run analysis	2026-05-11T21:18:16.9230473Z                      "physicalLocation": {
Scorecard analysis	Run analysis	2026-05-11T21:18:16.9230552Z                         "region": {
Scorecard analysis	Run analysis	2026-05-11T21:18:16.9230626Z                            "startLine": 1
Scorecard analysis	Run analysis	2026-05-11T21:18:16.9230696Z                         },
Scorecard analysis	Run analysis	2026-05-11T21:18:16.9230779Z                         "artifactLocation": {
Scorecard analysis	Run analysis	2026-05-11T21:18:16.9230901Z                            "uri": "no file associated with this alert",
Scorecard analysis	Run analysis	2026-05-11T21:18:16.9230987Z                            "uriBaseId": "%SRCROOT%"
Scorecard analysis	Run analysis	2026-05-11T21:18:16.9231056Z                         }
Scorecard analysis	Run analysis	2026-05-11T21:18:16.9231124Z                      }
Scorecard analysis	Run analysis	2026-05-11T21:18:16.9231254Z                   }
Scorecard analysis	Run analysis	2026-05-11T21:18:16.9231318Z                ]
Scorecard analysis	Run analysis	2026-05-11T21:18:16.9231378Z             },
Scorecard analysis	Run analysis	2026-05-11T21:18:16.9231445Z             {
Scorecard analysis	Run analysis	2026-05-11T21:18:16.9231525Z                "ruleId": "MaintainedID",
Scorecard analysis	Run analysis	2026-05-11T21:18:16.9231597Z                "ruleIndex": 5,
Scorecard analysis	Run analysis	2026-05-11T21:18:16.9231674Z                "message": {
Scorecard analysis	Run analysis	2026-05-11T21:18:16.9232219Z                   "text": "score is 0: project was created in last 90 days. please review its contents carefully:\nWarn: Repository was created in last 90 days.\nClick Remediation section below to solve this issue"
Scorecard analysis	Run analysis	2026-05-11T21:18:16.9232285Z                },
Scorecard analysis	Run analysis	2026-05-11T21:18:16.9232355Z                "locations": [
Scorecard analysis	Run analysis	2026-05-11T21:18:16.9232428Z                   {
Scorecard analysis	Run analysis	2026-05-11T21:18:16.9232511Z                      "physicalLocation": {
Scorecard analysis	Run analysis	2026-05-11T21:18:16.9232582Z                         "region": {
Scorecard analysis	Run analysis	2026-05-11T21:18:16.9232664Z                            "startLine": 1
Scorecard analysis	Run analysis	2026-05-11T21:18:16.9232729Z                         },
Scorecard analysis	Run analysis	2026-05-11T21:18:16.9232815Z                         "artifactLocation": {
Scorecard analysis	Run analysis	2026-05-11T21:18:16.9232939Z                            "uri": "no file associated with this alert",
Scorecard analysis	Run analysis	2026-05-11T21:18:16.9233027Z                            "uriBaseId": "%SRCROOT%"
Scorecard analysis	Run analysis	2026-05-11T21:18:16.9233096Z                         }
Scorecard analysis	Run analysis	2026-05-11T21:18:16.9233160Z                      }
Scorecard analysis	Run analysis	2026-05-11T21:18:16.9233238Z                   }
Scorecard analysis	Run analysis	2026-05-11T21:18:16.9233298Z                ]
Scorecard analysis	Run analysis	2026-05-11T21:18:16.9233359Z             },
Scorecard analysis	Run analysis	2026-05-11T21:18:16.9233431Z             {
Scorecard analysis	Run analysis	2026-05-11T21:18:16.9233520Z                "ruleId": "SecurityPolicyID",
Scorecard analysis	Run analysis	2026-05-11T21:18:16.9233643Z                "ruleIndex": 8,
Scorecard analysis	Run analysis	2026-05-11T21:18:16.9233712Z                "message": {
Scorecard analysis	Run analysis	2026-05-11T21:18:16.9234708Z                   "text": "score is 0: security policy file not detected:\nWarn: no security policy file detected\nWarn: no security file to analyze\nWarn: no security file to analyze\nWarn: no security file to analyze\nClick Remediation section below to solve this issue"
Scorecard analysis	Run analysis	2026-05-11T21:18:16.9234780Z                },
Scorecard analysis	Run analysis	2026-05-11T21:18:16.9234851Z                "locations": [
Scorecard analysis	Run analysis	2026-05-11T21:18:16.9234922Z                   {
Scorecard analysis	Run analysis	2026-05-11T21:18:16.9235007Z                      "physicalLocation": {
Scorecard analysis	Run analysis	2026-05-11T21:18:16.9235077Z                         "region": {
Scorecard analysis	Run analysis	2026-05-11T21:18:16.9235151Z                            "startLine": 1
Scorecard analysis	Run analysis	2026-05-11T21:18:16.9235227Z                         },
Scorecard analysis	Run analysis	2026-05-11T21:18:16.9235316Z                         "artifactLocation": {
Scorecard analysis	Run analysis	2026-05-11T21:18:16.9235429Z                            "uri": "no file associated with this alert",
Scorecard analysis	Run analysis	2026-05-11T21:18:16.9235537Z                            "uriBaseId": "%SRCROOT%"
Scorecard analysis	Run analysis	2026-05-11T21:18:16.9235601Z                         }
Scorecard analysis	Run analysis	2026-05-11T21:18:16.9235663Z                      }
Scorecard analysis	Run analysis	2026-05-11T21:18:16.9235741Z                   }
Scorecard analysis	Run analysis	2026-05-11T21:18:16.9235804Z                ]
Scorecard analysis	Run analysis	2026-05-11T21:18:16.9235864Z             }
Scorecard analysis	Run analysis	2026-05-11T21:18:16.9235926Z          ]
Scorecard analysis	Run analysis	2026-05-11T21:18:16.9236001Z       }
Scorecard analysis	Run analysis	2026-05-11T21:18:16.9236064Z    ]
Scorecard analysis	Run analysis	2026-05-11T21:18:16.9236128Z }
Scorecard analysis	Run analysis	2026-05-11T21:18:16.9236585Z EnvGithubAuthToken: GITHUB_AUTH_TOKEN ***
Scorecard analysis	Run analysis	2026-05-11T21:18:16.9236661Z Scorecard options:
Scorecard analysis	Run analysis	2026-05-11T21:18:16.9236730Z Ref: HEAD
Scorecard analysis	Run analysis	2026-05-11T21:18:16.9236810Z Repository: adamoutler/cossh
Scorecard analysis	Run analysis	2026-05-11T21:18:16.9236888Z Local: 
Scorecard analysis	Run analysis	2026-05-11T21:18:16.9236955Z Format: json
Scorecard analysis	Run analysis	2026-05-11T21:18:16.9237023Z Policy file: 
Scorecard analysis	Run analysis	2026-05-11T21:18:16.9237030Z 
Scorecard analysis	Run analysis	2026-05-11T21:18:16.9237121Z Event / repo information:
Scorecard analysis	Run analysis	2026-05-11T21:18:16.9237217Z Event file: /github/workflow/event.json
Scorecard analysis	Run analysis	2026-05-11T21:18:16.9237286Z Event name: push
Scorecard analysis	Run analysis	2026-05-11T21:18:16.9237376Z Fork repository: false
Scorecard analysis	Run analysis	2026-05-11T21:18:16.9237455Z Private repository: false
Scorecard analysis	Run analysis	2026-05-11T21:18:16.9237530Z Publication enabled: false
Scorecard analysis	Run analysis	2026-05-11T21:18:16.9237601Z Default branch: main
Scorecard analysis	Run analysis	2026-05-11T21:18:23.1296031Z Writing results to results.json
Scorecard analysis	Run analysis	2026-05-11T21:18:23.1346025Z {"date":"2026-05-11T21:18:17Z","repo":{"name":"github.com/adamoutler/cossh","commit":"399675bde8a03129fd2f78b1d5104b496df8ebe8"},"scorecard":{"version":"v5.0.0","commit":"ea7e27ed41b76ab879c862fa0ca4cc9c61764ee4"},"score":4.5,"checks":[{"details":["Warn: binary detected: gradle/wrapper/gradle-wrapper.jar:1"],"score":9,"reason":"binaries present in source code","name":"Binary-Artifacts","documentation":{"url":"https://github.com/ossf/scorecard/blob/ea7e27ed41b76ab879c862fa0ca4cc9c61764ee4/docs/checks.md#binary-artifacts","short":"Determines if the project has generated executable (binary) artifacts in the source repository."}},{"details":["Warn: branch protection not enabled for branch 'main'"],"score":0,"reason":"branch protection not enabled on development/release branches","name":"Branch-Protection","documentation":{"url":"https://github.com/ossf/scorecard/blob/ea7e27ed41b76ab879c862fa0ca4cc9c61764ee4/docs/checks.md#branch-protection","short":"Determines if the default and release branches are protected with GitHub's branch protection settings."}},{"details":null,"score":10,"reason":"5 out of 5 merged PRs checked by a CI test -- score normalized to 10","name":"CI-Tests","documentation":{"url":"https://github.com/ossf/scorecard/blob/ea7e27ed41b76ab879c862fa0ca4cc9c61764ee4/docs/checks.md#ci-tests","short":"Determines if the project runs tests before pull requests are merged."}},{"details":null,"score":0,"reason":"no effort to earn an OpenSSF best practices badge detected","name":"CII-Best-Practices","documentation":{"url":"https://github.com/ossf/scorecard/blob/ea7e27ed41b76ab879c862fa0ca4cc9c61764ee4/docs/checks.md#cii-best-practices","short":"Determines if the project has an OpenSSF (formerly CII) Best Practices Badge."}},{"details":null,"score":0,"reason":"Found 0/24 approved changesets -- score normalized to 0","name":"Code-Review","documentation":{"url":"https://github.com/ossf/scorecard/blob/ea7e27ed41b76ab879c862fa0ca4cc9c61764ee4/docs/checks.md#code-review","short":"Determines if the project requires human code review before pull requests (aka merge requests) are merged."}},{"details":["Info: wofs-team contributor org/company found, netalertx contributor org/company found, adams house contributor org/company found, "],"score":10,"reason":"project has 3 contributing companies or organizations -- score normalized to 10","name":"Contributors","documentation":{"url":"https://github.com/ossf/scorecard/blob/ea7e27ed41b76ab879c862fa0ca4cc9c61764ee4/docs/checks.md#contributors","short":"Determines if the project has a set of contributors from multiple organizations (e.g., companies)."}},{"details":null,"score":10,"reason":"no dangerous workflow patterns detected","name":"Dangerous-Workflow","documentation":{"url":"https://github.com/ossf/scorecard/blob/ea7e27ed41b76ab879c862fa0ca4cc9c61764ee4/docs/checks.md#dangerous-workflow","short":"Determines if the project's GitHub Action workflows avoid dangerous patterns."}},{"details":["Info: detected update tool: Dependabot: .github/dependabot.yml:1"],"score":10,"reason":"update tool detected","name":"Dependency-Update-Tool","documentation":{"url":"https://github.com/ossf/scorecard/blob/ea7e27ed41b76ab879c862fa0ca4cc9c61764ee4/docs/checks.md#dependency-update-tool","short":"Determines if the project uses a dependency update tool."}},{"details":["Warn: no fuzzer integrations found"],"score":0,"reason":"project is not fuzzed","name":"Fuzzing","documentation":{"url":"https://github.com/ossf/scorecard/blob/ea7e27ed41b76ab879c862fa0ca4cc9c61764ee4/docs/checks.md#fuzzing","short":"Determines if the project uses fuzzing."}},{"details":["Warn: project does not have a license file"],"score":0,"reason":"license file not detected","name":"License","documentation":{"url":"https://github.com/ossf/scorecard/blob/ea7e27ed41b76ab879c862fa0ca4cc9c61764ee4/docs/checks.md#license","short":"Determines if the project has defined a license."}},{"details":["Warn: Repository was created in last 90 days."],"score":0,"reason":"project was created in last 90 days. please review its contents carefully","name":"Maintained","documentation":{"url":"https://github.com/ossf/scorecard/blob/ea7e27ed41b76ab879c862fa0ca4cc9c61764ee4/docs/checks.md#maintained","short":"Determines if the project is \"actively maintained\"."}},{"details":["Warn: no GitHub/GitLab publishing workflow detected."],"score":-1,"reason":"packaging workflow not detected","name":"Packaging","documentation":{"url":"https://github.com/ossf/scorecard/blob/ea7e27ed41b76ab879c862fa0ca4cc9c61764ee4/docs/checks.md#packaging","short":"Determines if the project is published as a package that others can easily download, install, easily update, and uninstall."}},{"details":["Warn: GitHub-owned GitHubAction not pinned by hash: .github/workflows/ci.yml:124: update your workflow using https://app.stepsecurity.io/secureworkflow/adamoutler/cossh/ci.yml/main?enable=pin","Warn: GitHub-owned GitHubAction not pinned by hash: .github/workflows/ci.yml:128: update your workflow using https://app.stepsecurity.io/secureworkflow/adamoutler/cossh/ci.yml/main?enable=pin","Warn: third-party GitHubAction not pinned by hash: .github/workflows/ci.yml:133: update your workflow using https://app.stepsecurity.io/secureworkflow/adamoutler/cossh/ci.yml/main?enable=pin","Warn: GitHub-owned GitHubAction not pinned by hash: .github/workflows/ci.yml:137: update your workflow using https://app.stepsecurity.io/secureworkflow/adamoutler/cossh/ci.yml/main?enable=pin","Warn: GitHub-owned GitHubAction not pinned by hash: .github/workflows/ci.yml:142: update your workflow using https://app.stepsecurity.io/secureworkflow/adamoutler/cossh/ci.yml/main?enable=pin","Warn: GitHub-owned GitHubAction not pinned by hash: .github/workflows/ci.yml:161: update your workflow using https://app.stepsecurity.io/secureworkflow/adamoutler/cossh/ci.yml/main?enable=pin","Warn: third-party GitHubAction not pinned by hash: .github/workflows/ci.yml:163: update your workflow using https://app.stepsecurity.io/secureworkflow/adamoutler/cossh/ci.yml/main?enable=pin","Warn: GitHub-owned GitHubAction not pinned by hash: .github/workflows/ci.yml:167: update your workflow using https://app.stepsecurity.io/secureworkflow/adamoutler/cossh/ci.yml/main?enable=pin","Warn: GitHub-owned GitHubAction not pinned by hash: .github/workflows/ci.yml:17: update your workflow using https://app.stepsecurity.io/secureworkflow/adamoutler/cossh/ci.yml/main?enable=pin","Warn: GitHub-owned GitHubAction not pinned by hash: .github/workflows/ci.yml:19: update your workflow using https://app.stepsecurity.io/secureworkflow/adamoutler/cossh/ci.yml/main?enable=pin","Warn: third-party GitHubAction not pinned by hash: .github/workflows/ci.yml:24: update your workflow using https://app.stepsecurity.io/secureworkflow/adamoutler/cossh/ci.yml/main?enable=pin","Warn: GitHub-owned GitHubAction not pinned by hash: .github/workflows/ci.yml:30: update your workflow using https://app.stepsecurity.io/secureworkflow/adamoutler/cossh/ci.yml/main?enable=pin","Warn: GitHub-owned GitHubAction not pinned by hash: .github/workflows/ci.yml:39: update your workflow using https://app.stepsecurity.io/secureworkflow/adamoutler/cossh/ci.yml/main?enable=pin","Warn: GitHub-owned GitHubAction not pinned by hash: .github/workflows/ci.yml:41: update your workflow using https://app.stepsecurity.io/secureworkflow/adamoutler/cossh/ci.yml/main?enable=pin","Warn: third-party GitHubAction not pinned by hash: .github/workflows/ci.yml:46: update your workflow using https://app.stepsecurity.io/secureworkflow/adamoutler/cossh/ci.yml/main?enable=pin","Warn: GitHub-owned GitHubAction not pinned by hash: .github/workflows/ci.yml:62: update your workflow using https://app.stepsecurity.io/secureworkflow/adamoutler/cossh/ci.yml/main?enable=pin","Warn: GitHub-owned GitHubAction not pinned by hash: .github/workflows/ci.yml:64: update your workflow using https://app.stepsecurity.io/secureworkflow/adamoutler/cossh/ci.yml/main?enable=pin","Warn: third-party GitHubAction not pinned by hash: .github/workflows/ci.yml:69: update your workflow using https://app.stepsecurity.io/secureworkflow/adamoutler/cossh/ci.yml/main?enable=pin","Warn: GitHub-owned GitHubAction not pinned by hash: .github/workflows/ci.yml:83: update your workflow using https://app.stepsecurity.io/secureworkflow/adamoutler/cossh/ci.yml/main?enable=pin","Warn: GitHub-owned GitHubAction not pinned by hash: .github/workflows/ci.yml:98: update your workflow using https://app.stepsecurity.io/secureworkflow/adamoutler/cossh/ci.yml/main?enable=pin","Warn: GitHub-owned GitHubAction not pinned by hash: .github/workflows/ci.yml:100: update your workflow using https://app.stepsecurity.io/secureworkflow/adamoutler/cossh/ci.yml/main?enable=pin","Warn: third-party GitHubAction not pinned by hash: .github/workflows/ci.yml:105: update your workflow using https://app.stepsecurity.io/secureworkflow/adamoutler/cossh/ci.yml/main?enable=pin","Warn: GitHub-owned GitHubAction not pinned by hash: .github/workflows/ci.yml:114: update your workflow using https://app.stepsecurity.io/secureworkflow/adamoutler/cossh/ci.yml/main?enable=pin","Warn: GitHub-owned GitHubAction not pinned by hash: .github/workflows/codeql.yml:26: update your workflow using https://app.stepsecurity.io/secureworkflow/adamoutler/cossh/codeql.yml/main?enable=pin","Warn: GitHub-owned GitHubAction not pinned by hash: .github/workflows/codeql.yml:30: update your workflow using https://app.stepsecurity.io/secureworkflow/adamoutler/cossh/codeql.yml/main?enable=pin","Warn: GitHub-owned GitHubAction not pinned by hash: .github/workflows/codeql.yml:36: update your workflow using https://app.stepsecurity.io/secureworkflow/adamoutler/cossh/codeql.yml/main?enable=pin","Warn: GitHub-owned GitHubAction not pinned by hash: .github/workflows/codeql.yml:48: update your workflow using https://app.stepsecurity.io/secureworkflow/adamoutler/cossh/codeql.yml/main?enable=pin","Warn: GitHub-owned GitHubAction not pinned by hash: .github/workflows/scorecard.yml:23: update your workflow using https://app.stepsecurity.io/secureworkflow/adamoutler/cossh/scorecard.yml/main?enable=pin","Warn: third-party GitHubAction not pinned by hash: .github/workflows/scorecard.yml:28: update your workflow using https://app.stepsecurity.io/secureworkflow/adamoutler/cossh/scorecard.yml/main?enable=pin","Warn: GitHub-owned GitHubAction not pinned by hash: .github/workflows/scorecard.yml:35: update your workflow using https://app.stepsecurity.io/secureworkflow/adamoutler/cossh/scorecard.yml/main?enable=pin","Warn: GitHub-owned GitHubAction not pinned by hash: .github/workflows/scorecard.yml:42: update your workflow using https://app.stepsecurity.io/secureworkflow/adamoutler/cossh/scorecard.yml/main?enable=pin","Warn: pipCommand not pinned by hash: .github/workflows/ci.yml:74","Info:   0 out of  24 GitHub-owned GitHubAction dependencies pinned","Info:   0 out of   7 third-party GitHubAction dependencies pinned","Info:   0 out of   1 pipCommand dependencies pinned"],"score":0,"reason":"dependency not pinned by hash detected -- score normalized to 0","name":"Pinned-Dependencies","documentation":{"url":"https://github.com/ossf/scorecard/blob/ea7e27ed41b76ab879c862fa0ca4cc9c61764ee4/docs/checks.md#pinned-dependencies","short":"Determines if the project has declared and pinned the dependencies of its build process."}},{"details":["Info: SAST configuration detected: CodeQL","Info: all commits (7) are checked with a SAST tool"],"score":10,"reason":"SAST tool is run on all commits","name":"SAST","documentation":{"url":"https://github.com/ossf/scorecard/blob/ea7e27ed41b76ab879c862fa0ca4cc9c61764ee4/docs/checks.md#sast","short":"Determines if the project uses static code analysis."}},{"details":["Warn: no security policy file detected","Warn: no security file to analyze","Warn: no security file to analyze","Warn: no security file to analyze"],"score":0,"reason":"security policy file not detected","name":"Security-Policy","documentation":{"url":"https://github.com/ossf/scorecard/blob/ea7e27ed41b76ab879c862fa0ca4cc9c61764ee4/docs/checks.md#security-policy","short":"Determines if the project has published a security policy."}},{"details":null,"score":-1,"reason":"no releases found","name":"Signed-Releases","documentation":{"url":"https://github.com/ossf/scorecard/blob/ea7e27ed41b76ab879c862fa0ca4cc9c61764ee4/docs/checks.md#signed-releases","short":"Determines if the project cryptographically signs release artifacts."}},{"details":["Info: jobLevel 'actions' permission set to 'read': .github/workflows/codeql.yml:14","Info: jobLevel 'contents' permission set to 'read': .github/workflows/codeql.yml:15","Info: jobLevel 'contents' permission set to 'read': .github/workflows/scorecard.yml:18","Info: jobLevel 'actions' permission set to 'read': .github/workflows/scorecard.yml:19","Warn: topLevel 'contents' permission set to 'write': .github/workflows/ci.yml:10","Warn: topLevel 'security-events' permission set to 'write': .github/workflows/ci.yml:11","Warn: no topLevel permission defined: .github/workflows/codeql.yml:1","Info: topLevel permissions set to 'read-all': .github/workflows/scorecard.yml:9","Info: no jobLevel write permissions found"],"score":0,"reason":"detected GitHub workflow tokens with excessive permissions","name":"Token-Permissions","documentation":{"url":"https://github.com/ossf/scorecard/blob/ea7e27ed41b76ab879c862fa0ca4cc9c61764ee4/docs/checks.md#token-permissions","short":"Determines if the project's workflows follow the principle of least privilege."}},{"details":null,"score":10,"reason":"0 existing vulnerabilities detected","name":"Vulnerabilities","documentation":{"url":"https://github.com/ossf/scorecard/blob/ea7e27ed41b76ab879c862fa0ca4cc9c61764ee4/docs/checks.md#vulnerabilities","short":"Determines if the project has open, known unfixed vulnerabilities."}}],"metadata":null}
Scorecard analysis	Run analysis	2026-05-11T21:18:23.1391261Z Using payload from: results.json
Scorecard analysis	Run analysis	2026-05-11T21:18:23.1391517Z Generating ephemeral keys...
Scorecard analysis	Run analysis	2026-05-11T21:18:23.3449771Z Retrieving signed certificate...
Scorecard analysis	Run analysis	2026-05-11T21:18:23.9732359Z Successfully verified SCT...
Scorecard analysis	Run analysis	2026-05-11T21:18:23.9732773Z 
Scorecard analysis	Run analysis	2026-05-11T21:18:23.9734335Z 	The sigstore service, hosted by sigstore a Series of LF Projects, LLC, is provided pursuant to the Hosted Project Tools Terms of Use, available at https://lfprojects.org/policies/hosted-project-tools-terms-of-use/.
Scorecard analysis	Run analysis	2026-05-11T21:18:23.9736638Z 	Note that if your submission includes personal data associated with this signed artifact, it will be part of an immutable record.
Scorecard analysis	Run analysis	2026-05-11T21:18:23.9737714Z 	This may include the email address associated with the account with which you authenticate your contractual Agreement.
Scorecard analysis	Run analysis	2026-05-11T21:18:23.9739019Z 	This information will be used for signing this artifact and will be stored in public transparency logs and cannot be removed later, and is subject to the Immutable Record notice at https://lfprojects.org/policies/hosted-project-tools-immutable-records/.
Scorecard analysis	Run analysis	2026-05-11T21:18:23.9740068Z 
Scorecard analysis	Run analysis	2026-05-11T21:18:23.9740670Z By typing 'y', you attest that (1) you are not submitting the personal data of any other person; and (2) you understand and agree to the statement and the Agreement terms at the URLs listed above.
Scorecard analysis	Run analysis	2026-05-11T21:18:23.9741433Z using ephemeral certificate:
Scorecard analysis	Run analysis	2026-05-11T21:18:23.9741755Z -----BEGIN CERTIFICATE-----
Scorecard analysis	Run analysis	2026-05-11T21:18:23.9742108Z MIIGvTCCBkOgAwIBAgIUWgCAbgmP+1/VU1zefhng4hlmJK4wCgYIKoZIzj0EAwMw
Scorecard analysis	Run analysis	2026-05-11T21:18:23.9742630Z NzEVMBMGA1UEChMMc2lnc3RvcmUuZGV2MR4wHAYDVQQDExVzaWdzdG9yZS1pbnRl
Scorecard analysis	Run analysis	2026-05-11T21:18:23.9743202Z cm1lZGlhdGUwHhcNMjYwNTExMjExODIzWhcNMjYwNTExMjEyODIzWjAAMFkwEwYH
Scorecard analysis	Run analysis	2026-05-11T21:18:23.9743668Z KoZIzj0CAQYIKoZIzj0DAQcDQgAEiagnn0dXPghkKjODDJnrar8zq2LjqRjqzzkv
Scorecard analysis	Run analysis	2026-05-11T21:18:23.9744341Z v2fsr9QeIzw5KcxGtO+u783EeaTOoI33Cqi9VPlbnWRYAgkbFqOCBWIwggVeMA4G
Scorecard analysis	Run analysis	2026-05-11T21:18:23.9744885Z A1UdDwEB/wQEAwIHgDATBgNVHSUEDDAKBggrBgEFBQcDAzAdBgNVHQ4EFgQU/uBa
Scorecard analysis	Run analysis	2026-05-11T21:18:23.9745397Z ONn/FGvD4Zl1L4UoHkZp12EwHwYDVR0jBBgwFoAU39Ppz1YkEZb5qNjpKFWixi4Y
Scorecard analysis	Run analysis	2026-05-11T21:18:23.9745871Z ZD8wYQYDVR0RAQH/BFcwVYZTaHR0cHM6Ly9naXRodWIuY29tL2FkYW1vdXRsZXIv
Scorecard analysis	Run analysis	2026-05-11T21:18:23.9746388Z Y29zc2gvLmdpdGh1Yi93b3JrZmxvd3Mvc2NvcmVjYXJkLnltbEByZWZzL2hlYWRz
Scorecard analysis	Run analysis	2026-05-11T21:18:23.9746845Z L21haW4wOQYKKwYBBAGDvzABAQQraHR0cHM6Ly90b2tlbi5hY3Rpb25zLmdpdGh1
Scorecard analysis	Run analysis	2026-05-11T21:18:23.9747370Z YnVzZXJjb250ZW50LmNvbTASBgorBgEEAYO/MAECBARwdXNoMDYGCisGAQQBg78w
Scorecard analysis	Run analysis	2026-05-11T21:18:23.9747928Z AQMEKDM5OTY3NWJkZThhMDMxMjlmZDJmNzhiMWQ1MTA0YjQ5NmRmOGViZTgwLQYK
Scorecard analysis	Run analysis	2026-05-11T21:18:23.9748811Z KwYBBAGDvzABBAQfU2NvcmVjYXJkIHN1cHBseS1jaGFpbiBzZWN1cml0eTAeBgor
Scorecard analysis	Run analysis	2026-05-11T21:18:23.9749271Z BgEEAYO/MAEFBBBhZGFtb3V0bGVyL2Nvc3NoMB0GCisGAQQBg78wAQYED3JlZnMv
Scorecard analysis	Run analysis	2026-05-11T21:18:23.9749812Z aGVhZHMvbWFpbjA7BgorBgEEAYO/MAEIBC0MK2h0dHBzOi8vdG9rZW4uYWN0aW9u
Scorecard analysis	Run analysis	2026-05-11T21:18:23.9750345Z cy5naXRodWJ1c2VyY29udGVudC5jb20wYwYKKwYBBAGDvzABCQRVDFNodHRwczov
Scorecard analysis	Run analysis	2026-05-11T21:18:23.9750803Z L2dpdGh1Yi5jb20vYWRhbW91dGxlci9jb3NzaC8uZ2l0aHViL3dvcmtmbG93cy9z
Scorecard analysis	Run analysis	2026-05-11T21:18:23.9751356Z Y29yZWNhcmQueW1sQHJlZnMvaGVhZHMvbWFpbjA4BgorBgEEAYO/MAEKBCoMKDM5
Scorecard analysis	Run analysis	2026-05-11T21:18:23.9751901Z OTY3NWJkZThhMDMxMjlmZDJmNzhiMWQ1MTA0YjQ5NmRmOGViZTgwHQYKKwYBBAGD
Scorecard analysis	Run analysis	2026-05-11T21:18:23.9752363Z vzABCwQPDA1naXRodWItaG9zdGVkMDMGCisGAQQBg78wAQwEJQwjaHR0cHM6Ly9n
Scorecard analysis	Run analysis	2026-05-11T21:18:23.9752920Z aXRodWIuY29tL2FkYW1vdXRsZXIvY29zc2gwOAYKKwYBBAGDvzABDQQqDCgzOTk2
Scorecard analysis	Run analysis	2026-05-11T21:18:23.9753443Z NzViZGU4YTAzMTI5ZmQyZjc4YjFkNTEwNGI0OTZkZjhlYmU4MB8GCisGAQQBg78w
Scorecard analysis	Run analysis	2026-05-11T21:18:23.9753986Z AQ4EEQwPcmVmcy9oZWFkcy9tYWluMBoGCisGAQQBg78wAQ8EDAwKMTE5OTcwNTIx
Scorecard analysis	Run analysis	2026-05-11T21:18:23.9754603Z ODAtBgorBgEEAYO/MAEQBB8MHWh0dHBzOi8vZ2l0aHViLmNvbS9hZGFtb3V0bGVy
Scorecard analysis	Run analysis	2026-05-11T21:18:23.9755129Z MBYGCisGAQQBg78wAREECAwGNTI3OTE5MGMGCisGAQQBg78wARIEVQxTaHR0cHM6
Scorecard analysis	Run analysis	2026-05-11T21:18:23.9755583Z Ly9naXRodWIuY29tL2FkYW1vdXRsZXIvY29zc2gvLmdpdGh1Yi93b3JrZmxvd3Mv
Scorecard analysis	Run analysis	2026-05-11T21:18:23.9756135Z c2NvcmVjYXJkLnltbEByZWZzL2hlYWRzL21haW4wOAYKKwYBBAGDvzABEwQqDCgz
Scorecard analysis	Run analysis	2026-05-11T21:18:23.9756678Z OTk2NzViZGU4YTAzMTI5ZmQyZjc4YjFkNTEwNGI0OTZkZjhlYmU4MBQGCisGAQQB
Scorecard analysis	Run analysis	2026-05-11T21:18:23.9757128Z g78wARQEBgwEcHVzaDBXBgorBgEEAYO/MAEVBEkMR2h0dHBzOi8vZ2l0aHViLmNv
Scorecard analysis	Run analysis	2026-05-11T21:18:23.9757821Z bS9hZGFtb3V0bGVyL2Nvc3NoL2FjdGlvbnMvcnVucy8yNTY5Nzg5MzYyOS9hdHRl
Scorecard analysis	Run analysis	2026-05-11T21:18:23.9758373Z bXB0cy8xMBYGCisGAQQBg78wARYECAwGcHVibGljMIGKBgorBgEEAdZ5AgQCBHwE
Scorecard analysis	Run analysis	2026-05-11T21:18:23.9758813Z egB4AHYA3T0wasbHETJjGR4cmWc3AqJKXrjePK3/h4pygC8p7o4AAAGeGOfHKwAA
Scorecard analysis	Run analysis	2026-05-11T21:18:23.9759360Z BAMARzBFAiAKBDoOfu8mRJoIwnNVs3925VCaghVARtJtSTVMw60h8AIhANLWvTKG
Scorecard analysis	Run analysis	2026-05-11T21:18:23.9759880Z qO3tw42IXPLGz7CKivYfTzJUhLHJYg7R9MXuMAoGCCqGSM49BAMDA2gAMGUCMGYp
Scorecard analysis	Run analysis	2026-05-11T21:18:23.9760334Z goC/e44m1XXK+W6F5LJ38/NNs1FNDYBEqgbWnb2OYup1NoTB0EXoEipyvKFtcQIx
Scorecard analysis	Run analysis	2026-05-11T21:18:23.9760857Z AP+jZ6GQXRe4O4pNKT7wHeP9y+1w7kuDLCw2nD7wdHtXiMmLJyE4qgYym8fYvI64
Scorecard analysis	Run analysis	2026-05-11T21:18:23.9761175Z tQ==
Scorecard analysis	Run analysis	2026-05-11T21:18:23.9761338Z -----END CERTIFICATE-----
Scorecard analysis	Run analysis	2026-05-11T21:18:23.9761556Z 
Scorecard analysis	Run analysis	2026-05-11T21:18:24.4562396Z tlog entry created with index: 1511706144
Scorecard analysis	Run analysis	2026-05-11T21:18:24.4563092Z using ephemeral certificate:
Scorecard analysis	Run analysis	2026-05-11T21:18:24.4563567Z -----BEGIN CERTIFICATE-----
Scorecard analysis	Run analysis	2026-05-11T21:18:24.4564365Z MIIGvTCCBkOgAwIBAgIUWgCAbgmP+1/VU1zefhng4hlmJK4wCgYIKoZIzj0EAwMw
Scorecard analysis	Run analysis	2026-05-11T21:18:24.4565392Z NzEVMBMGA1UEChMMc2lnc3RvcmUuZGV2MR4wHAYDVQQDExVzaWdzdG9yZS1pbnRl
Scorecard analysis	Run analysis	2026-05-11T21:18:24.4566600Z cm1lZGlhdGUwHhcNMjYwNTExMjExODIzWhcNMjYwNTExMjEyODIzWjAAMFkwEwYH
Scorecard analysis	Run analysis	2026-05-11T21:18:24.4567500Z KoZIzj0CAQYIKoZIzj0DAQcDQgAEiagnn0dXPghkKjODDJnrar8zq2LjqRjqzzkv
Scorecard analysis	Run analysis	2026-05-11T21:18:24.4568333Z v2fsr9QeIzw5KcxGtO+u783EeaTOoI33Cqi9VPlbnWRYAgkbFqOCBWIwggVeMA4G
Scorecard analysis	Run analysis	2026-05-11T21:18:24.4569028Z A1UdDwEB/wQEAwIHgDATBgNVHSUEDDAKBggrBgEFBQcDAzAdBgNVHQ4EFgQU/uBa
Scorecard analysis	Run analysis	2026-05-11T21:18:24.4569706Z ONn/FGvD4Zl1L4UoHkZp12EwHwYDVR0jBBgwFoAU39Ppz1YkEZb5qNjpKFWixi4Y
Scorecard analysis	Run analysis	2026-05-11T21:18:24.4570323Z ZD8wYQYDVR0RAQH/BFcwVYZTaHR0cHM6Ly9naXRodWIuY29tL2FkYW1vdXRsZXIv
Scorecard analysis	Run analysis	2026-05-11T21:18:24.4570952Z Y29zc2gvLmdpdGh1Yi93b3JrZmxvd3Mvc2NvcmVjYXJkLnltbEByZWZzL2hlYWRz
Scorecard analysis	Run analysis	2026-05-11T21:18:24.4571657Z L21haW4wOQYKKwYBBAGDvzABAQQraHR0cHM6Ly90b2tlbi5hY3Rpb25zLmdpdGh1
Scorecard analysis	Run analysis	2026-05-11T21:18:24.4572484Z YnVzZXJjb250ZW50LmNvbTASBgorBgEEAYO/MAECBARwdXNoMDYGCisGAQQBg78w
Scorecard analysis	Run analysis	2026-05-11T21:18:24.4573120Z AQMEKDM5OTY3NWJkZThhMDMxMjlmZDJmNzhiMWQ1MTA0YjQ5NmRmOGViZTgwLQYK
Scorecard analysis	Run analysis	2026-05-11T21:18:24.4573782Z KwYBBAGDvzABBAQfU2NvcmVjYXJkIHN1cHBseS1jaGFpbiBzZWN1cml0eTAeBgor
Scorecard analysis	Run analysis	2026-05-11T21:18:24.4574655Z BgEEAYO/MAEFBBBhZGFtb3V0bGVyL2Nvc3NoMB0GCisGAQQBg78wAQYED3JlZnMv
Scorecard analysis	Run analysis	2026-05-11T21:18:24.4575316Z aGVhZHMvbWFpbjA7BgorBgEEAYO/MAEIBC0MK2h0dHBzOi8vdG9rZW4uYWN0aW9u
Scorecard analysis	Run analysis	2026-05-11T21:18:24.4575949Z cy5naXRodWJ1c2VyY29udGVudC5jb20wYwYKKwYBBAGDvzABCQRVDFNodHRwczov
Scorecard analysis	Run analysis	2026-05-11T21:18:24.4576865Z L2dpdGh1Yi5jb20vYWRhbW91dGxlci9jb3NzaC8uZ2l0aHViL3dvcmtmbG93cy9z
Scorecard analysis	Run analysis	2026-05-11T21:18:24.4577493Z Y29yZWNhcmQueW1sQHJlZnMvaGVhZHMvbWFpbjA4BgorBgEEAYO/MAEKBCoMKDM5
Scorecard analysis	Run analysis	2026-05-11T21:18:24.4578058Z OTY3NWJkZThhMDMxMjlmZDJmNzhiMWQ1MTA0YjQ5NmRmOGViZTgwHQYKKwYBBAGD
Scorecard analysis	Run analysis	2026-05-11T21:18:24.4578736Z vzABCwQPDA1naXRodWItaG9zdGVkMDMGCisGAQQBg78wAQwEJQwjaHR0cHM6Ly9n
Scorecard analysis	Run analysis	2026-05-11T21:18:24.4579380Z aXRodWIuY29tL2FkYW1vdXRsZXIvY29zc2gwOAYKKwYBBAGDvzABDQQqDCgzOTk2
Scorecard analysis	Run analysis	2026-05-11T21:18:24.4580026Z NzViZGU4YTAzMTI5ZmQyZjc4YjFkNTEwNGI0OTZkZjhlYmU4MB8GCisGAQQBg78w
Scorecard analysis	Run analysis	2026-05-11T21:18:24.4580636Z AQ4EEQwPcmVmcy9oZWFkcy9tYWluMBoGCisGAQQBg78wAQ8EDAwKMTE5OTcwNTIx
Scorecard analysis	Run analysis	2026-05-11T21:18:24.4581212Z ODAtBgorBgEEAYO/MAEQBB8MHWh0dHBzOi8vZ2l0aHViLmNvbS9hZGFtb3V0bGVy
Scorecard analysis	Run analysis	2026-05-11T21:18:24.4581885Z MBYGCisGAQQBg78wAREECAwGNTI3OTE5MGMGCisGAQQBg78wARIEVQxTaHR0cHM6
Scorecard analysis	Run analysis	2026-05-11T21:18:24.4582542Z Ly9naXRodWIuY29tL2FkYW1vdXRsZXIvY29zc2gvLmdpdGh1Yi93b3JrZmxvd3Mv
Scorecard analysis	Run analysis	2026-05-11T21:18:24.4583186Z c2NvcmVjYXJkLnltbEByZWZzL2hlYWRzL21haW4wOAYKKwYBBAGDvzABEwQqDCgz
Scorecard analysis	Run analysis	2026-05-11T21:18:24.4583742Z OTk2NzViZGU4YTAzMTI5ZmQyZjc4YjFkNTEwNGI0OTZkZjhlYmU4MBQGCisGAQQB
Scorecard analysis	Run analysis	2026-05-11T21:18:24.4584527Z g78wARQEBgwEcHVzaDBXBgorBgEEAYO/MAEVBEkMR2h0dHBzOi8vZ2l0aHViLmNv
Scorecard analysis	Run analysis	2026-05-11T21:18:24.4585143Z bS9hZGFtb3V0bGVyL2Nvc3NoL2FjdGlvbnMvcnVucy8yNTY5Nzg5MzYyOS9hdHRl
Scorecard analysis	Run analysis	2026-05-11T21:18:24.4585685Z bXB0cy8xMBYGCisGAQQBg78wARYECAwGcHVibGljMIGKBgorBgEEAdZ5AgQCBHwE
Scorecard analysis	Run analysis	2026-05-11T21:18:24.4586306Z egB4AHYA3T0wasbHETJjGR4cmWc3AqJKXrjePK3/h4pygC8p7o4AAAGeGOfHKwAA
Scorecard analysis	Run analysis	2026-05-11T21:18:24.4586921Z BAMARzBFAiAKBDoOfu8mRJoIwnNVs3925VCaghVARtJtSTVMw60h8AIhANLWvTKG
Scorecard analysis	Run analysis	2026-05-11T21:18:24.4587685Z qO3tw42IXPLGz7CKivYfTzJUhLHJYg7R9MXuMAoGCCqGSM49BAMDA2gAMGUCMGYp
Scorecard analysis	Run analysis	2026-05-11T21:18:24.4588284Z goC/e44m1XXK+W6F5LJ38/NNs1FNDYBEqgbWnb2OYup1NoTB0EXoEipyvKFtcQIx
Scorecard analysis	Run analysis	2026-05-11T21:18:24.4588829Z AP+jZ6GQXRe4O4pNKT7wHeP9y+1w7kuDLCw2nD7wdHtXiMmLJyE4qgYym8fYvI64
Scorecard analysis	Run analysis	2026-05-11T21:18:24.4589321Z tQ==
Scorecard analysis	Run analysis	2026-05-11T21:18:24.4589508Z -----END CERTIFICATE-----
Scorecard analysis	Run analysis	2026-05-11T21:18:24.4589669Z 
Scorecard analysis	Run analysis	2026-05-11T21:18:24.4589901Z Wrote bundle to file /tmp/bundle2555876989
Scorecard analysis	Run analysis	2026-05-11T21:18:24.4590539Z MEUCIQCh1F0Li3pz0L8OWAmZ6mh0ULj4euFbREX0bpWiC1zeBwIgBschDpF6VArDxbzrSNyR5YGH0/Le/PTAy52dSXWpvrE=
Scorecard analysis	Upload artifact	﻿2026-05-11T21:18:25.6137714Z ##[group]Run actions/upload-artifact@v4
Scorecard analysis	Upload artifact	2026-05-11T21:18:25.6137983Z with:
Scorecard analysis	Upload artifact	2026-05-11T21:18:25.6138155Z   name: SARIF file
Scorecard analysis	Upload artifact	2026-05-11T21:18:25.6138328Z   path: results.sarif
Scorecard analysis	Upload artifact	2026-05-11T21:18:25.6138516Z   retention-days: 5
Scorecard analysis	Upload artifact	2026-05-11T21:18:25.6138691Z   if-no-files-found: warn
Scorecard analysis	Upload artifact	2026-05-11T21:18:25.6138902Z   compression-level: 6
Scorecard analysis	Upload artifact	2026-05-11T21:18:25.6139084Z   overwrite: false
Scorecard analysis	Upload artifact	2026-05-11T21:18:25.6139269Z   include-hidden-files: false
Scorecard analysis	Upload artifact	2026-05-11T21:18:25.6139478Z ##[endgroup]
Scorecard analysis	Upload artifact	2026-05-11T21:18:25.8298104Z With the provided path, there will be 1 file uploaded
Scorecard analysis	Upload artifact	2026-05-11T21:18:25.8302681Z Artifact name is valid!
Scorecard analysis	Upload artifact	2026-05-11T21:18:25.8304762Z Root directory input is valid!
Scorecard analysis	Upload artifact	2026-05-11T21:18:26.0902332Z Beginning upload of artifact content to blob storage
Scorecard analysis	Upload artifact	2026-05-11T21:18:26.4219838Z Uploaded bytes 18856
Scorecard analysis	Upload artifact	2026-05-11T21:18:26.5173777Z Finished uploading artifact content to blob storage!
Scorecard analysis	Upload artifact	2026-05-11T21:18:26.5176430Z SHA256 digest of uploaded artifact zip is cafa17c31d55a7b7cf4dd33a99a8b845b3a66898123029e0b10da857d8480e43
Scorecard analysis	Upload artifact	2026-05-11T21:18:26.5177967Z Finalizing artifact upload
Scorecard analysis	Upload artifact	2026-05-11T21:18:26.7027779Z Artifact SARIF file.zip successfully finalized. Artifact ID 6930118553
Scorecard analysis	Upload artifact	2026-05-11T21:18:26.7029001Z Artifact SARIF file has been successfully uploaded! Final size is 18856 bytes. Artifact ID is 6930118553
Scorecard analysis	Upload artifact	2026-05-11T21:18:26.7039912Z Artifact download URL: https://github.com/adamoutler/cossh/actions/runs/25697893629/artifacts/6930118553
Scorecard analysis	Upload to code-scanning	﻿2026-05-11T21:18:26.7184956Z ##[group]Run github/codeql-action/upload-sarif@v3
Scorecard analysis	Upload to code-scanning	2026-05-11T21:18:26.7185296Z with:
Scorecard analysis	Upload to code-scanning	2026-05-11T21:18:26.7185472Z   sarif_file: results.sarif
Scorecard analysis	Upload to code-scanning	2026-05-11T21:18:26.7185729Z   checkout_path: /home/runner/work/cossh/cossh
Scorecard analysis	Upload to code-scanning	2026-05-11T21:18:26.7186174Z   token: ***
Scorecard analysis	Upload to code-scanning	2026-05-11T21:18:26.7186350Z   matrix: null
Scorecard analysis	Upload to code-scanning	2026-05-11T21:18:26.7186533Z   wait-for-processing: true
Scorecard analysis	Upload to code-scanning	2026-05-11T21:18:26.7186750Z ##[endgroup]
Scorecard analysis	Upload to code-scanning	2026-05-11T21:18:26.8757667Z ##[warning]CodeQL Action v3 will be deprecated in December 2026. Please update all occurrences of the CodeQL Action in your workflow files to v4. For more information, see https://github.blog/changelog/2025-10-28-upcoming-deprecation-of-codeql-action-v3/
Scorecard analysis	Upload to code-scanning	2026-05-11T21:18:27.6564436Z Post-processing sarif files: ["results.sarif"]
Scorecard analysis	Upload to code-scanning	2026-05-11T21:18:27.6577207Z Validating results.sarif
Scorecard analysis	Upload to code-scanning	2026-05-11T21:18:27.7088073Z Warning: 'no file associated with this alert' is not a valid URI in 'instance.runs[0].results[0].locations[0].physicalLocation.artifactLocation.uri'.
Scorecard analysis	Upload to code-scanning	2026-05-11T21:18:27.7089851Z Warning: 'no file associated with this alert' is not a valid URI in 'instance.runs[1].results[1].locations[0].physicalLocation.artifactLocation.uri'.
Scorecard analysis	Upload to code-scanning	2026-05-11T21:18:27.7091251Z Warning: 'no file associated with this alert' is not a valid URI in 'instance.runs[2].results[0].locations[0].physicalLocation.artifactLocation.uri'.
Scorecard analysis	Upload to code-scanning	2026-05-11T21:18:27.7092107Z Warning: 'no file associated with this alert' is not a valid URI in 'instance.runs[2].results[1].locations[0].physicalLocation.artifactLocation.uri'.
Scorecard analysis	Upload to code-scanning	2026-05-11T21:18:27.7092965Z Warning: 'no file associated with this alert' is not a valid URI in 'instance.runs[2].results[2].locations[0].physicalLocation.artifactLocation.uri'.
Scorecard analysis	Upload to code-scanning	2026-05-11T21:18:27.7093800Z Warning: 'no file associated with this alert' is not a valid URI in 'instance.runs[2].results[3].locations[0].physicalLocation.artifactLocation.uri'.
Scorecard analysis	Upload to code-scanning	2026-05-11T21:18:27.7095350Z Warning: 'no file associated with this alert' is not a valid URI in 'instance.runs[2].results[4].locations[0].physicalLocation.artifactLocation.uri'.
Scorecard analysis	Upload to code-scanning	2026-05-11T21:18:27.7097590Z Adding fingerprints to SARIF file. See https://docs.github.com/en/code-security/reference/code-scanning/sarif-support-for-code-scanning#data-for-preventing-duplicated-alerts for more information.
Scorecard analysis	Upload to code-scanning	2026-05-11T21:18:27.7695242Z ##[group]Uploading code scanning results
Scorecard analysis	Upload to code-scanning	2026-05-11T21:18:27.7808993Z Uploading results
Scorecard analysis	Upload to code-scanning	2026-05-11T21:18:28.1458417Z Successfully uploaded results
Scorecard analysis	Upload to code-scanning	2026-05-11T21:18:28.1459219Z ##[endgroup]
Scorecard analysis	Upload to code-scanning	2026-05-11T21:18:28.1463949Z ##[group]Waiting for processing to finish
Scorecard analysis	Upload to code-scanning	2026-05-11T21:18:28.5156882Z Analysis upload status is complete.
Scorecard analysis	Upload to code-scanning	2026-05-11T21:18:28.5157917Z ##[endgroup]
Scorecard analysis	Post Upload to code-scanning	﻿2026-05-11T21:18:28.7078670Z Post job cleanup.
Scorecard analysis	Post Upload to code-scanning	2026-05-11T21:18:28.9060271Z ##[group]Uploading combined SARIF debug artifact
Scorecard analysis	Post Upload to code-scanning	2026-05-11T21:18:28.9061667Z ##[endgroup]
Scorecard analysis	Post Checkout code	﻿2026-05-11T21:18:28.9168767Z Post job cleanup.
Scorecard analysis	Post Checkout code	2026-05-11T21:18:29.0120347Z [command]/usr/bin/git version
Scorecard analysis	Post Checkout code	2026-05-11T21:18:29.0155031Z git version 2.53.0
Scorecard analysis	Post Checkout code	2026-05-11T21:18:29.0197936Z Temporarily overriding HOME='/home/runner/work/_temp/4bedb73b-af67-478c-a5af-e74fd9b766da' before making global git config changes
Scorecard analysis	Post Checkout code	2026-05-11T21:18:29.0199236Z Adding repository directory to the temporary git global config as a safe directory
Scorecard analysis	Post Checkout code	2026-05-11T21:18:29.0213032Z [command]/usr/bin/git config --global --add safe.directory /home/runner/work/cossh/cossh
Scorecard analysis	Post Checkout code	2026-05-11T21:18:29.0248287Z [command]/usr/bin/git config --local --name-only --get-regexp core\.sshCommand
Scorecard analysis	Post Checkout code	2026-05-11T21:18:29.0281786Z [command]/usr/bin/git submodule foreach --recursive sh -c "git config --local --name-only --get-regexp 'core\.sshCommand' && git config --local --unset-all 'core.sshCommand' || :"
Scorecard analysis	Post Checkout code	2026-05-11T21:18:29.0470950Z [command]/usr/bin/git config --local --name-only --get-regexp http\.https\:\/\/github\.com\/\.extraheader
Scorecard analysis	Post Checkout code	2026-05-11T21:18:29.0501871Z [command]/usr/bin/git submodule foreach --recursive sh -c "git config --local --name-only --get-regexp 'http\.https\:\/\/github\.com\/\.extraheader' && git config --local --unset-all 'http.https://github.com/.extraheader' || :"
Scorecard analysis	Post Checkout code	2026-05-11T21:18:29.0688863Z [command]/usr/bin/git config --local --name-only --get-regexp ^includeIf\.gitdir:
Scorecard analysis	Post Checkout code	2026-05-11T21:18:29.0719160Z [command]/usr/bin/git submodule foreach --recursive git config --local --show-origin --name-only --get-regexp remote.origin.url
Scorecard analysis	Complete job	﻿2026-05-11T21:18:29.1012958Z Cleaning up orphan processes
Scorecard analysis	Complete job	2026-05-11T21:18:29.1259926Z ##[warning]Node.js 20 actions are deprecated. The following actions are running on Node.js 20 and may not work as expected: actions/checkout@v4, actions/upload-artifact@v4, github/codeql-action/upload-sarif@v3. Actions will be forced to run with Node.js 24 by default starting June 2nd, 2026. Node.js 20 will be removed from the runner on September 16th, 2026. Please check if updated versions of these actions are available that support Node.js 24. To opt into Node.js 24 now, set the FORCE_JAVASCRIPT_ACTIONS_TO_NODE24=true environment variable on the runner or in your workflow file. Once Node.js 24 becomes the default, you can temporarily opt out by setting ACTIONS_ALLOW_USE_UNSECURE_NODE_VERSION=true. For more information see: https://github.blog/changelog/2025-09-19-deprecation-of-node-20-on-github-actions-runners/
